URL,文本,iD,Title,introduction,following,follower,recommendation_like,products,disclosure
https://www.douyin.com/user/MS4wLjABAAAAKdFcnDy1IXMtf_2B0diBTx3aaWFZUR5adN-z2mrg-S7BlU8Ipen78Dza7tFtHDZs,环球科技,抖音号： dy827687,,"科技改变生活，每天分享全球最酷科技和好物！
商务合作V：AD9213275（备注来意）
品牌推广V：AD9213275（备注项目）
商务V：zuozuo999in",33,82.5w,1211.4w,353,
https://www.douyin.com/user/MS4wLjABAAAA5rCZqEQoGpg8OoTCuWFDX5zA-mwijFln3sSY6MCSkVU,环球奇观,抖音号： hqqg007,,"●探索宇宙奥秘
●环游全球奇观
●网罗奇闻异事
●揭秘未解之谜 合作～私",29,4.2w,84.3w,103,
https://www.douyin.com/user/MS4wLjABAAAAFztlQfrwOKF0F5WXE-4G0t5gpjO-tsaTwsV62ml5Aog,环球人物,抖音号： 994690257,《环球人物》杂志社官方账号,"更多环球人物完整人物专访视频就在
VB：V直通
VX：V直通",20,329.7w,5549.8w,2331,
https://www.douyin.com/user/MS4wLjABAAAAn8tvTQ0rdhV8gqjpEJ6MIi82k1p_IGu3dQZKlJE2wH8,环球时报,抖音号： HuanQiuShiBao,环球时报官方账号,今天也在努力卖报纸鸭！,35,1855.8w,2.0亿,4502,1411
https://www.douyin.com/user/MS4wLjABAAAAkcq8riMAWWZu1CFkJbCoZzQOtebwqeoiDP2ez_QD-2hbrwvDDBYpsxiLEIEgMXn8,慧民健心,抖音号： Heart.Rhythm,宁波市第一医院 心血管内科副主任医师 储慧民,"宁波第一医院 心血管内科
心脏中心副主任，心律失常诊疗中心主任
科普心血管知识
25年临床经验，尽微薄之力帮助有需要的人",1,5.4w,10.4w,106,
https://www.douyin.com/user/MS4wLjABAAAAQZnIDqaTXuoCM6YjskhIgwGAmj5EzztwfsJFYzrYw0uVJJuZdX3aXQIR_LniyrIt,慧说话,抖音号： liyunwutong,梧桐图书店官方账号,"减肥路上陪你
一起变美变瘦
每日分享瘦身小知识
每天更新优质作品",58,3516,2.5w,49,
https://www.douyin.com/user/MS4wLjABAAAA_1S2URpeASzE0oZ8IFlascjJfB4agVgA4Sp2kUF7qNqlhCWXX3NYoL5ot5mD2KeJ,汇能教育    护士资格证辅导辰辰老师,抖音号： huinengjiaoy46,,"汇能教育我专业做护资/护师/药师/健康管理师等医护类培训，欢迎医护专业有任何问题可以找辰辰。汇能教育祝你一考通关。
解答疑问先找客服18315016801",415,3273,4.8w,487,
https://www.douyin.com/user/MS4wLjABAAAAXuNPn9gRnrwUDvMPQMBtBdj1UxwyEakrtD-W5bl9RTqXcnMJGFFtlqCYEj1bSTwe,火箭军特色医学中心,抖音号： HJJTSYXZX,中国人民解放军火箭军特色医学中心官方账号,"火箭军特色医学中心系原火箭军总医院
位于北京市西城区新街口外大街16号
全军肝胆胃肠病专科中心
全军肛肠病专病中心
全军核辐射损伤医学监测与防治研究中心
全军脑卒中医疗救治研究中心
全军心理卫生指导中心",55,133.1w,255.3w,309,
https://www.douyin.com/user/MS4wLjABAAAA9vHekbMyYwi1Ck-n8ZoOvAQFtzuxrTiKvlXyfs_6FeI,火龙果,抖音号： w8258258825,,,159,161,601,105,
https://www.douyin.com/user/MS4wLjABAAAATLzxVemoc9VGsYOH3Ay35C9GmD1PqkDAVekRsBRMHVY,火山,抖音号： 6559864,,,186,43,80,7,
https://www.douyin.com/user/MS4wLjABAAAAXiehCI2WcbEQj4OgJ2K8qPXtwJ7VWVpX_r34IiifwZc,己经融化的大肥肉,抖音号： 724651864,,本人通过科学的减肥方法，己经越来越健康！！,9911,4697,1.2w,291,
https://www.douyin.com/user/MS4wLjABAAAAGPpOyaa12wuatGXBCKdpnAKOAwMrtQDhcqhZsjBSXFg,脊尽所能沈博士,抖音号： CGH_shenkai67,重庆市人民医院脊柱外科副主任医师 沈凯,"副主任医师，主诊医师，副教授，硕士生导师。
美国 Twin Cities Spine Center 和Atlantic Spine Center 访问学者。
一名把工作当爱好的脊柱外科医生！
擅长于腰椎间盘突出症、颈椎间盘突出症，脊柱畸形、脊柱骨折、脊柱肿瘤的治疗，致力于脊柱微创治疗方式（椎间盘镜、显微镜、椎间孔镜、微创融合等）的研究及开展！
“脊”尽所能，无“微”不至，希望能帮助到您！
感谢您的关注！让我们一同呵护脊柱健康！",1203,1.5w,2.1w,159,
https://www.douyin.com/user/MS4wLjABAAAA-S98xdZUi0dU8iJ-HsSzyDpWkBx71M65FhRySdYyyWu5mTI1xsstoj94ufKJYSyT,脊柱骨科郑帅医生,抖音号： Zhengshuai_Alan,南方医科大学南方医院脊柱骨科副主任医师 郑帅,"全国百佳医院，南方医科大学南方医院脊柱骨科副主任医师 ，医学博士，硕士研究生导师。
广东省医师协会、康复医学会、健康管理学会、医药卫生学会脊柱外科分会委员会
专注脊柱外科的微创治疗，擅长微创治疗颈椎病、腰椎间盘突出症、骨质疏松症等多种疾病。
 每周一、周三上午8点在惠侨楼出名医门诊，每周二上午8点、周三下午1点出普通门诊。
分享专业的医学知识（仅供参考），尽微簿之力，帮助需要的人。
主动私信您的都是骗子，请勿相信！",8,60.5w,125.1w,164,68
https://www.douyin.com/user/MS4wLjABAAAAnLmckAscLeWdeSZeFyajLlhiitwCmFRnNu9AUthnJsuDdOJlFv0eaCdLg_y-ESpz,脊柱医生李维新,抖音号： liweixindr,唐都医院神经外科副主任医师 李维新,"公立三甲医院脊柱专业组组长
外科学博士、教授、硕士生导师
擅长脊柱疾病微创手术
AOSpine国际讲师
中国研究型医院协会神经脊柱专业委员会常务委员
陕西保健学会脊柱脊髓专业委员会主任委员
美国华盛顿大学港景医学中心神经外科联合培训导师
德国慕尼黑大学神经外科访问学者",180,21.0w,63.6w,332,
https://www.douyin.com/user/MS4wLjABAAAANzZrJLAsmBAkth18LbOA6Z60mL26gnQhHHshqJ2sZaU,甲状腺专家任可,抖音号： DR.ren.ke.,北京中医药大学东方医院中医内科主任医师 任可,"任可教授医学科普
北京市中医药学会专业委员会委员
北京市中西医结合学会专业委员会委员
中国老年学会医药保健康复委员会委员
毕业于北京中医药大学、临床工作四十年
对于内分泌疾病、甲状腺相关疾病具有丰富的临床工作经验",5,30.5w,108.8w,434,
https://www.douyin.com/user/MS4wLjABAAAACQCRMmkuRsBrNbfBxSKTdEpm3GWcfJsvAfuJ0AI1FZs,贾小强教授,抖音号： JXQjiaoshou,中国中医科学院西苑医院肛肠科主任医师,"中国便秘联谊会副会长
第三批全国优秀中医临床人才
中国中医科学院博士生导师、教授
世界中医联合会肛肠分会副会长
中国医师协会中西医结合分会肛肠主任委员
第二届全国白求恩式好医生提名奖获得者
北京市名中医在身边工程专家团队负责人
擅长治疗：便秘、结直肠肿瘤、重度痔、复杂性肛瘘、肛周脓肿、直肠脱垂、肛周湿疹等。",5888,56.0w,283.3w,426,
https://www.douyin.com/user/MS4wLjABAAAA2pk8paJZldxrkzLFFpPRgMBX1ZiZZSAxB9gSwIzxwWqq_piKFYxGvZ2edCkwCZa6,贾学文医师,抖音号： joint_jia,宁波市第一医院运动医学科副主任医师 贾学文,运动医学，膝关节、肩关节的关节镜微创手术,213,1677,6301,259,
https://www.douyin.com/user/MS4wLjABAAAAidgzCTqNokx0F-AIUP4LUTwDWw-48PNGnMIlDPJUqE8,价值成长,抖音号： 666165521,,"每日分享健康快乐生活方式
 快乐养生，照顾好自己的健康和情绪，这场人生你就赢了一大半
商务： c2357360102",65,1.1w,8.3w,1613,
https://www.douyin.com/user/MS4wLjABAAAAJqsyFSON28XzeudCcHvxSsOSFkaO-Nrcz5rruJtvDYhVfTcXlQy75nNRB-lqgHc-,,,,,,,,,
https://www.douyin.com/user/MS4wLjABAAAAG4YRU892MfvB5DZgkbPecbvoQLpViBdoJJBmL-2K3Pc,减肥达人翡翠,抖音号： fc222,,在家健身，带你轻松减肥。,470,12.7w,1.4w,740,
https://www.douyin.com/user/MS4wLjABAAAA6uYU5peB0h2biJcAiyTzP74nwke4bI2E_ifAUd0Y5iom5f_1pDPfyzPyXnKR-xcr,减脂分享,抖音号： 62259894833,,"每日分享健康减脂小知识
帮你快速突破平台期
加入我，带你一起SHOU起来",6,2029,1613,32,
https://www.douyin.com/user/MS4wLjABAAAA1_xg7AMghk61mLiaYMy5_U8gtD43Gd1Pis0sqwZ9vjo,减重代谢、疝外科医生  李英,抖音号： Surgeon.Li,郑州市中心医院胃肠疝代谢外科副主任医师 李英,郑州市中心医院（大型三甲医院）胃肠疝和腹壁外科代谢外科病区副主任医师擅长：1.微创减孔手术治疗肥胖症及糖尿病；             2.腹股沟疝、切口疝、儿童疝等疝的微创手术。第三届“疝耀大中华”腔镜疝修补河南省第一名。,2417,1.9w,13.5w,101,
https://www.douyin.com/user/MS4wLjABAAAAuf037iEuIUkCP4ibOCqqZErRbvduQdoWHFEP_OWTir0,减重代谢焦伊森,抖音号： 1540696747,常州市第二人民医院普外科主治医师 焦宇文,常州市第二人民医院减重代谢外科中心,2,1.4w,2.7w,63,
https://www.douyin.com/user/MS4wLjABAAAA4DNLulO6SQlIwEV5TiDaXGBEVKow8n6lUCQmCdyA1LUPpaIxdUROTOmsgfN7ctuf,减重代谢温较瘦,抖音号： 41093664043,河南省人民医院胃肠外科主治医师 温东朋,,42,3.5w,30.1w,162,
https://www.douyin.com/user/MS4wLjABAAAAkfzvLf064cj39aeJn65LKF4GQwKG4r68ME92vi3m-HU,减重代谢吴仓辉,抖音号： wucanghui,,感谢抖音平台。感谢所有对邢台九院吴仓辉减重团队的信任、认可、支持！如想更加详细了解减重代谢手术，可同时关注抖音孟化医学在线，减重代谢喜哥！,74,2.5w,11.1w,393,
https://www.douyin.com/user/MS4wLjABAAAASq5dFvgquuKK8u6GeeR7L7TsnwaC0izD_v4f2IOn_os,,,,,,,,,
https://www.douyin.com/user/MS4wLjABAAAAv-uPF8b2CarHN5RJzYTC-A67Y8ZW28qZJ5F-rIoRFLY,减重医生杨景哥,抖音号： waike_yangjingge,暨南大学附属第一医院胃肠外科主任医师 杨景哥,"医学博士，硕士研究生导师
中国医师协会外科医师分会肥胖与糖尿病外科医师委员会常务委员兼秘书长
国际肥胖与代谢病外科联盟（IFSO）会员
哈佛大学访问学者
广东省杰出青年医学人才
广州市实力中青年医学专家",26,31.0w,39.4w,301,
https://www.douyin.com/user/MS4wLjABAAAAyk4wGC26aYiSuBCSAbnlfFKzQhlISLidbDzfjk82zZY,健康大问诊,抖音号： ahtvdwz,安徽卫视《健康大问诊》官方抖音号,"解决养生困惑、普及科学知识
帮助大家通过系统学习，掌握正确的健康养护和预防疾病的能力",74,63.1w,72.5w,502,299
https://www.douyin.com/user/MS4wLjABAAAAcKjNE8wf1v99G8C0zYQjEj4Ggw9BS2yfCUCCAp5jVb18faZHwLJ4ALBOWKqyTvVU,健康加油吧,抖音号： spspsp6254,,感谢关注我和给我点赞的老铁们，愿我的视频能对你有所帮助！你们的支持是我前行的动力。,395,1.5w,1751,45,
https://www.douyin.com/user/MS4wLjABAAAAozA_TNg9261MwNz1sVDQRszjxPOsu0J4JSpJwrl1jRg,健康家园,抖音号： jktx123,河南广播电视公共频道《健康家园》栏目官方账号,,27,92.5w,379.5w,254,84
https://www.douyin.com/user/MS4wLjABAAAAX9fo4KzVd-vnx4on49Dm1TjKWA7xceO0_Jqf2zFcpvA,健身科普君,抖音号： 70667056syk,,"你好我是健身科普君
吃的穿的用的在这里
做一位有营养正能量的健身博主
每天学一个健身小知识
不要连续点赞谢谢大家
：syk393790278（备注来意）",139,13.2w,147.4w,1835,
https://www.douyin.com/user/MS4wLjABAAAAsj8Y5zQJOhHKK1srVQPioSreeWX_BgvptVgJzE3BSlE,健身刘教练,抖音号： 890506016,优质健身领域创作者,"国家健身教练职业资格高级
从业健身行业13年
赛普健身学院推广达人
培训补剂商务
1810378️️️️",349,112.5w,715.7w,1206,
https://www.douyin.com/user/MS4wLjABAAAA6pHhHzn10U-Xm1TDhZ_uUx5Z9i6EEEpxBYIpBLuRrW4,教育报道,抖音号： 999395444,太原教育电视台官方抖音,"我们立足教育、面向社会！
关注我，一起用另一个视角看社会！
欢迎投稿：tyetv_mail@163.com
欢迎私信投稿",455,157.3w,6398.4w,3760,
https://www.douyin.com/user/MS4wLjABAAAA0SQQbVxyzRzqhwFrp0wpfKGJagMcYbJjwZi44mXyWXr4Q4qusxp4RAl8QdAZEBDh,杰先生,抖音号： jiexiansheng93,,"生活不息，运动不止，
灵魂与身体总有个在路上",246,29,147,45,
https://www.douyin.com/user/MS4wLjABAAAAF5u3_WUlBkynwaXLxljnVqISCzra_d3qElDQSCG-4YWybzcrt2EO5kUfR11daEGZ,姐要减肥,抖音号： dy6e580bp108,,人间宝藏,19,25,85,69,65
https://www.douyin.com/user/MS4wLjABAAAAmtmJY73Hy88psIlNUZ863KL_f9QcarALZVM4p98qpDYYU3DTdMoq_ZQjGXhLwaGh,,,,,,,,,
https://www.douyin.com/user/MS4wLjABAAAAsFuuMNT7zMg7LELVDIUuJOxIzVSsa1_SN6x15olLHoY,一口就解压（零食铺）,抖音号： jieyalingshipu,义乌遂网供应链管理有限公司,线下15年糖巧生意，刚来线上做电商直播间都是大福利，德芙、费列罗送不停,70,31.6w,27.4w,208,
https://www.douyin.com/user/MS4wLjABAAAAtdN4VQQjHMJJJTuugrGenEQRRPA1lOTYp48uc8Ml21Kb_2zj55dT8uImWICN0pno,介入超声陈吉东医生,抖音号： Dr.chenjidong,四川省人民医院超声科副主任医师 陈吉东,"从事甲状腺，乳腺介入诊疗工作20余年，欢迎大家主页下方加入我的粉丝群一起交流互动
主要擅长甲状腺结节，乳腺结节，子宫肌瘤等常见疾病的介入诊疗与消融治疗
中国研究型医院学会肿瘤介入分会委员
四川省医学会超声分会委员
公开发表学术论文20余篇，以第一作者身份发表SCI论著2篇；任副主编出版专著一部，参译专著一部。",4053,24.1w,110.6w,197,
https://www.douyin.com/user/MS4wLjABAAAA-PinFapSaym1X-5F6akfwG1JNzBuRHS1IZRsOabaPgg,介入科余海彬,抖音号： Dr.yuhaibin,郑州大学第二附属医院介入科副主任医师 余海彬,郑州大学第二附属医院介入科,33,14.1w,64.1w,156,
https://www.douyin.com/user/MS4wLjABAAAAR44Jq9eIXT_EmUoI1sKOL9KD4JI2H4VK6tCQKblWixk,经视养生会,抖音号： 1312050106,浙江电视台经济生活频道《经视养生会》,"浙江电视台《经视养生会》
集结知名三甲医院专家
分享最科学实用的健康知识",12,11.5w,75.3w,963,21
https://www.douyin.com/user/MS4wLjABAAAAFarcXizVAiaXEjit0ufIhsgn9lX8Hpnk4ND8HKPyDVGsKKGt3uLAgikxJVsnNYYW,荆门减重上官主任,抖音号： shangguan2100,荆门市第二人民医院普外科主任医师 上官昌盛,"国际肥胖与代谢病外科联盟会员（IFSO）；
荆门市二医院减重中心／东院普外科主任;
荆门市医学会／荆门市营养学会常务理事；
2009年师从国际著名减重王存川教授团队;
擅长减重手术治疗2型糖尿病及肥胖症引起的鼾症、多囊卵巢综合征、不孕症、骨关节病变、脂肪肝、高脂血症、高血压、高尿酸血症及内分泌紊乱等代谢性疾病。
重要声明：本人仅此一个抖音号。",181,3.7w,15.0w,223,
https://www.douyin.com/user/MS4wLjABAAAAUUfuPVyXDc3jyv8mRV5u0yosSNMUaPs2HW8pT3kUkEs,景扬的减脂课堂,抖音号： 30240148229,,"健身教练/运动营养师
分享有用的健身与营养知识
目标帮助更多的人拥有健康完美身材",21,1841,1.2w,57,
https://www.douyin.com/user/MS4wLjABAAAAYVEdPi1swPrQj90RSRuVqSoKiCW-M0EUqK33WQbUO0LZB5elDP7-AHbu1ycIfyPe,颈脊救急江晓兵,抖音号： ProfessorJiang,广州中医药大学第一附属医院骨科主任医师 江晓兵,医治有缘人，教助有缘医，研究中西医脊柱适宜诊疗。谢谢关注。,96,8.0w,45.2w,399,25
https://www.douyin.com/user/MS4wLjABAAAAAhOKzeXtzofi5nYSai9nJ6QkLpGDTjLY2IIB2ULJMIc,敬成糖友说,抖音号： 31118174069,,"已帮助近千名糖友健康生活～
绿色控糖，我选敬成！",32,416,1108,118,
https://www.douyin.com/user/MS4wLjABAAAAyR4fsuSIsHwS3C9QXRBshQc0Z3Kl-4ynwh5fepIHf5o,战糖小助手,抖音号： 111555999qq,,,72,13,31,16,
https://www.douyin.com/user/MS4wLjABAAAAYT5BBRP6s3NqpZhUrjDRJshENUhVJRUtIUenLegzZa8NEEm1t-tT7G4Qt4Zbzjz2,敬明健康团队,抖音号： 84328335885,,"敬明健康团队VX: 15122026408

旨在打造国内最优秀、最专业、最靠谱的医学科普平台",6,5279,8349,18,
https://www.douyin.com/user/MS4wLjABAAAAj8qdipWYJUZpZG4wUYK7sBvwakekpugta7wHjVl1EjQ,君君酱,抖音号： 325176967,,,213,118,481,138,
https://www.douyin.com/user/MS4wLjABAAAAg7oPLajwZhMV2n3RJKAXx3dZoJxU61i82O6M5VUzBvI,君妹儿（孕中期）,抖音号： dykgk03d9kh8,,"92年孕妇一枚（孕晚期）
预产期22年1.27的宝宝
在辽宁沈阳
欢迎大家关注交流",32,12,250,38,
https://www.douyin.com/user/MS4wLjABAAAAPWeRcSvLPAwNkf2j6R-gWO5GAt27sl7GWLBXNflamc_x4KMU8m4jrJhkhVS3AuIH,俊杰公考小课堂,抖音号： junjiegongka,,"《得分机器》正在热卖中！
公考行测的提分神器！
国考省考、事业单位，全国通用！",37,5.8w,25.6w,650,
https://www.douyin.com/user/MS4wLjABAAAABJMpOI3FJzT43P5nLjiBI3e-Aupry1en1M6V32twdsD6xq5WJ9GjUZmq8KB9hwLG,开K心X（孕晚期）,抖音号： 46790392985,,"记录生活 发现美好
一枚90后孕妈妈
预产期3月5号虎宝宝",146,616,2.1w,60,
https://www.douyin.com/user/MS4wLjABAAAALID-wmoXoaBSuEFCRsM8d3O0Oxim6WbVMqTNmdQN7DggdYVo4i8gltW8nArK7AEX,开心王医生,抖音号： DoctorRobert,中国医科大学第一医院心脏外科主任医师 王春,"中国医科大学附属第一医院心脏外科
教授、主任医师，硕士生导师，医学博士
擅长心血管疾病的预防、诊断、治疗及康复
美国Texas医学中心访问学者
辽宁省医学会心血管外科学会委员
辽宁省老年服务协会心理专业委员会副主任委员
国际微创胸心外科协会（ISMICS）委员
Journal of Thoracic and Cardiovascular Surgery审稿专家",116,39.4w,157.6w,293,
https://www.douyin.com/user/MS4wLjABAAAAtTwYFV-0arT_aARYI6Xq01B-slhJYgPhAAYfCUlBV3E,戡哥医生说,抖音号： wangkanyisheng,中日友好医院  麻醉科主治医师 王戡,"北大本博连读
十年临床经验
戡哥医生
中国心胸血管麻醉学会胸科麻醉分会青年委员会委员",125,12.3w,105.6w,381,
https://www.douyin.com/user/MS4wLjABAAAAwZERFXjbxbkgUkSkUdQ96WmfU-qrFVi2AAx2650deaOXbRf47o_Oup41cYzSfZBW,,,,,,,,,
https://www.douyin.com/user/MS4wLjABAAAAypkCIbhIDSHrV-7gnoVVUccR5Q35484F3IfuzYCeYO4_Veui5riszbQM8maSW5Lh,抗白！晓东,抖音号： 2230149807,,我是一名白血病患者。 2021年2月初被确诊白血病，对我真是晴天霹雳，如今只能靠化疗来维持今后的生活，只希望我的意志可以战胜一切，希望今后可以一帆风顺，让我可以陪家人陪的久一点。                           微:18534106686,617,1327,1.6w,94,
https://www.douyin.com/user/MS4wLjABAAAA8ta7o_eoOEQQ_AugifcRj1mh0_g4Xf3p7Debn7GXOIw,抗糖大叔（二型糖尿病）,抖音号： ktds66,,"感恩遇见 | 守望相助 | 结伴同行 
-------------------------
 下午6:00点直播吃饭 分享食谱",181,39.5w,190.5w,187,
https://www.douyin.com/user/MS4wLjABAAAAK6amSkm2I30r5yf1T-ue-tf3HmJt65U0hOQf0CxjFmY,,,,,,,,,
https://www.douyin.com/user/MS4wLjABAAAADa45gYHtG3IWKbkC5Fggee4f8RI58_rBWPkLGQLSpbZxl09A-Anw5LlqlV8lQQFW,科学控糖,抖音号： kexhuekongtang5.,,"免费咨询体验降糖调理
科学控制饮食计划
坚持120天可以停针停药",23,18,104,17,
https://www.douyin.com/user/MS4wLjABAAAAn6ZTY-dnBbz_stE6pIdtreg4LJUAwYyXYZCKkG6mX94,可爱的毛毛,抖音号： mmm97777777,,那些你很冒险的梦，我陪你去疯,166,194,1.1w,641,
https://www.douyin.com/user/MS4wLjABAAAAH01D0J1alIxygyHVA7TntupTuOFnubtBFpDXBJ_tcEwxKBAl5TATIn0Yd9fsC93I,,,,,,,,,
https://www.douyin.com/user/MS4wLjABAAAAE8Eu6fhll6Qg2VZeLO2VBbSWSDdf3nYZVny4B5CO-5o,可可,抖音号： 666437ou,,,21,9.4w,574.7w,81,26534
https://www.douyin.com/user/MS4wLjABAAAATenBjV5NNRALF6DzQ-PRt4obW92cF2F-xQoI6qsHakA,可可逗,抖音号： 1158922801,,,419,111,570,50,
https://www.douyin.com/user/MS4wLjABAAAAF5YRxatWMv5tMglPcTvSyWliYURpbHeudZ6uXJdle1k,李瑛,抖音号： 1765150583,中南大学湘雅医院 呼吸内科主治医师 李瑛,"中国医师协会年度健康新媒体十强
字节跳动抗疫专家团成员
头条真知派获奖者
科普健康中国新媒体专家委员会 副组长",1466,618.6w,4094.5w,598,
https://www.douyin.com/user/MS4wLjABAAAANjZrGtVWlbByGqOPwC8o8M2ZN_BlY4zhWRADhOSjDgS89j_mlKwEa6QoiEPqfRMo,李友山教授,抖音号： xueguankeliy,北京中医药大学东直门医院周围血管科主任医师,北京中医药大学东直门医院主任医师    教授  博士生导师中国中西医结合学会周围血管病专业委员会 青年副主任委员北京中西结合学会周围血管病专业委员会常务委员主治：颈动脉斑块，动脉硬化，三高，心肌缺血，心梗，冠心病，心绞痛，脑梗，腔梗，脑供血不足，支架术后康复，糖尿病足溃疡、闭塞性动脉硬化症,35,26.6w,105.5w,436,
https://www.douyin.com/user/MS4wLjABAAAAnLJiRjUCZRdpOWzzkhHIMJ7eOulRqbZjpJKEFedvD2Q,绿陇生物诸城,抖音号： zjy17686453771,绿陇生物科技诸城分公司官方账号,"主播：绿陇厂花
直播团队：厂花及助理团队
售后无忧、品质保证、厂家直发。
山东绿陇生物科技有限公司诸城分公司，致力于活性菌微生物解决方案，解决土壤板结、空气污染、环境污染、农产品品质提升 让大地重回丰沃形态，公司主营微生物菌剂、有机肥发酵剂、大量元素水溶肥、矿源黄腐酸钾、中微量元素营养肥等。",285,62.5w,209.5w,1910,
https://www.douyin.com/user/MS4wLjABAAAAWWx4QWre7nIQG9oQ3fJmvGgMzL90h2OfWqY3Q-oWHik,绿陇王萍,抖音号： W13176361716,,山东绿陇生物科技有限公司，致力于土壤改良，作物病害预防，作物增产，主营微生物菌剂，大量元素水溶肥，中微量元素肥，矿源黄腐酸钾等,2932,5.6w,17.8w,1625,
https://www.douyin.com/user/MS4wLjABAAAAlSvacbzZ0MA8_BD-Qf3YRUJ7IdyHSgY9zj-5qsHUzc8,绿陇作物营养品牌店铺,抖音号： lvlong1986,山东绿陇作物营养有限公司,"关爱农户朋友，传播正能量的种植技术
让农户朋友少走弯路
绿陇全体人员期待帮助您解决问题，真诚合作，实现共赢！",689,15.5w,42.9w,1422,
https://www.douyin.com/user/MS4wLjABAAAAwbd-yBvcyoFN5h6IvKXoJBj2yXjdvpLBRTPLQqu-yPY,绿陇作物营养,抖音号： zx13176366993,,科学水肥管理，拥有健康土壤，共享丰收喜悦！,572,2.2w,4.7w,589,
https://www.douyin.com/user/MS4wLjABAAAA6tK8WQed0ziPnhDqci617elCLBqEpgxlilZsPFGB5OY,路飞教你瘦（带岳母减肥30斤）,抖音号： lufei4537..,,"成功减脂30斤的我
专注健康减脂，你的私人教练！
八年体重管理师经验
每天直播：15:00不见不散
周期减脂方案V打卡
：lufei4537",59,20.1w,120.7w,219,
https://www.douyin.com/user/MS4wLjABAAAAO0G8NhfcSi8lebww20iNBj8vu3xEsejL-emk5rjXw8gfNIG7Dpg_3ccShyZJKsFj,逯俭主任,抖音号： lujianzhuren,北京中医药大学东直门医院针灸科主任医师 逯俭,"中医全科专家
北京中医药大学东直门医院通州院区针灸二区主任
首创“微针强通法”
擅长治疗肾病 妇科疾病 脾胃病 皮肤病 颈肩腰腿痛 中风 面瘫 失眠 抑郁 偏头痛 便秘 风湿类风湿 结节 息肉 囊肿等",17,122.0w,296.8w,612,
https://www.douyin.com/user/MS4wLjABAAAAY-A2k0UHOveu7zNlykjLw7a5J3kyz-SDqGchhD6G0ME,露露医生伴您好孕,抖音号： dyano5ahr1d7,重庆医科大学附属第一医院产科副主任医师 陈露露,"20年妇产科临床工作经验
分享产前产后心理、健康管理知识
呵护女性健康，伴您一路好孕",16,2269,7661,67,
https://www.douyin.com/user/MS4wLjABAAAAdoqa2Po2jFv6A5MUVfEGs7marVcEVVOVvDJr5__SVZ4,露仔与旭峰的日常,抖音号： 15457471,,"快乐生活记录薄
神经旭峰和活宝露仔的真实生活
我们没有任何团队.只有这一个号
：同名（露仔与旭峰的日常）
商务：sweet8289119(备注品牌.仅星图）",125,235.7w,3845.5w,135,
https://www.douyin.com/user/MS4wLjABAAAAGkzHJtLaIMxUM8Z-IWdr2K7saf4lsREu_pUCEHeAI3rw_LM1J_Kat2zeobBzWWg-,鹭岛幸福社,抖音号： 86004665200,,未来海岸礼运大同会客厅,9,2,10,13,
https://www.douyin.com/user/MS4wLjABAAAAtabnTtPP-0_L3r62DGoNMJAO6jJmK5fFIpIlWcVddmaPEn77MJHXGqcCB6pgl3oN,泌尿科杨健医生,抖音号： Yangjianys,湖南省中医药研究院附属医院泌尿外科副主任医师 杨健,"湖南省中医药研究院附属医院泌尿外科主任
医学硕士
德国诺伊斯卢卡斯医学中心访问学者
湖南省医学会泌尿外科专业委员会青年委员，湖南省中医药和中西医结合学会泌尿外科专业委员会结石组委员等
擅长泌尿系结石的诊断与微创手术治疗，泌尿系肿瘤疾病以及男科等疾病的诊断与治疗",6,13.3w,59.6w,333,
https://www.douyin.com/user/MS4wLjABAAAAKr696jEImNg5mPgod9DeQKvIZK6nx6-8QVxGVpXiUpKWjLWdKW05et5f1BenkR2Q,泌尿科张鹏医生,抖音号： zhangpengyisheng,北京朝阳医院泌尿科主任医师 张鹏,"北京朝阳医院泌尿科主任医师
擅长诊治领域： 各类型下尿路功能障碍诊治，如前列腺类疾病、排尿困难、神经源性膀胱、抗尿失禁手术、膀胱全切或尿道改道等",171,882,3237,64,
https://www.douyin.com/user/MS4wLjABAAAACcA1a3AwLRc2U8pWsgtrASGJAR3ZNxD40UZTu_diC1yQsNTgY1-F6_uwp9JzArlU,泌尿男科鲁卫民,抖音号： luweimin2021,宿州市立医院泌尿外科主任医师 鲁卫民,"医学学士 主任医师
泌尿外科主任
曾在上海瑞金医院泌尿科进修
深耕泌尿科临床诊疗工作多年
安徽省抗癌协会泌尿生殖委员会委员
安徽省微创医学会泌尿外科分会委员
安徽省健康服务业协会泌尿男科健康分会委员
宿州医学会泌尿外科分会副主任委员",17,8.1w,126.4w,400,
https://www.douyin.com/user/MS4wLjABAAAABpjlZwHd3RxBbbHjYrqxUqn5jqXA-NQ8IuGzMs9XY3i3wesaKnh5q9_mt0KVyKNg,泌尿男科庞医生,抖音号： Doctor_PR,北京广安门医院泌尿科副主任医师,"中国中医科学院广安门医院泌尿外科主任医师
医学博士，美国Mayo Clinic，加拿大Dalhousie大学访问学者。
现任第七届国际尿失禁咨询委员会（ICI）委员
中国中西医结合学会泌尿外科专委会盆底功能障碍性疾病学组副组长
中华中医药学会男科分会委员
2017年获美国Albert Nelson Marquis lifetime award
健康问题可留言，我会为大家解答",635,36.0w,105.7w,304,
https://www.douyin.com/user/MS4wLjABAAAASqFoNX17l_KduPTmwP5_K8TlJZktZT3ARiA0dBZM_8HSBmpryeVF6avN0X0YW6c3,面面,抖音号： mianmian1213,,"感谢您的关注！
这里是爱生活爱影视的面面
头条号：傲娇大云豆

上了生活的贼船 就要做快乐的海盗呀",1,53,324,9,
https://www.douyin.com/user/MS4wLjABAAAAHGiI3ZkIXiVjbQdOIrlfvR6l9aQ8rggItZ3RW9dcc2I,面条,抖音号： dyf0dxzsfrbn,,,258,39,109,33,
https://www.douyin.com/user/MS4wLjABAAAAY1rRbrC8Q6zxyEeQrFjaMSQB168osRKREjIRjN-2bMyKH3ELvXgKTM-RXBiThRoB,喵咪颜究社,抖音号： Miaomiyanjiushe,喵咪颜究社电子商务经营部官方账号,"分享养猫干货
欢迎各位铲屎官关注交流
有关于养猫信息随时可以找我沟通",87,1858,2.1w,240,
https://www.douyin.com/user/MS4wLjABAAAAjMffkBZM65J039OFooLrtgxul393SZqPhUxtidyuLRVwNQ8iyLavmeYnRooQqazi,名老中医儿科陈梁主任,抖音号： chen20413306,深圳市儿童医院特需门诊科主任医师 陈梁,感谢关注,13,2154,8017,80,
https://www.douyin.com/user/MS4wLjABAAAA-APqrzDX_JwOMCP8bB6uYGLr8-1e1iLVtjQBIfo-k3o,名医说,抖音号： hlj120,黑龙江省健康产业协会官方账号,关注健康，关注我,220,3.6w,8.3w,384,
https://www.douyin.com/user/MS4wLjABAAAAEQiV3TP0LerxrSn4t5yL7hGsKZVOuKDtRcINsSa3OUE,名医在线网,抖音号： MYZXW,名医在线网官方账号,优质健康领域内容创作者,15,237.4w,4863,299,
https://www.douyin.com/user/MS4wLjABAAAAg27NwDI_Q7eW-6cII0Y07nxzrfU2q3DGYL9omhmK4UAfSedIDakX-Pka7BnBJWCv,明哥聊减脂,抖音号： 24202892789,,"一个野生营养师，保护每个胖胖，讲减脂常识。调整饮食习惯，就能减下来。自己不会,就按我说的做。不会私聊任何人！",17,20.1w,52.0w,6,
https://www.douyin.com/user/MS4wLjABAAAAAVCGCyt4LCqz9FmTj2hGrM7WUWTlcLliNgBQZ1jz8Qq_JbYrSGPAlwowF0DLP0Db,明哥说医,抖音号： DY_mashuge,广中医第一附属医院外科主治医师 黄展明,"肠胃甲状腺外科 | 医师 | 广州中医院大学第一附属医院 | 公立
擅长领域：中西结合治疗胃肠道良恶性肿瘤，甲状腺良恶性肿瘤，疝气等",5,567,2483,17,
https://www.douyin.com/user/MS4wLjABAAAAj3CBgamqPoj8qOeJRKel4Jb23pWqt7efawVbfBrli6U,明宫燕燕窝,抖音号： 1993966563,,我是福建品鉴食品有限公司子品牌明宫燕燕窝湖北处。匠心甄选，点滴纯粹，央视上榜品牌明宫燕燕窝。历经26年匠心深耕，披荊斩棘，砥砺前行，全心全意做大众吃得起的好燕窝。明宫燕品牌使命，以滋养为己任，让千千万万的中国人都喝得上我们的好燕窝。品牌概念，如何做让大众都吃得起的燕窝。传递健康，健康大众。每天分享更多燕窝知识。感谢抖音！感谢关注！,368,1869,9398,479,
https://www.douyin.com/user/MS4wLjABAAAABNgAO10sSEvbJ_wkwUIliNseERkkOMsc6cJf7jX_3h8,明会,抖音号： 1964339954,,菲吉乐科（外商独资）噬菌体制剂、原料（液体、粉）销售，18137336066微信同步,7023,2816,3340,122,
https://www.douyin.com/user/MS4wLjABAAAA5jrSkrxYJnKyUr20NIKCzjRStnLq5V06uSDVeORHcVq9LjyLI0Wmxo5KwUqkmbte,明墨足球,抖音号： hangeshuozuq,,"看足球，就来明墨体育！
每日知识点 粉丝裙来",849,1.8w,15.1w,226,352
https://www.douyin.com/user/MS4wLjABAAAAffQp9c9NdOahj_1A0yk0i_FxFg4lk6sfu1dgF7VfAB4,明墨足球江湖,抖音号： mingmo.22,优质足球领域创作者,我真的爱足球 你真的可以关注我～一起来“聊”球呀！                                 粉丝群,132,29.6w,470.4w,494,2721
https://www.douyin.com/user/MS4wLjABAAAAlcjLTmD3yUjOInPZ63w1Q5f3nfJXUNRV23r5JI1bUudu5C03Z7pyj561Gn4EdECF,明睿（药都南大道）,抖音号： 48544256866,,"关爱健康，呵护家庭
祝大家身体健康，谢谢关注！",23,367,683,33,
https://www.douyin.com/user/MS4wLjABAAAAfPKHn7Dbst7NY72dpgejW56m6Bt98p6yByo_MpTiC5E,木易日月秀,抖音号： 1885898504,,大学教师,266,258,897,72,
https://www.douyin.com/user/MS4wLjABAAAAblHDQVv7xTIQG1CjWW3eyPYbunlyLj6G15ry0bJrK9uU5YQKnm3trymJazeTvj6L,木愚医生,抖音号： MUYU_CARE,解放军总医院第七中心肝胆外科主任医师 于聪慧,,2145,22.0w,76.7w,147,
https://www.douyin.com/user/MS4wLjABAAAABL9pA7Lmi8TGoPQ9qtx3nQFUusYaqQwOsiM7tOgPWS0,木鱼医生,抖音号： 1780881410,福建中医药大学附属人民医院风湿科主任医师,"主任医师，研究生导师
用一个木鱼，敲醒你的健康意识",44,230.1w,1178.7w,1055,1895
https://www.douyin.com/user/MS4wLjABAAAApyJfHqbw_9jqktxX4RuE5W2FJJeko5O6N3CRHtBoJEI,胖妞已掉三十斤,抖音号： 132100465,,"一位曾经160斤的全职宝妈宝妈
通过饮食和健身，现在130斤
每天分享饮食和健身
希望对您有所帮助
V 18704565829",232,1282,5498,469,
https://www.douyin.com/user/MS4wLjABAAAAwlLRhqK525U-GuvEou1xaxj0WvexFOoj8MCEJ2Mmp6s,Ayeqing,抖音号： peng57320,,做自己想做的事，不在乎是非，我就是我。,830,75,260,34,
https://www.douyin.com/user/MS4wLjABAAAAHbe9b1mHZtJ5AY4bmh8lXLP8-9LDXKY-r_4ONef1MB0,,,,,,,,,
https://www.douyin.com/user/MS4wLjABAAAAcz8q4Y9n0IiZT8iTpHdGMjBqHO3soBiEzys7Wj1JGvEcG4CWIE2mDrFh3PpE8VYA,皮肤科 吕雪莲医生,抖音号： beauty_LV,北京安贞医院皮肤科主任医师 吕雪莲,"擅长:面部内容相关的皮肤问题和皮肤病诊治:痘痘，敏感肌肤，玫瑰痤疮，雀斑，老年斑，抗氧化，抗衰老。

中华预防医学会皮肤防控专委会秘书长。
中华预防医学会健康科普专家委员会委员。
中华预防医学会皮肤病科普教育学组副组长
声明：科普是个人兴趣，一切言论与任职单位无关。",52,7899,3.5w,165,
https://www.douyin.com/user/MS4wLjABAAAAmoIgQt8F-9otysSsGAb76M-vhErN9A6P4gfl1g0SpuMZcLpYoM2HiuUliJ1Fkrxt,皮肤科博士后韩宪伟,抖音号： Dr.HanXianwei,沈阳市第七人民医院皮肤科主任医师 韩宪伟,"皮肤科国家级重点专科医院沈阳市第七人民医院皮肤科主任医师 沈阳市高层次人才
皮肤科中西医结合博士后，皮肤科博士，硕士研究生导师，门诊时间:周三、周五全天
中国民族医药学会皮肤科分会副秘书长
中国中西医结合学会皮肤科青委会副主委
辽宁省科技进步三等奖1项、沈阳市自然科学学术成果奖1项、获得国家实用专利5项
发表国家级核心期刊论文20余篇
擅长中西医结合治疗痤疮，银屑病，荨麻疹，湿疹，过敏性皮炎，白癜风，黄褐斑等",29,51.6w,246.4w,274,
https://www.douyin.com/user/MS4wLjABAAAASs0Com8W1XAXMUiYE62AJRaQuAnchf_zJ_vHZkt_SopX3UoHSdY8JySKS1qrlBSx,,,,,,,,,
https://www.douyin.com/user/MS4wLjABAAAAOGgcOhc4WmyM_u82l7cyNTyIOhO06-FiyaFps-_Uykk,皮肤科陈姐姐,抖音号： chenqiuyun168,福建省南平市人民医院皮肤科主治医师 陈秋云,"知名三甲医院皮肤科主治医师
白癜风专家
中西医结合治疗皮肤性病科常见/疑难/多发病
分享简单实用的健康知识，帮助更多的人",24,8562,7.4w,187,
https://www.douyin.com/user/MS4wLjABAAAAUYKxHqcOXX8rvYyR7_0zIbyIB8YGyBVSGDbcvBA4FDP3-8LHrEM-HhOsYToHTlIj,皮肤性病科高主任,抖音号： 94153275790,北京友谊医院皮肤性病科副主任医师 高广程,"首都医科大学附属北京友谊医院皮肤性病科副主任医师，30多年皮肤性病科工作经验；
擅长治疗：女性宫颈高危HPV感染、宫颈病变及癌前病变、尖锐湿疣等相关疾病
感谢你的关注！",98,28.0w,125.6w,522,
https://www.douyin.com/user/MS4wLjABAAAAn4fmRHzmJSqUAW_63jrDwM-0TuZiOpduLAIHW0q0nZxw4biCs6LEUgiUVsyOPr6Y,皮肤朱大夫,抖音号： mkb842,郑州人民医院中西医结合科主治医师 朱彦生,擅长运用中西医结合的方法，对银屑病、脱发、白癜风、顽固性荨麻疹、带状疱疹、皮炎、湿疹、痤疮、手足癣，面部色素斑、掌跖疣、等疾病的诊治有丰富的临床经验，专注皮肤病领域，每天分享一则健康小知识,42,8.2w,31.6w,360,
https://www.douyin.com/user/MS4wLjABAAAAyHU4vlSqt7_XbeIUr6A46RiAQxdALU0u9gdjfQUFhz8,皮裤剪辑,抖音号： Piku1234,,"ོ喜欢剪辑
ཽ热爱剪辑
ོ如有侵权，请告知，立马删除
谢谢抖音
有喜欢的影视，麻烦点个爱心，点个关注，谢谢",11,1.1w,2.7w,69,
https://www.douyin.com/user/MS4wLjABAAAAFV5pygSApn1ySCWLomYoF9HnmxfDDBEdg5aOCzfKnc4,齐鲁医院刘照旭医生,抖音号： LZXYS666,山东大学齐鲁医院泌尿外科主任医师 刘照旭,"博士/研究生导师
瑞典卡罗琳斯卡山东大学医学院双博士学位
中华男科学杂志/泌尿外科杂志电子版编委
中华医学会男科分会全国委员
山东大学男科研究所所长
山东省研究性医院协会男科分会主任委员
擅长：男科疾病、性功能障碍、性传播疾病、泌尿系疾病微创治疗",1773,6.8w,32.0w,193,
https://www.douyin.com/user/MS4wLjABAAAAYxTp9mpyU7cXdx5bcTj26PRmYGf72g3OGfFIeWn_qX91-dI2UsA25iCmiSd6jq4a,启熹隆在线,抖音号： kisslong_online,,曾经以为自己从小爱看书，其实不过是以前没有手机而已,22,13,7,1,
https://www.douyin.com/user/MS4wLjABAAAAaWGsglY_UeNJO6OR1J8hgzNasiTWiq8sS3oFmjcZ_9k,启优母婴,抖音号： 779790073,青岛途程商贸有限公司,"感谢你这么好看还关注我，每天分享孕期知识，育儿常识，产后护理，呵护宝宝健康成长!
平价好物在橱窗，每天更新，都是工厂直销好穿又不贵的
直播时间:每天上午10点",345,2860,1.0w,234,
https://www.douyin.com/user/MS4wLjABAAAA6t7PkV5tM5Uk6CoI-c1roYT4opzrxVM3YTBQhxEaTX4,起重机德马科起重机,抖音号： DMK15037305555,,品质靠匠心，客户是恩人，倾力一赴做好服务就是感恩客户。,4833,7739,4.0w,920,
https://www.douyin.com/user/MS4wLjABAAAAqnNiQCPzAW9kZGMhafDO4dNSE_gg_Id1wkwEj_wkGAnSUcm6lsDR3hyyDMCg2nv1,钱文燕,抖音号： qianwenyanys,中日友好医院皮肤科主任医师 钱文燕,钱文燕教授，1962年毕业于北京中医学院，师承中医泰斗、全国著名皮外科专家赵炳南，深受其真传。尤其擅长治各种急性热性红斑性皮肤病，是著名的中西医结合皮肤病专家。,32,443.7w,1040.2w,264,137
https://www.douyin.com/user/MS4wLjABAAAAowb0wjMx3I1qchGOeNXnzuFZ-qU7iW49O1lYvaNdHjhc4kmSXF8ZRGpVf9A85TcV,,,,,,,,,
https://www.douyin.com/user/MS4wLjABAAAAoXaSIo_m5lOmQPnqhYsxdJPFt8R1xs1PiivuXB25CRM,琴姐育儿经,抖音号： 28268864380,,"感谢官方平台！
每天分享孕期知识，希望对你有所帮助
感谢大家的支持",5,7.9w,124.6w,121,
https://www.douyin.com/user/MS4wLjABAAAAgfURKvdzihXbuKVP5Zu9eSeJpBrfPMrGTRSM5cPr7Ts,禽类联盟,抖音号： 815538691,,每天分享家禽行业资讯，家禽报价，以及养殖饲养管理经营和养殖技术！,909,724,1953,231,
https://www.douyin.com/user/MS4wLjABAAAApgNk9YfYDU3aAUSYBLBltNGHz0Ob48CADf9YjRVA358,任不才,抖音号： AA4732913,,工作5年多，见到太多因“无知”而导致严重的后果，同时也有许多值得学习的榜样，拍摄一些日常工作当中遇到的常见错误做法和教训，帮助大家更好地了解相关知识，所有内容均为下班或休息时间拍摄，由于自己知识水平和能力经验有限，少谈方法和经验，多谈一些教训，有不足地方，希望大家批评指正。,658,1065,4869,47,
https://www.douyin.com/user/MS4wLjABAAAAr2pCS40RxwLn1Vlpkw_VzfOsujVBWqNyGevZJyaGfqI,认真读书的小鸡,抖音号： aijingdianw,,"每天学习一点小知识
让优秀成为习惯，坚持",40,76,1458,98,
https://www.douyin.com/user/MS4wLjABAAAA2d87FYz6g0cunaPxXnem85t5h68I41fPB9aRPHnhIxlExfHpMEZ9x7f8cJlRtw8K,森富包装机,抖音号： Packing_Machines,佛山市森富智能包装设备有限公司,"实力源头工厂，专注自动包装机研发制造12年
可为大中小企业及个人定制自动包装解决方案
产品线有给袋式包装机,称重包装机,粉末包装机,液体酱料馅料包装机,枕式包装机等
适用于食品,日化用品,五金塑料,兽药中药,建筑材料等行业",483,2.5w,11.4w,514,
https://www.douyin.com/user/MS4wLjABAAAAfb9SPQpbrIbQtHcaZ4QMEV_IZQou7useHU_EXEmceWA,森森科学护肤,抖音号： langsenjun,,"生化理工男，分享科学的护肤心得，评论都会回
初中烂脸，护肤至今，全部视频素颜+苹果原相机
如果你听不懂，那是我的问题，抱歉，我会尽量直白",1,4.6w,39.5w,24,7
https://www.douyin.com/user/MS4wLjABAAAAmz-DRaOogdTj3vnzBgOKwIqU5apYEGjONVK9mAGbyhk,沙拉拉刘（可可妈）,抖音号： 1886177599,,曾经也是江湖儿女英雄无奈生活所迫     生娃后开始精打细算 努力赚钱让我姑娘潇洒人生v：shalala655,62,9048,17.6w,39,
https://www.douyin.com/user/MS4wLjABAAAAj6dAG-DUmQtvyiG0MthghKdtRAWT_D8h5OrKwF1jVpE,山东鲁强生物科技有限公司,抖音号： wanglehua1319,山东鲁强生物科技有限公司,"养殖限抗时代看噬菌体，针对性杀灭沙门氏菌，大肠杆菌，对有益菌无伤害。
鲁强生物，助力无抗养殖。",3074,643,1808,76,
https://www.douyin.com/user/MS4wLjABAAAALvhMwdWCe02peEytl5yVrIBfIVv4NZ3Q_-aZbl4UlpMwbGVgTatTaunZJRkhVpJy,山东绿陇植保,抖音号： V13176361966,山东绿陇环境工程有限公司,"专注土壤改良，病害诊断！
每天晚上8:00直播
改良土壤，调节土壤环境；帮助更多农友增产，分享更多农业技巧",1859,15.5w,35.4w,1432,4952
https://www.douyin.com/user/MS4wLjABAAAAgaDqgRwvlyj1wqawsLi4VCskv-d-L4rj6ozTiQ3WsQA,,,,,,,,,
https://www.douyin.com/user/MS4wLjABAAAARlVCSsuMUqLdIUA52aJhYxr9op_sBiCHUSMpTxE5dDB4Lqu7r-seSNEFit7dKz5E,煽木,抖音号： cjp135639,,"专注做胰岛果系列产品（创业项目）
解决糖高、压高、脂高（药食同源）",21,4588,6.5w,66,
https://www.douyin.com/user/MS4wLjABAAAAyWBqS2Zhd-B4LdNddcabVJzj7C6WRvisI7kRrsyqxLDQGXoMD_1H6T-i39OeH8Oi,禅一说医,抖音号： chanyi5200,河南中医药大学三附院针灸推拿科主治医师 王单一,"医学硕士，从事中医十六年
河南中医药大学教师
擅长运动养生
分享有用的中医和运动养生知识
直播时间：每天下午四点",109,124.1w,610.1w,305,
https://www.douyin.com/user/MS4wLjABAAAAHlF29WWT-vux88doOrNuFtJIUXWTuj_DlMvwYURZFME,商报豫健康,抖音号： hnsbjk,河南商报健康栏目官方账号,,40,284.4w,5760.6w,5598,
https://www.douyin.com/user/MS4wLjABAAAA9JLp73n0p-YnnJGDE57vTCoGssfvWWxslGdZl8oKQ2JyK7VL2Es_o3p99egzJP4T,上海市长宁区妇幼保健院,抖音号： cnfydy,上海市长宁区妇幼保健院官方抖音号,用爱传播，用心呵护，只为特殊的你,136,3776,5823,109,
https://www.douyin.com/user/MS4wLjABAAAAPE19JvGstHtXUutKu9-7oR9jd0dQVrYEJ6saD4v7LPk-738d7cHbLgSLHWe0oo_b,上海市护理学会,抖音号： shshlxh,上海市护理学会,发布上海市护理学会健康科普、重大事件及活动资讯。,10,7.1w,7.1w,515,
https://www.douyin.com/user/MS4wLjABAAAA7YOEa3qzpE8I5l6tzUbt1RlaPiQZYw5pnOEWFPX6iLSb5HqOvKaGVc_6HSxE4vBB,上海市同济医院,抖音号： Tj_Hospital,上海市同济医院官方抖音号,同舟济世，博医精诚,11,786,1407,135,
https://www.douyin.com/user/MS4wLjABAAAAITq1K9kZa47hHVFs7lRRwc0wwX0u_4S0O650tljI_M0,上海曙光 孙明瑜教授,抖音号： shanghaishug,,"教授，博导，博士后合作导师
为黄元御第七代传人，师承于第六代传人孙洽熙。又先后拜国yi大师刘嘉湘、熊继柏和朱南孙教授，上海市名yi陈湘君教授为师，精研岐黄。中华中医药学会中药调理与合理用药分会 副主任委员；中国民族医药协会传承与合理用药工作委员会 副会长兼秘书长；世界中医药联合会 肿瘤肝病精准治疗分会 常务理事；USA和欧盟肝病学会会员。",265,9950,1.7w,56,
https://www.douyin.com/user/MS4wLjABAAAA8clYJTv8JXa3IZOv82fqquvwBWOkLp-Wsvzh7JorzJ0Qs_0jbgMzhev2hOWtahPY,上海早晨直播间,抖音号： Shanghaizaochen,上海广播电视台《上海早晨》栏目官方抖音账号,"上了主播台，绝对专业。下了主播台，有笑有泪。
说人话，才是好新闻。
——————————————
保温杯组合：邢航|张译心|路灿洋|刘晔|刘逸轩",369,97.2w,2473.7w,412,
https://www.douyin.com/user/MS4wLjABAAAARKBbmB3OJvpo_Yx_SXNjJAoUHf04hlLRz2DoffaMNrKux0q17Qx5oaBTEuDrTLwo,上海张权,抖音号： 69947883297,,"工作之余和大家唠唠嗑，工作总结归纳记录！
“尽我最大的努力和最好的判断力去实现我的誓言”",13,281,821,102,
https://www.douyin.com/user/MS4wLjABAAAAGG5XO9TEdFEpizQye4oxfNli76SN2AQiOxYhMFcZDtDrz1dRgAvoMhfHzUveJ983,上饶市立医院,抖音号： srslyy,上饶市立医院官方抖音号,诚信、仁爱、敬业、创新。,15,909,2030,31,
https://www.douyin.com/user/MS4wLjABAAAAufSvE5GgzA7T-kSgnHUr-UpvDilI596NrsntdRzwd1YHCYcpM4r11U96_oxOQGua,尚,抖音号： runninger,,,5,24,76,18,
https://www.douyin.com/user/MS4wLjABAAAAYSVRZYOhDmewGiNCxfrbGN6VPUZ1MUC4y7WqKXpsp8k,尚书TALKING,抖音号： SSTALKING,沈阳市第五人民医院内镜诊疗中心科室主任 尚书,沈阳市第五人民医院内镜诊疗中心主任 《我是演说家》全国六强 《夕阳红》主持人,11,53.4w,207.3w,454,23
https://www.douyin.com/user/MS4wLjABAAAAau0ZwINgBOBhiQkH2-b9NnKtRU3xTpDRAfPBWMunVHk,尚医健康,抖音号： 1240638091,尚一堂官方账号, 每天分享一个健康知识，感谢关注分享,29,152.4w,45.4w,6005,85
https://www.douyin.com/user/MS4wLjABAAAAgksz5MsTuNl6q1jLc1wGsZPalAHNmwtdR_tcWl4vsjk,少之月日用品,抖音号： V18662620111,,"公共营养师
谢谢关注点赞
管理好JK，才能管理好自己的人生
利用碎片时间，分享JK
每天下午3：30直播",425,1.4w,4.5w,59,
https://www.douyin.com/user/MS4wLjABAAAA2L9PnGxTwQD69wDMkc7bIH_hH1y3-A5vY7GwRzdSv3w,邵逸夫医院,抖音号： srrsh199405,浙江大学医学院附属邵逸夫医院官方抖音号,给您真诚、信心和爱,7,4.4w,5.5w,64,29
https://www.douyin.com/user/MS4wLjABAAAAO7rg5AGecG2FgiuK1vRZ4nMRtF_iwAQP9qkjUnapg30yj6OuKut4E0jbBgJSh2zk,邵主任,抖音号： shaoyishen,邯郸市第一人民医院心内科主任医师 邵丽莉,"【邯郸市第一医院东区心内科】
主任医师 医学硕士，国家二级营养师
中国医师协会心力衰竭委员会青委会委员
中国康复医学会心血管预防与康复委员会委员
中国心脏联盟心血管疾病预防与康复专委会邯郸联盟副主任委员
中国生物医学工程学会体外反搏分会委员
河北医学会心血管分会康复学组委员
河北省康复医学会心血管分会委员
中华医学会基层医生慢病管理培训讲师",38,9.1w,23.0w,378,
https://www.douyin.com/user/MS4wLjABAAAATqp9SABYgY6OSp0NY2Ki2nfXs9itgkF0t_UU3Jyb54aPseWf3dygqXe7bm4XHCi-,深圳市丰响科技有限公司,抖音号： 72147767961,深圳市丰响科技有限公司,家居用品,35,14,5,3,
https://www.douyin.com/user/MS4wLjABAAAA4iS2Z8B5p0wdG-c2D08oWzz3_hMpjw3siFCnV-4yWUEOnK0RhewUF9IVKqcobHqL,深圳市新明易教育科技有限公司,抖音号： 79380635890,深圳市新明易教育科技官方账号,医考辅导：主治医师、执业医师、助理执业医师,50,52,131,73,
https://www.douyin.com/user/MS4wLjABAAAASTMYOwnkYuxPdWBNLxE72_SEkIRuCIg5wcrWyNdNTbKTMw-6kuF1FXzStuMIYDnS,深圳市中医肛肠医院,抖音号： 2202445142,深圳市中医肛肠医院(福田),深圳市福田区松岭路1号,24,614,701,34,
https://www.douyin.com/user/MS4wLjABAAAAs_avxym4t7XAywclpHxi0kaHWLYQvuKFqoBCm1NBo959isMnEMGUdbGBeg8J4Pmd,深圳硕杰贸易,抖音号： dcdc133,,爱生活！爱美丽！好人生需要好身体城市合伙人招募中直播时间安排       每晚7点直播感恩遇见，一路陪伴,54,1.6w,2.9w,8,
https://www.douyin.com/user/MS4wLjABAAAAOVlJ2wX3zCa-ikmnStr7dr5Yju_qdywxpJNKvQAL1Z62bW7p6SoLIKk31qsNQlON,神经内科何主任,抖音号： hyh35369,郑州大学第五附属医院神内一科主任医师 何远宏,"主任医师，教授，硕士生导师
河南省卒中学会副会长、河南省医学会脑卒中分会副主任委员、中国医师协会中西医结合医师分会脑心同治专业学会常委，河南省中西医结合学会神经内科分会副主任委员，中国微循环学会河南神经变性病分会副主委，河南省保健委干部保健专家。
擅长头晕、脑血管病、帕金森病、痴呆、脱髓鞘疾病、失眠等及神经科疑难病的诊治。",36,26.4w,52.7w,437,
https://www.douyin.com/user/MS4wLjABAAAA_raUjfJG9UkA0aqC0yYKCy08w-PpU6WMLO3sZRdSduSh_q3jVIZtZ-E37yf_4rsV,神经内科石磊医生,抖音号： shileiys,郑州大学第五附属医院神经内科副主任医师 石磊," 医学博士 副教授 硕士生导师
 兼任中国健康学会质量管理分会理事
 河南省中西医结合神经内科学会委员
 擅长脑血管病，头疼，头晕，失眠，焦虑以及神经内科疑难杂症
郑州大学第五附属医院周一上午神经内科门诊",510,32.8w,112.8w,404,
https://www.douyin.com/user/MS4wLjABAAAAtuDOOW5KSrm2TaKAVU2Vp2smhvaSSqlbGqD6Q-f3YtQ,神经内科宋璞医生,抖音号： shenjingneikesp,徐州市中心医院神经内科主治医师 宋璞,"中国医师协会健康传播委员会委员
科普健康中国新媒体专家组副组长
徐州彩虹医生健康公益团队发起人
今日头条青云计划获奖者",990,204.2w,486.3w,384,4792
https://www.douyin.com/user/MS4wLjABAAAAD1M4idghKsaeEsHvffFgbt8eVAOk9mELBzWmG2HPGjLPBKgAMO2z1CW2FWZyeDtV,,,,,,,,,
https://www.douyin.com/user/MS4wLjABAAAAVfECFLS7otBzT-jZBND8okMwD899MUY6YfqASXPaoOksjM2glHam0SsFowkpFyeR,生活方式教练,抖音号： 27979765583,,"人体说明书
健康科学小常识
用生活方式调养生活方式疾病
关注我：活的好，活的久，生命精彩，生活幸福",7,25,57,7,
https://www.douyin.com/user/MS4wLjABAAAAOhCh6wFsRKqPgKF6SQnqRbvCFcOYQ3ypAdksGhDUzxVK9pmsV6XyPB-kpsbfMyZR,生活体验家~,抖音号： LYBQB,,听说关注我的人~都会暴富,157,49,1023,476,
https://www.douyin.com/user/MS4wLjABAAAAMk1pcV-PVoSx5b6rU1poklgLt1Ur3wXn6bLihCVcF0M,,,,,,,,,
https://www.douyin.com/user/MS4wLjABAAAAI0qHeJpmENdkSuxtrSBE2JzoE6yIMYbWz6RxxSw2f2sX2UoofP_6M0XRwnbjNO8h,生活饮食百科,抖音号： 84534214394,,"关注饮食健康，提高生活品质。
来都来了，点波关注再走呗~",2982,1162,2196,51,
https://www.douyin.com/user/MS4wLjABAAAALiLvcsfao6JB4hmSC32_QB4R1-YtzLYoe49aO0XU9lB46Wu-tQ7Cy7DtHb-drXZ8,石头,抖音号： shitou23237,,我是石头我怕谁？没事别惹我。,18,291,3314,22,
https://www.douyin.com/user/MS4wLjABAAAAJJd8sUBZ1p6p9IeL1ajDPfHAPl0N0ho6aUN0dvtkLLK8Qt6wdchR61FN_Z5fQnvR,食为先卤味培训,抖音号： dyuhmj41tsjb,东莞市卤侠派餐饮管理有限公司,"食为先小吃实训张老师
全国线下68+小吃餐饮实训机构、遍布13个省市
教职人员800+、300+热门创业小吃技术
提供食材/调料/厨具采购渠道
想学习的点击下方【联系我们】",66,27.4w,61.2w,338,103
https://www.douyin.com/user/MS4wLjABAAAAxe0i_51nCFfzbUlBOFYLUul1Tp6Qb6ifyyPOVbgTRCc,食研君,抖音号： shiyanjun_Dh,,"普及食品安全知识 传播健康饮食文化
关注我 更多有趣的食品知识不要错过
本人爱美食要减肥会画画全能了
我在群里解答 互动有惊喜呦
辛苦原创，不允许私自转载噢",15,5.8w,64.0w,134,
https://www.douyin.com/user/MS4wLjABAAAAU0dxVWfSG0yT_RJce0JHmisEF_oezbhDLWz3tpQADNo,史长春医生,抖音号： dovetcm,淮安市妇幼保健院中医内科主治医师 史长春,"中华中医药学会生殖医学分会青年委员；

江苏省研究型医院学会男科专业委员会青年委员；

擅长:不孕不育症、多囊卵巢综合征、反复胚停的中西医结合诊疗，以及生殖内分泌失调和男性不育与男性性功能障碍的中医调理。",48,2.2w,11.1w,328,
https://www.douyin.com/user/MS4wLjABAAAAWvlvZDPNgm_TDV_q-YS20jTqTIw3cKi7gDeb0TWEvQY,史浩医生,抖音号： 881993245,广东省妇幼保健院外科副主任医师 史浩,"省级三甲医院副主任医师
意大利锡耶纳大学医院访问学者
现任广东省保健协会肠道保健专业委员会副主任委员及肛肠保健专业委员会副主任委员。
从事普通外科逾20年，特别擅长痔、瘘等肛肠手术及康复保健。
持续分享肠胃肠调理及便秘治疗等肠道保健知识，希望对大家有帮助！",10,95.0w,377.7w,298,
https://www.douyin.com/user/MS4wLjABAAAAw_8nfRuMmCqPsHMyTKGzXMBY1A52_uw5r2b1ycKPPNg,寿光市中医医院,抖音号： SGSZYY,寿光市中医医院官方抖音账号,寿光中医医院官方账号，谢谢关注！,9,2680,1.0w,95,
https://www.douyin.com/user/MS4wLjABAAAAdxLhlc3H-lOJLncUktvKhauf-qsszMRlXs26pJwRCFJ0LFBTFkndQm4nnvcgr_XA,寿光资生源农业～李鑫,抖音号： dypm4w3z4x1w,,"[發]着力于技术帮扶，提供种植技术培训
科学管理，科学用肥用药
[發]帮农户解决种植问题，提高产量和品质
功能性肥料厂家，绿色农业首选
[發]售后无忧，品质保证
真诚期待您的加入，共同发展绿色农业",232,17.3w,51.9w,368,
https://www.douyin.com/user/MS4wLjABAAAAo1esJWKk5mvyl26yVaaDrdMM_HfnEKNsgx27UpmWmbI,瘦了30斤的梁倩鸿营养师,抖音号： V137836617,,"国家公共营养师·梁倩鸿
80后远嫁宝妈·广西嫁四川
减脂30斤 6年没有反弹
咨询：137836617",20,8.6w,149.6w,359,
https://www.douyin.com/user/MS4wLjABAAAAMj9QiQFYZjn70ZYI9q2bmkXpIwD0GRk9rvg8T3oTe8U,瘦龙,抖音号： 1709157858,,"39岁，5年写过几百万字，低碳轻断食科普作者，某众号某乎来的。
招低碳营养师，编辑。
不做咨询，不要相信骗子。
内容只做信息分享，不做医疗建议。
低碳不一定适合所有人，根据自己的情况调整，建议在专业人士的指导下进行。
开放，学习，探索使人进步，明智。
低碳不是洪水猛兽，不要穷追猛打。
低碳不是万能的，不要做成狗皮膏药。",204,73.9w,356.5w,755,
https://www.douyin.com/user/MS4wLjABAAAA-XJX-MOUmnfg88CPeSuBaZTYWDap6syR9ldWxMkFXN0,水果医生,抖音号： callmevvv,鹤岗市人民医院重症医学科主治医师 王野虓,"传播医学常识，有事情发生时不至于做吃瓜。

Most people are so ungrateful to be alive. But not you. Not anymore。",8,363.0w,2091.7w,184,
https://www.douyin.com/user/MS4wLjABAAAAbxIFtP75e6_hEkk-UyPhTlYTk-UkHmzKvBzDp8e9r5Y,面部提升水庆付医生,抖音号： QF78092,安徽省立医院烧伤整形科副主任医师 水庆付,"公立三甲医院
整形外科专业副主任医师
擅长项目:
①面部年轻化提升
②双平面筋膜提升术
③苹果肌复位技术
④眼部整形（双眼皮，眼袋祛除，眼修复）
没有任何小号，谨防评论区医托出没",22,7461,5.4w,148,
https://www.douyin.com/user/MS4wLjABAAAANG4I9xeLyXZgn6jiC_73ziJzx-7uacydSlw8EZTEl4M,,,,,,,,,
https://www.douyin.com/user/MS4wLjABAAAAMTX9EouUtiCpyPc9mt0jNu2gP3fqqODkIW7rYRirZCM,苏莱玛乃,抖音号： 41737895447,,糖尿病不可怕，20多年积累的控糖经验希望糖友们能够借鉴，我们一起来战胜高血糖。方法对了，一切皆有可能。,26,2.2w,7.4w,159,
https://www.douyin.com/user/MS4wLjABAAAAGS22hu_0gXLeZr6_hTIsh397Scg0goiGEYagmWATob8,糖弟科普控糖知识,抖音号： IDH11111111,,"每晚8:30直播分享控糖知识
北京糖代谢研究会理事会委员
心态藐视高血糖，行动重视高血糖
控糖五驾马车:教育学习（心态）、科学饮食、合理运动、日常监测、物配合。分清主次顺序！",224,2416,319,16,
https://www.douyin.com/user/MS4wLjABAAAAGkIfJmVuaqV3MGMFB26as0lcP9895p6Rwsv48MqUZz77JeuBKl8iDtt4ag35ZNNr,,,,,,,,,
https://www.douyin.com/user/MS4wLjABAAAAX0VpwhiAg_4x6DpVBMJf2BxamsbhVwe-XSN9p-TtdFGRAshvcb8V-8V5qqQyPQGR,糖力001,抖音号： dyrmzr41tlqw,化州市健药保健制品有限公司,,4018,1519,2000,78,
https://www.douyin.com/user/MS4wLjABAAAA7c09h0hF1am-OWJCO_XfyYv0vRx3d3xt1T_Zb2AowLA,糖牛哥,抖音号： SUGARBULL2020,,"低碳饮食控二型糖
停停糖化回归正常
动态血糖仪评测食物饮料升糖
中医&饮食&运动&静心&学习
六维一体一起控糖加油",12,11.4w,23.1w,306,
https://www.douyin.com/user/MS4wLjABAAAAOS5taBhQ8zBrdfuV9HFDOSOhPR7dCH_1S-hk-68mJ807wMfn0j7fVA5f0Ipge0xi,糖牛哥小助手,抖音号： SUGARBULLER,,"低碳饮食研究，帮大家分享控糖经验
Vtangniuge2020",9,861,475,75,
https://www.douyin.com/user/MS4wLjABAAAAi8i6J9ReZx8G1LX_-t5rtR-NC53xE7x3a2L2rDMEycU,糖人《大瑞》要坚强,抖音号： DR58285,,从头来过,321,3.3w,51.4w,1056,
https://www.douyin.com/user/MS4wLjABAAAA127ZRzIcZiRa6u8ZHoSsITJl9X5QBPAKqQU7uhJCcrs,糖人厨房,抖音号： RJ15146513001,明水县糖人食品店,营养师 健康管理师任姐 ，专业从事糖人健康食品28年，倡导健康生活方式，血糖高了很迷茫 不知道吃什么 怎么吃 吃多少的伙伴们关注任姐。每天分享控糖食谱 糖人的一日三餐……,457,5.4w,15.2w,679,
https://www.douyin.com/user/MS4wLjABAAAAd1l5EtuswZlyGU8fQmQdlkJMK6bMr1WMxWf2dDNN0TeWPidLRRTBi8Fc2bFbiCVa,糖人家.控糖测食（已减重21斤）,抖音号： 51817166986,,"30+的我首次查到空腹高血糖12.8点，犹如一记重拳，打懵了我！家族原因，知道它对身体健康危害，母亲因糖尿病让我经历了一切，虽然我做好心里准备，还是颓废恐惧很快我就振作起来，通过食疗血糖慢慢稳定，从146斤降到125斤
从打胰岛素~吃药~到如今不需要用药保持正常水平，希望能逆转。
糖友生活不易过！
日常饮食亲测分享！糖友圈 （kangtangren）
一起实现逆转糖尿病",12,564,7252,43,
https://www.douyin.com/user/MS4wLjABAAAAIwDbdAyGhYBGrioBVr0PE7XrbKTP-DmjMtR5SNTZ4tU,糖人橘子小厨房（谢绝私聊）,抖音号： 1585814432qq,,最开心的事就是看着大孙每天快乐成长，喜欢做菜，面食，分享糖人美食及血糖的波动情况,394,849,4965,301,
https://www.douyin.com/user/MS4wLjABAAAARM9CiMenOfOOLNmt4L79gA-AFcYQWLIACAH76ZVGqC8GDA0Mr4cg394XRgG3Hz01,天机生活实验室,抖音号： tianjijinchu,,"专业做病毒，防疫，方面的知识
普及如何杀菌消毒
并且推销自家产品次氯酸消毒系列衍生品",47,1839,1.2w,49,
https://www.douyin.com/user/MS4wLjABAAAADvYThtXz6HrBZIfDOKFOAx1gTQZXE0LXXdkZDStuf-LVvE8My1S5gBgvRXdeO_u1,心内科专家胡以明,抖音号： zyhuyiming,首都医科大学附属天坛医院中医科副主任医师 胡以明,"首都医科大学附属天坛医院中医科副教授
擅长治疗：高血压、脑梗塞、冠心病、心梗、高脂血症、动脉粥样硬化、心脏支架、搭桥术后调理等心脑血管疾病!",45,96.9w,210.1w,140,
https://www.douyin.com/user/MS4wLjABAAAADsbJtj8WMq8ARMTJUvy6ahbD0o8MNYCwfBwoD2cnAoY,天天说动漫吖,抖音号： fengyu920228,,"感谢关注，谢谢点赞
祝你开心每一天
每天更新动漫
喜欢的支持下哈
视频找不到的在合集里查看
学习+V：fengyu0284",647,90.9w,554.6w,816,
https://www.douyin.com/user/MS4wLjABAAAA-3RoypLQjhwYQvdFNVK_X03gCygZSBLWT4zY3X8hXVL_CctBXW1mxrIGBr3A-8rs,天下壮士马基东,抖音号： millka0928,,"之前挺胖的，现在挺壮的
一本正经的段子手
唯有美食和健身不可辜负
感谢关注，认真吃饭",195,269,3373,78,
https://www.douyin.com/user/MS4wLjABAAAAcPSXUdvNRcUDle0Aent4Vnrl_g1qkiAQ1Vp7LPYsLio,天心阁,抖音号： dy325h0pzsqj,,家穷人丑，一米五九，儿子一个，别的没有。找个对象，你看可否？,133,120,63,28,
https://www.douyin.com/user/MS4wLjABAAAAlDd-d5XVG4yZn0YtbuV9hc-S07HpqZtC0QW0fODSSpU,,,,,,,,,
https://www.douyin.com/user/MS4wLjABAAAAdSanhMqSF6kUboA_L55O73i987akl6vYd4ibiOF0EyI,甜甜超市,抖音号： 1858491172,,唯有自己活得精彩，不再患得患失，不再讨谁欢喜，不再畏首畏尾害怕困难，亦不再瞻前顾后犹豫不决，方可成为一个让人尊重的独立的女人，外表柔软，内心硬气地生活。,485,2020,3.7w,984,
https://www.douyin.com/user/MS4wLjABAAAAxGw26Wa3R_Rs4adXG3ftxwTfJGqf6fZOE9PQs1YrxhQUwZsq0Il7KbfkpU3Cwfl7,甜甜圈,抖音号： sweetdoctor,郑州市第一人民医院内分泌科主治医师 彭佳欣,赠人玫瑰，手有余香,65,71,132,7,
https://www.douyin.com/user/MS4wLjABAAAA5TCz76TWt5-ZpO6jPn50oAuviBkp2GxADmVUI3FBdc4,田径教练黄河,抖音号： 50401765,,"田径教练
跑步装备爱好者
日常分享跑步知识
世界马拉松大满贯六星跑者",1016,1.9w,14.6w,307,
https://www.douyin.com/user/MS4wLjABAAAA2fz2_6ahaqQKAPH2pLu12yVBGzEpx_3g_EzS-afCby8,童洋,抖音号： tongyang72,,"我是童洋，56岁的我在这里分享健康生活
PFC饮食餐谱 公众:️童洋PFC生活
周一到周六晚上20：30直播
曾经的电台新闻主持人，现在的健康生活倡导人。
年龄只是数字，芳华不老，精彩人生从自律，调理开始
国家级高级营养师，健康管理师
苏州孕婴童协会理事",32,19.4w,34.0w,128,
https://www.douyin.com/user/MS4wLjABAAAA3S8UcL0r0Gsp_xwVzayaM4y2Yz5oY7s9haYlN8BZCeMP4GbWsQHpinyJd-gBoXA0,铜陵市第五人民医院,抖音号： dyyqimtphl0j,铜陵市第五人民医院官方帐号,关注我们，了解更多医学知识。,0,170,1106,64,
https://www.douyin.com/user/MS4wLjABAAAAMDqzJQt9_MLahXpWSbbHICI43vSb675wYCAK7SFc9Xc,汪国民,抖音号： Drwang120,武汉市第一医院整形外科副主任医师 汪国民,"现武汉市第一医院整形外科主任，公立三甲，竭诚用心，给您提供专业、理性的医美指导和帮助！
擅长项目：面型综合调整、鼻部综合美容、面部年轻化、脂肪相关美容、乳房美容，及失败美容修复等。
亚洲抗衰老协会会员、中华肥胖研究协会会员、国际美容整形外科学会会员、武汉市医疗事故鉴定委员会专家库成员。
参与编写《中国烧伤白皮书》、《皮瓣外科学》、《3D内窥镜乳房美容》等。
崇尚协调自然、浑然天成的美容理念，谢支持！",648,5.4w,15.3w,252,
https://www.douyin.com/user/MS4wLjABAAAA9CmGiC1BFHvSTihjcCYb9ljdXK8r0gJYBX0HOvumE7k,,,,,,,,,
https://www.douyin.com/user/MS4wLjABAAAAlhAuSyGkmCGNyzWoIg5uOrAVwF3UjH92dTWoYz31KzI,汪泳主任「专注代谢减重手术」,抖音号： wangyong4797,安徽医科大学第二附属医院普外科主任医师 汪泳,"医学博士、博士生导师
三甲医院胃肠外科主任医师、普外科主任
擅长领域：病态性肥胖&2型糖尿病及肥胖引起的睡眠呼吸暂停综合征、多囊卵巢综合症、高血压、高血脂、高尿酸血症等代谢性综合症，已开展减重手术成功案例过千。已开展腹腔镜下结直肠癌根治术（NOSES）约489余例，开启腹壁无切口手术新时代；已开展完全腹腔镜胃癌根治术282例，率先在国内应用手工食道-空肠吻合。
本ZhangHao不出售任何茶饮药物！",538,2.5w,15.2w,205,
https://www.douyin.com/user/MS4wLjABAAAAs_sSsm1Kd0awlBna4L1BtptZq93l7NgAXwk9HXA6Igg,王sir,抖音号： Wanghuan8613,,,729,801,9794,377,
https://www.douyin.com/user/MS4wLjABAAAAKrS6jYdczE2BcEVWn4BTNqipGSdXUkrUACtGFmsHH7c,,,,,,,,,
https://www.douyin.com/user/MS4wLjABAAAAOZlCV90fahirzNK-VdhtLbzqX3SxbhGfCoTo4bGjpZI,王娇,抖音号： WangJiao712,,肝胆相照，医路有你！,4059,3509,3.2w,225,
https://www.douyin.com/user/MS4wLjABAAAAHTY_z7X182J_o7XstA9iP7r_4D070uzS9yWDntI2OLAgigQJfu6jvfY9WAPmt33x,泌尿外科王进医生,抖音号： yswangjin,武汉协和医院泌尿外科副主任医师 王进,"医学博士，泌尿外科副主任医师
亚太性医学学会会员
亚洲男科学会青年委员
中国中西医结合学会男科专业委员会青年委员
主攻方向：泌尿外科、男科学。擅长各类泌尿外科常见疾病的诊疗以及急重病人的处理。
健康科普，惠及大众",99,14.1w,124.7w,254,
https://www.douyin.com/user/MS4wLjABAAAAPsF9CcrdvCZW2MJbOCdV-OliXE_YJ2t0rkqqY1GAWSmsrxCfnk-mOrKHek01xYMW,王俊慧,抖音号： WJHYS101,中国中医科学院广安门医院皮肤科主治医师 王俊慧,"一名有温度的皮肤科医学博士
以专业、实用的视角，分享人人都听得懂的医学科普，让大家少走弯路，是我工作之余录制抖音视频的最大动力！
关注我，健康不迷路！",245,13.7w,23.8w,337,
https://www.douyin.com/user/MS4wLjABAAAAMsKG14HIeS2nz_CeyfWsUtWcSiirhxBU-v_Oft0KFMc,王凯啊,抖音号： 703137059,,俗人,54,1.9w,9.9w,70,
https://www.douyin.com/user/MS4wLjABAAAAQBh4qLd4nzsN12CBy9Zhuk2QTmQ_HAnAgQkOEyKThMY,旺仔牛奶哥,抖音号： 882312119,,"健身提高生活质量
关注我，大家一起进步",357,1.2w,14.4w,96,
https://www.douyin.com/user/MS4wLjABAAAAHLXcEP3pR_3ygYZPDv59-AHE5riG5BOZ-tQGOk3dbtJ-YglpdRmsnUuaYOTUPrui,望都县中医医院,抖音号： wdxzyyy,望都县中医医院,为全县人民健康，保驾护航。,21,2365,1.2w,150,
https://www.douyin.com/user/MS4wLjABAAAAxzy6P5RFyjtvtLwhvT16ruaLPTr9-O5EOXG3K_5gjpyo3EjqEDyx6t3FN1MG-Rdp,唯一艺术平台,抖音号： theone.art,,"国内首家数字艺术电商
你想了解的数字艺术最新资讯都在这里！",25,2034,3347,84,
https://www.douyin.com/user/MS4wLjABAAAAC6OPo4lWK9MW0a3Un4hUsKfsGyPM63f0PuhYSY5hKOGVfvn4SSbe2jXEyVdU0MgD,韦韦,抖音号： dyn7ad9d88bi,,来自农村的,324,905,1.1w,277,
https://www.douyin.com/user/MS4wLjABAAAADAy11hnvjWa9fh-lsv4JLbdMP5IiVur4w3dGhl4HacQ,韦一航,抖音号： 622607905,,神明偷走了人类的胆怯 却使少年的青春轰轰烈烈,49,51,703,56,
https://www.douyin.com/user/MS4wLjABAAAAn44NR08H4969FJehEqPL-hBzOSI1xovT1ObQ-WEvumfTMYJvQAYMWLZY0NvWXPdd,胃肠外科王志凯,抖音号： weichang02,河南省人民医院胃肠外科副主任医师 王志凯,"河南省人民医院 胃肠外科 副主任医师
河南省医学会微创外科学分会委员兼秘书
河南省抗癌协会大肠癌专业委员会青年委员。
擅长治疗微创减重代谢手术、腹腔镜胆囊切除术、胃肠道肿瘤手术、阑尾切除术、疝修补术等腹腔镜手术。
仅此一号，谨防上当受骗。",27,8.8w,81.1w,177,
https://www.douyin.com/user/MS4wLjABAAAAXz_ktu7Lp84dMlnyYeLek-nInUAcynlmiPO92ku3ap8HkTvdIQ43UDNpQi5F0jFi,weizhurenzhu,抖音号： weizhurenzhu,,,0,0,0,0,
https://www.douyin.com/user/MS4wLjABAAAAys-FsemRXzyLb1v1Z2-mnyoISic3TpJbq6dq4D6UvjQ,温博士,抖音号： wenlinchun,宿迁市人民医院肿瘤科科室副主任 温林春,苏州大学肿瘤学博士，硕士生导师，副教授！每周二上午肿瘤科专家门诊,826,2042,1.2w,179,
https://www.douyin.com/user/MS4wLjABAAAAFX37vTsnmDGAN5Iy2aTTY8dzGxNBJy6Fc6GqOHJ0zpo,温建民谈骨论筋,抖音号： wenjianmin666,中国中医科学院望京医院骨科主任医师 温建民,"国务院特殊津贴专家
国家中医药管理局骨伤科学科学术带头人
世界中医药学会联合会骨关节疾病专业委员会主任委员
中华中医药学会外治分会会长",17,138.2w,734.6w,450,406
https://www.douyin.com/user/MS4wLjABAAAAKAYfOu_8YOVsUidXfL_YMycz6ZLUcdT_K8v1M9LXbIQ_U2qHJb6-2PkLayN-Kt13,温州医科大学附属康宁医院,抖音号： wenzhoukangning,温州医科大学附属康宁医院官方抖音账号,"温州医科大学附属康宁医院官方
这里有专业的、有温度的、正能量的精神&心理知识，温暖但不平常的医院故事
精神专科医院“煲鸡汤”小能手第一名
多来康康这里肯定有宁感兴趣的

整活栏目↓
说点知“心”话
亲子教育
婚姻情感
访谈",35,3969,1.9w,142,
https://www.douyin.com/user/MS4wLjABAAAAOo7fVWXpaKEDir-NPOHVhHFg19vPv4X70rDyDUoWOzwJuwxO6QSS8LCxevNpzwCV,文宝,抖音号： wenbao30127,,湖中坡村,2078,842,1.2w,138,
https://www.douyin.com/user/MS4wLjABAAAAJgxNkTUbIpeyrSm7H2DZk3wqImhDr409IMdFTxNEqgg,文嘚瑟,抖音号： 202171823,,可以回头看但是不可以回头走，因为，逆行是全责,103,213,827,18,
https://www.douyin.com/user/MS4wLjABAAAA254Ag4HJ9sZm4FNTZKuT6dmQ7jXtqa8bUmikYw_GmvI,文先生,抖音号： 2654wen,,"生活每天都在继续，遇到一些人，
经历一些事，都会成为人生的阅历，
最后把生活过成了文案，
而我这一生，注定是悲伤的！",221,1939,6.4w,478,
https://www.douyin.com/user/MS4wLjABAAAAfEESYQlDmhcDf1PTQyEXjmVyAOPTU3Q-QJnRRdid6RY,我本善良666,抖音号： 2098038879,,思钱想后,983,920,2.9w,1179,
https://www.douyin.com/user/MS4wLjABAAAAhITqfRuDcLtQLQtvvV5f41JmHmizJ02Sn3oOx0Ykh7yRwLcK0WxntqEqz1TL2Azg,武汉协和医院 李涛,抖音号： Drlitao,武汉协和医院 手外科副主任医师 李涛,1）武汉协和医院  手外科  副主任医师   博士  2）手足显微外科专家  周围神经修复专家  手足畸形矫正专家  肢体修复与重建专家  创面修复  肿瘤专家3）留学美国  杜兰大学  得州农工大学 访问学者4）中华医学会手外科学分会第九届青年委员会副主任委员  湖北省手外科学会委员兼秘书  SICOT中国部骨显微专委会常委5）擅长：神经肌腱血管损伤骨折 修复与功能重建 皮肤缺损 畸形矫正 甲沟炎 嵌甲 感染 伤口不愈合 皮瓣植皮 再造术 肢体肿瘤 关节疾病  疤痕修复,419,11.4w,56.3w,843,13069
https://www.douyin.com/user/MS4wLjABAAAAqcNey-oylGboPyjtEZVgPSxAu2AlxHcJ7lVgriok3Hk,西安市儿童医院,抖音号： xasetyy,西安市儿童医院官方账号,点下关注，不迷路！,67,25.9w,116.7w,592,1178
https://www.douyin.com/user/MS4wLjABAAAAkaU435QJmfQRJPIgLtLxFx1mT4bMM0jEJAuJYIDonRA,消费研究所,抖音号： xjbxfyjs,新京报商业消费频道官方账号,新鲜的生活消费,99,6.4w,40.5w,720,
https://www.douyin.com/user/MS4wLjABAAAAnK3bsQi3Ck5WtctZmMQXrnIBRWdDfr8bRKEtTfhYhfg,小c家的老昂某（蛋黄麻麻）,抖音号： acc0808,,"我系啊聪妹 Once001
需要同款待产包翻橱窗
分享我们家日常
一个还不错的老公·
一个可爱的儿子叫蛋黄
记录一对长跑十四年的90后夫妻
备孕6年喜得公子哥 2021.9.9",213,1.9w,22.6w,688,
https://www.douyin.com/user/MS4wLjABAAAA17jdRJKIAiixGtSONO3MY_zModd6NuKmVuwb08MP8aHLV00ZEgVLNoyHUII3wnBp,小曹的知识小仓库,抖音号： dyliw2rpksiv,,每天一分钟，用知识武装自己,13,94,285,16,
https://www.douyin.com/user/MS4wLjABAAAAOglO5aSo7pYCo46Z3QXEd5IMiCzXrSxDF72zxEDobtwxZWB6e1I408r1xhcEqJw7,小草话归农,抖音号： XCYY0330,,"简介: 点亮茵茵绿色，笑迎暖暖阳光。
爱生活，爱写诗，爱摄影，爱旅游。
分享自然真味，分享快乐生活。
崇尚健康的养生理念！践行自然农法。",1729,1636,1.5w,85,
https://www.douyin.com/user/MS4wLjABAAAAbROFhPL3PffZeRrEGb3wThHne6vVUeDXlmuQQDIko1A,,,,,,,,,
https://www.douyin.com/user/MS4wLjABAAAAHkee5PIBfdOFzkH_s3Eu-S5XOUeLUpvhOvWgRXnGRL4,小慈cici,抖音号： bingling2220,,生活属于自己！活出自我！,578,483,1456,111,
https://www.douyin.com/user/MS4wLjABAAAAnbCN3a8MeKhcy-oSLO82t29Tx97YUi1CuQ-O58YPJLo,小菲菲呀,抖音号： 1794716525,,"不定时给你们分享经历过胎停后
我如何成功产下宝宝的
2019年孕16周+胎停
经过1年多检查调理
2020年12月16日再次自然怀孕
肝素等多种药物保胎
2021年9月14日产下女宝宝一名
有问题困扰的孕妈可以没事聊聊，宽宽心",495,2612,2.2w,349,
https://www.douyin.com/user/MS4wLjABAAAA_JvqlAPCD6R0NimZ8sbNLlYw_rgzIfmR_jKy3Tx8ReA,小菲子,抖音号： xiaofeizi123,,,234,1.2w,12.0w,43,
https://www.douyin.com/user/MS4wLjABAAAAJ2cPGe2YZEWkcZXnT2Zr5xtSZ9YaXkl_FXoVcnsYDqYNl9IE_w-LvNpZGIjJlFIW,小红控糖家园,抖音号： 48792457850,,不间断更新视频，分享养生降糖知识,38,64,241,16,
https://www.douyin.com/user/MS4wLjABAAAAEjL1z_wEK9WU0pp1ggtpXzz6n1RprKGt9QO_EfUjVzI,小姜教健身,抖音号： Jiangwei009,,"健身从业六年
大众健身，推广全民健身
健身知识，饮食计划分享，希望能够帮助到你
感谢相遇，感谢关注",116,2933,1.4w,289,
https://www.douyin.com/user/MS4wLjABAAAA3wSviWvCIBKAM2I6AL1zbm1aEk15UPH3SlSADVxH1cc,小景的健康百科,抖音号： 77169428688,,"一个专注医疗器械的小可爱
欢迎粉丝留言想了解的医疗器械产品",13,164,443,19,
https://www.douyin.com/user/MS4wLjABAAAAOPXBa8rptSIHYK4ZC1APk0FOS4XM0-EyOx9qrgT1xkEo_VT65Vh8Kzo1Lt50NAJj,,,,,,,,,
https://www.douyin.com/user/MS4wLjABAAAAS0gkw5uTAMqr2i79mN__kCAZBqBkIm_YY9UYVRiL4XENRtLCip_WVlGkSpd2Zw4q,小钧讲电影,抖音号： xiaojunmovie,,好看的电影，感人的故事，小钧讲给你听,6,243.0w,2735.1w,706,
https://www.douyin.com/user/MS4wLjABAAAAnubSOBWqWJvqyG43pGHDJlYxSssFz-0JoZbQzTe1hew,小灵通测评,抖音号： xltcp666,,"大家好我是小灵一个测评届的小吃货
口味因人而异、感谢大家的认可和支持
我会认真一路走下去",97,10.0w,178.4w,230,
https://www.douyin.com/user/MS4wLjABAAAA32gUByeQA4F2ku_KiH9U8j6_g54eziy36I0jb_vYCCw,小龙女888,抖音号： 120861169,,专注家用医疗器械行业12年,276,658,3122,55,
https://www.douyin.com/user/MS4wLjABAAAAz36zkehE-0eo2U5nWanOr1kgSzWBQ1-qHwjL1X9RmSU,小路神,抖音号： 579207699,,"挥洒执着与汗水，彰显自由与个性。
运动补剂V15335120582
2021DMS传统健体
2021奥赛之夜74kg中式健美小组冠军
奥赛之夜178传统健体亚军。
奥赛之夜推广大使。",233,556,1.7w,633,
https://www.douyin.com/user/MS4wLjABAAAAmaDg70dXcDd4HyH-B1vw5svpxixKLI18NZyrmroN6Ikn4oYPxox7tp6sQs7LYHPu,小鹿麻麻成长记,抖音号： XLMMCZJ,,"新闻主持人-90s职场妈妈
家里添置四脚吞金兽-小北
分享“过来人”的一点小经验
一起成长！成为更好的自己",47,2171,3.1w,68,
https://www.douyin.com/user/MS4wLjABAAAAA3ICcNcZIgFRBd0hdjf3eIVKjFznMfm8Sk-bX7Ymmtc,小忙狗Mango,抖音号： lil_mango,,"八年野生超模 身高174 体脂15%
护肤成分脑袋（大敏敏皮
化妆亚式欧美（小麦色号
未来时尚圈黑马
不运动就无法呼吸的狗哥
瑜伽 拳击健身游泳跳舞
咱就是说 自信是最高级的美",97,256.5w,2580.4w,442,
https://www.douyin.com/user/MS4wLjABAAAAzsPFW6QbYCriEG-0sMaYyYw5e-CRN3ky1IFAfKYq4GU,小柒,抖音号： 779331215,,（记录生活）人生苦短，尽量活成自己想要的样子。。。,94,95,1253,214,
https://www.douyin.com/user/MS4wLjABAAAAbnXJhCjKdz15e8jdOYjYk7O8TXuWjuDdatI1W5SX3JQ,小琪子减脂,抖音号： _xiaoqizi,," 健身教练 营养师
合作：qabcdefgq77
谢谢大家的关注 
小号：小琪子
 分享更多减肥瘦身知识
橱窗有推荐的减脂好物",117,19.2w,138.1w,235,
https://www.douyin.com/user/MS4wLjABAAAAsGwj37fH50ACJb7f9PFFLtfcFpRiZUDS-zmW1SB7eJ8lEpC0nxOFaUkW1HxP1yQJ,小倩倩的孕期日记(孕晚期),抖音号： song.15888,,"93年孕妈，预产期22年2月13号，虎宝宝～
记录孕期生活
希望跟宝妈们互相交流经验
还有那啥，我不卖东西，就是分享
抖音群754722352151广告勿扰哦",203,9423,10.3w,56,
https://www.douyin.com/user/MS4wLjABAAAAfq9nxv7Df4Z8g3ImoBD8jeZ0DRLHUcydcgHzkB6a8ypwnkWVlBSPldxlqCkwHD2I,小秦聊猪病,抖音号： nmws0004,,,50,1.3w,4.8w,344,
https://www.douyin.com/user/MS4wLjABAAAAdVphQtrQyygUPJdSdDnqHEtk9z8H1LUxF-xwRf4E7jggyGJ5a4G_zMPZj9fPObSP,小心肝儿,抖音号： dyi520fjm21,,感谢抖音对我的厚爱，感恩抖爸爸！,2933,2631,1.1w,48,
https://www.douyin.com/user/MS4wLjABAAAAjJjebdzipMJSVaNz9F4wEKLGS3qFvRRangmBxr8mGrU,小影娱乐,抖音号： xiaoyingyule,小影娱乐官方账号,播报新鲜时尚影视娱乐艺人资讯！,19,773.1w,17.2亿,15982,
https://www.douyin.com/user/MS4wLjABAAAASfm9dfPhrFM5mLO3gnjEb9ofecuo52S30eRJcQQYF4gWBFywzuQhzivqz36zy7We,小远医生,抖音号： xiaoyuanyisheng_,中国中医科学院望京医院推拿科主治医师,"中国中医科学院望京医院特色诊疗中心医师
中医骨伤学硕士
中国民族医药学会推拿分会理事
擅长运用中医药及传统疗法治疗颈肩腰腿疼等骨与关节疾病
大家身边有温度的好医生",168,50.6w,247.4w,471,
https://www.douyin.com/user/MS4wLjABAAAASfm9dfPhrFM5mLO3gnjEb9ofecuo52S30eRJcQQYF4gWBFywzuQhzivqz36zy7We,小远医生,抖音号： xiaoyuanyisheng_,中国中医科学院望京医院推拿科主治医师,"中国中医科学院望京医院特色诊疗中心医师
中医骨伤学硕士
中国民族医药学会推拿分会理事
擅长运用中医药及传统疗法治疗颈肩腰腿疼等骨与关节疾病
大家身边有温度的好医生",168,50.6w,247.4w,471,
https://www.douyin.com/user/MS4wLjABAAAAQyWvTLs57NdlCSjGIlG4H22nJM-9_l9rrE_C4tzAYUUh_yqe5xUL7khTKK4QSkKX,协和hpv杨毅医生,抖音号： yangyisheng120,北京协和医院妇产科主任医师 杨毅,"杨毅，主任医师，医学博士。
中华医学会妇产科分会生殖道感染学组委员
中华医学会激光医学分会外科与妇产科学组委员；
中国抗癌协会肿瘤光动力专业委员会常委，兼光动力妇产科学组组长；
北京医学会激光医学分会委员，兼妇产科学组组长；
中国医疗保健国际交流促进会生殖感染与微生态分会常务委员。",1463,10.9w,22.6w,192,3
https://www.douyin.com/user/MS4wLjABAAAAz1vyrAsH-61oTrKoV9N1Q27fbSJR5rUs6Mp0sk4ZgCY,协和皮肤科张涛,抖音号： xiehezhangtao,北京协和医院皮肤科主治医师 张涛,"北京协和医院皮肤科医生
关注皮肤健康和美丽张涛医生与您同行
临床门诊主治：硬皮病、银屑病、痤疮、湿疹皮炎
感谢您的关注，祝您身体健康",90,45.7w,75.3w,294,
https://www.douyin.com/user/MS4wLjABAAAA7rfEam4sPtmA7Lp_utImBeICBPi7-I8bJu2yXbfCn6I,,,,,,,,,
https://www.douyin.com/user/MS4wLjABAAAAW0uD7LvIwjNjJglpZvejBmaDovoDHPMoe_r9QRiLEK4,协和心理姜忆南,抖音号： 1575968978,北京协和医院心理医学科主治医师 姜忆南,"分享心理健康的知识
让我们更好地认识与了解自己
——————————————————
北京协和医学院 医学博士
观点仅代表个人 不代表所执业机构",96,10.2w,23.2w,147,
https://www.douyin.com/user/MS4wLjABAAAAz9dzYa9094oYRzl4D2WM9VjTBjr1QzOf3mtgdPHdK6CUfHxAXCYyZUIpk-FJVMtM,血管外科陆主任,抖音号： XGWK_lujiong,江苏省中医院周围血管科主任医师 陆炯,"门诊时间：周三全天/周四下午
从事中西医结合周围血管疾病的临床工作30余年
◎ 全国第三批名老中医学术继承人
◎ 江苏省中西医结合血管疾病专业委员会委员

主攻糖尿病足坏疽、下肢静脉曲张、血栓闭塞性脉管炎、肢体动脉栓塞、血管病、动静脉瘘、下肢深浅静脉血栓等疾病

关注我，持续科普血管外科医学知识
血管“难事”，没那么难！",0,1.5w,1.8w,49,
https://www.douyin.com/user/MS4wLjABAAAApzqQdtEIKTDezqQGq5HyjACEDTYr3TcG4YETv8NqYvI,血管专家彭玉清,抖音号： dynzw2mmn488,北京中医药大学东方医院亚健康科主任医师 彭玉清,"三甲中医院主任医师，硕士生导师
曾任北京中医药大学东方医院周围血管科主任
中国中医药学会治未病分会副主任委员
中央电视台《健康之路》特邀嘉宾
北京卫视《养生堂》特邀嘉宾
擅长运用中医中药治疗冠心病、心衰、脑梗、高血压病、动脉硬化等心血管疾病；高脂血症、高尿酸血症、高粘血症、动静脉血栓、下肢水肿等疾病。",588,98.3w,308.1w,401,
https://www.douyin.com/user/MS4wLjABAAAA8tOIoTRgUqPC-_7RPPD-HRxmQGLVVLoVVXupOQSuBpEBhTscwmt9aCYJpmhg7sLi,心哥漫聊,抖音号： 86791193170,,教育科学研究生毕业    资深校长                             在教育科研、生命科学研究领域研究数十载          师从英国皇家医学院院士、诺贝尔生理学或医学奖获得者蒂姆.亨特拥有国家级生命科学领域发明专利四项              家庭教育研究委员会会员关注我、每天分享日常营养、生活小常识,2555,2670,1729,52,
https://www.douyin.com/user/MS4wLjABAAAAr2JBeu-M9qDtH6nQd1Sjab0lFf2RwXcOlZdwiIE0R7nufC68Ko5AAVzkWhudR5zw,心观空养生,抖音号： 1681fyq,,记录生活碎片,2436,1227,3018,32,
https://www.douyin.com/user/MS4wLjABAAAA1wPp2fvZkP5vb8FBIDaSLBH7ioxg2yW7wrjLJK2kEWfiiNv2p9_8ZvAsPCUhZJDu,心内科戴雁彦医生,抖音号： dyy_doctor,东直门医院心内科主任医师 戴雁彦,"北京三甲医院著名心内科专家
擅长冠心病、心律失常、心衰等心血管疾病
每天科普知识，为你的心血管保驾护航",121,53.5w,185.8w,615,137
https://www.douyin.com/user/MS4wLjABAAAAvbYlcbVTr4f-KUY9pu_HtiEG5ZRlxGsLziUCLz3IKPf5u4hHWjvUbCfxbUIH3-XZ,心内科周恒医生,抖音号： Dr.Zhouheng,武汉大学人民医院心血管内科副主任医师 周恒,"简介：武汉大学人民医院，心血管内科二科
医学博士，副教授、副主任医师
门诊时间：每周五下午
擅长：高血压、高脂血症、冠心病、心力衰竭等疾病的诊断、预防、治疗与管理。",167,4482,1.2w,111,
https://www.douyin.com/user/MS4wLjABAAAA0a05sHUyi_6wq51JOA3Bc342HUJVza5eO0T1kODwAxE,心如止水1331093991505,抖音号： 604210776,,,489,276,5811,187,
https://www.douyin.com/user/MS4wLjABAAAA4ui_1_k2IY-H9fVjWBeZ_ltAiLMur4kNZ5zIYdhowxA,心身医学科许凤全,抖音号： xinshenyixue,广安门医院心身医学科主任医师,"科室主任，医学博士、博士后
学科带头人、研究生导师
北京卫视《养生堂》主讲专家
中国中医药研究促进会心身医学专业委员会主任委员
公开发表学术论文80余篇，主编医学专著6部，参编9部，主持、参与国家级课题8项
主治范围：失眠、抑郁、焦虑、自汗盗汗、灼口综合症、肠易激、头痛、眩晕、胸痹、关节炎、高血压、更年期综合征等心身疾病。",2,9.3w,37.3w,292,60
https://www.douyin.com/user/MS4wLjABAAAAlE38E07lG8C1v8ZEKNB1NtKIOvMEPJmqFnl-_5hyfb0pDn0LyaF2CoIFS23ZJJx9,,,,,,,,,
https://www.douyin.com/user/MS4wLjABAAAArJcwFckCXIenZ4NCiuUgxLmw3k--qMq88yuJKOym0kY,心微凉,抖音号： 667651131,,,2,152,2251,111,
https://www.douyin.com/user/MS4wLjABAAAAbLAmHxNBZwDR41w7mKlfW4r99S0jM1jrInLYOQz8Gbj1w76oxXzT8RunO6fZFpC8,心血管陈涛医生,抖音号： chentao1,广东省中医院慢性疾病管理科主治医师 陈涛,广东省中医院心血管主治医师，硕士，中西医结合心血管病专业，擅长冠心病、高血压、心律失常、心功能不全的中西医结合诊治。,1,11.6w,33.2w,244,
https://www.douyin.com/user/MS4wLjABAAAAnogA3UdCFaTqWkWUo8UQKrlP7Fhm8H5o1DSxReZMFYU,心血管疾病–李建朝医生,抖音号： 773900002,阜外华中心血管病医院主治医师 李建朝,"中国生物工程学会体外循环分会青年委员；
中国生物工程学会河南省体外生命支持分会委员；
中国生物工程学会河南省体外循环分会委员；
河南省医学会重症分会体外生命支持学组委员；中国非公立医疗机构协会体外生命支持专业委员会委员
擅长心脑血管病的紧急救治！
时常给大家分享一些心脑血管健康知识！
希望我的努力能换取您的健康。",269,9.5w,192.5w,242,
https://www.douyin.com/user/MS4wLjABAAAA7XSOZ6T-3pp8_xSPedN4aTwxL9zmzQ-sTCFmET_ZyNEMNmxDy2yj6raORXY7wbUF,心血管科邢雁伟博士,抖音号： DRxingyanwei,中国中医科学院广安门医院心血管科主任医师 邢雁伟,"《心律失常的中医药治疗学》主编
医学博士，博士后，主任医师
博士研究生导师，心血管科副主任
全国第六批名老中医传承人
中西医肿瘤心脏病学组组长
一直从事心血管和肿瘤及放化疗诱发心脏病的预防、治疗
擅长： 频发室早、房颤、室上性早搏、缓慢性心律失常、心衰、冠心病、心肌缺血、心肌梗死、心绞痛以及其他心脑血管病的中西医结合治疗",6,7.2w,1.9w,32,
https://www.douyin.com/user/MS4wLjABAAAAmdT0gim5RxInWQyeUc9FBq3mjxWHPCm8_CPbN5S_NKI,心血管梁医生,抖音号： xzdjt,晋中市第一人民医院心血管内科副主任医师 梁廷臣,"心血管内科副主任医师，从医19年
致力于医学科普宣传，提高大众健康认知
去伪存真，保护我们的健康
做一个温暖的人，浅浅笑轻轻爱稳稳走
本人言论只代表个人观点，仅供参考，与单位无关
每周三上午门诊
感谢关注",620,4.6w,19.3w,226,
https://www.douyin.com/user/MS4wLjABAAAAzXNxpj02mXtvJc2ovuEVoKvYF9J6sw9jvChdn3gOUfA,新仔,抖音号： BL228L,,活得更加精彩,2381,657,2.1w,986,10056
https://www.douyin.com/user/MS4wLjABAAAAAAGNoRG_zA2vH3J5fz_EA6OWYWQMotgt4XiDrKPii1o,熊猫体育,抖音号： 97774377581,,"熊貓体育自媒体
交流 wucheng3345678
一手深度资讯，体坛亮点趣闻
关注我
热爱体育生活，热爱你所热爱",10,1.8w,85.2w,898,
https://www.douyin.com/user/MS4wLjABAAAAXkxHH2YunQbzRdDkpr-otUKSDm3xlm1uwYkI8c5eK6k,修‘甲’医生 王春勇,抖音号： wcy7098,北京大学第三医院 中医科副主任医师 王春勇,"王春勇 北京大学第三医院
擅长：中医内科疾病
呼吸、消化、
心脑、肝胆脾胃、
甲状腺疾病
情绪相关疾病",543,24.2w,65.0w,283,228
https://www.douyin.com/user/MS4wLjABAAAA1Cac5uMNPLFjlYzZ_IVUqJAg2FjrRWJGE9c4PAUXGTo,宣武内分泌,抖音号： xuanyineifenmi,,,9,98,428,24,
https://www.douyin.com/user/MS4wLjABAAAACUHPIp1X-Uxj8vYA4ausAjVWJu8kfyqG0uS80J2iinI,宣武医院普外科刘殿刚,抖音号： LDG101,首都医科大学宣武医院普外科主任医师 刘殿刚,"北京宣武医院普外科主任医师
北京宣武医院胃食管反流中心创始人
擅长手术治疗胃食管反流病，食管裂孔疝，巴雷特食管，贲门失弛缓，消化道肿瘤，营养代谢减重，腹壁整形等胃肠胰腺疾病。
每周四全天门诊",10,43.4w,101.3w,553,
https://www.douyin.com/user/MS4wLjABAAAAw257HayU1jFpGeVi2q03JbVU_Ly035tsZj5jYccoCtvrhwcTPD3cu0EqZg7aE7ea,宣武医院神经外科,抖音号： china_ini,首都医科大学宣武医院神经外科官方抖音号,"宣武医院神经外科官方通道
中国国际神经科学研究所
医疗相关科普
每天挑选评论区10个粉丝提问，大咖1v1解答",47,27.1w,109.7w,399,
https://www.douyin.com/user/MS4wLjABAAAACm-LU6Wm09IGGC5JWk4KOGy3E5bv1rmsH05T1rYIfZo,颜强,抖音号： yanqiang4444,资深媒体人 颜强,资深媒体人,55,3.8w,29.0w,335,
https://www.douyin.com/user/MS4wLjABAAAAE1yKcko_RCdkZV6an0MTgBUgaRJB4NgCSv8r3Q2Byto,,,,,,,,,
https://www.douyin.com/user/MS4wLjABAAAAGzeHBIEOkEgKJqIy73wxsUaJk9AjUKCiOYmXD5i2iL6qL0wBI0lX7ViqkxXcO44W,眼科段医生,抖音号： duanyajian,山西白求恩医院眼科主任医师 段雅剑,"主任医师，硕士研究生导师
山西省白求恩医院眼科主任
美国哈佛医学院博士后
中国医师协会眼科医师分会眼超声专委会委员
山西医师协会眼科分会副会长
山西医学会眼科学分会青年委员会副主任委员
山西健康协会眼健康专委会主任委员
海峡两岸医药卫生交流协会黄斑学组委员
山西省公安厅伤残鉴定专家",83,981,3885,75,
https://www.douyin.com/user/MS4wLjABAAAAOKcokgbRMt2z6lExtVNwRTFCQx9859rqWFtTaQkKa481v1WZoIHOVef465wFw6Pj,眼科医生杨丽霞,抖音号： yankeyishengylx,山东大学第二医院眼科副主任医师 杨丽霞,"眼科学博士，山东大学第二医院眼科副主任医师
职位：
山东省医学会眼科学会角膜病学组委员，
山东省医师协会眼科学会角膜病学组委员，
山东省激光医学会眼科学会委员，山东省老年医学会眼科学会委员
擅长领域：眼整形（双眼皮，眼袋，开眼角，上睑下垂，睑内翻，睑外翻，眼睑肿物美容切除）、干眼、疑难干眼及眼表疾病，眼科常见病及多发病的诊断及治疗。
门诊时间：周一上午，周三上午，周四上午",75,1862,1.6w,91,
https://www.douyin.com/user/MS4wLjABAAAAVeH3wYQCbpvUqsUxUh7ptNo6KdLW-IUD4z77ZL9O6y4,央广网,抖音号： 1019785467,央广网官方账号,讲好中国故事 传播中国声音,27,1119.6w,1.6亿,8038,
https://www.douyin.com/user/MS4wLjABAAAAwk2y4C8lD2u-T888ZTYaSs9BkBp3nnrTFyuVhpWOJBE9mQr6wPRjB5zlfxVke8dB,杨大众,抖音号： yang15668222268,,,789,2097,1.9w,182,
https://www.douyin.com/user/MS4wLjABAAAAHa6pMOJ-GH_TeTf0_27kJH3AH74S0umYqGpbfj-PLyUWgPRNVjVppCcFLD71HqKN,杨国桥,抖音号： ZGYGQ,,"欢迎关注杨国桥，祝您快乐每一天！
海内存知己，天涯若比邻！
One World, One Health!
领域畜牧兽医、食品加工、健康管理师我们携手高知人群改善食品安全！
2012年2月当年19岁在学校成立畜牧专业实践部，饲养的猪鸭不加任何饲料添加剂！
2014—2018年实现每年25万人次的消费者认可！
杨国桥——还原食物本味 伴你健康生活！总之一切围绕人们健康的长寿做有意义的事",66,775,7634,121,
https://www.douyin.com/user/MS4wLjABAAAAcB1sHppPe6uY0I_O4srFS2_0qzBGNLdsqCAgD63DsFvWwY-3tIkQG5-W2uwWNgIL,杨秦荣,抖音号： doctor_yqr,西安交通大学第一附属医院妇产科主任医师 杨秦荣,"三甲医院妇产科主任医师/教授/硕士研究生导师
从事妇产科临床工作50余年
持续科普靠谱的女性健康知识
如有健康问题可留言，我会为大家一一解答！",20,25.4w,28.0w,186,
https://www.douyin.com/user/MS4wLjABAAAAsmuijQVCMz4f0BlQ4yVJ36RC76Exshoxr-UPUizSNQs,山大二院 妇产科杨医生,抖音号： 1596087528,山东大学第二医院生殖医学科主治医师 杨瑞峰,"医学博士。中国妇幼健康研究会生殖内分泌专委会委员；中国妇幼保健学会生殖外科委员会委员；山东省医学会妇产科分会委员。
擅长不孕不育，辅助生殖技术，妇科内分泌疾病的诊治，如月经不调，人工授精，试管婴儿，多囊卵巢综合征，子宫内膜异位症，复发性流产，卵巢功能减退，病理性闭经等。",117,3.0w,3.6w,179,
https://www.douyin.com/user/MS4wLjABAAAA6LfRnavqTWCOdkmOQcqu5gCAoi5pfl4jwVF7Bgn1gCg,要记得开心快乐吆！,抖音号： 1166243917,,就做简单的自己，哪怕是在别人眼里傻傻的，也挺好的。,685,370,9447,305,
https://www.douyin.com/user/MS4wLjABAAAAlYZYKeKA75eoBNFmRdVW2ZdEE-Yo5sWNps-S35dG_w4,野原新之助丶,抖音号： 690804488,,,563,334,6407,339,
https://www.douyin.com/user/MS4wLjABAAAAdAh6adTI7bgHWJv6AtwR-GxHjWxG7HH31Fl2OkhLlZg,叶梁说健康,抖音号： a95301,,健身，健美，健康，养心，养生，养性。,207,5365,2.0w,139,
https://www.douyin.com/user/MS4wLjABAAAArUEFxr0B73uuUIBsHLmkJx1lEtIFxTiGdbXpaknPzxU,叶子,抖音号： 920937691,,知识精,27,19,156,27,
https://www.douyin.com/user/MS4wLjABAAAANQpJL1ZH4S_cnfNj4PhIn-cudJSPNDPQNVJXJbgZ8ftVqoTHFfqFixcqzXXtpbqs,一二宠物馆,抖音号： shiaopao,,每天一个宠物小知识，带你领略不一样的宠物世界,34,194,6020,30,
https://www.douyin.com/user/MS4wLjABAAAAsoOpuGpiLYkl2Wphf_PBmK--x3ZesVp9UXiZkOp0-QE,一分钟讲堂,抖音号： dybh8n9e2lyo,,工作之余传播医学专业知识,29,138,422,35,
https://www.douyin.com/user/MS4wLjABAAAAKJxWnZvYVM27m33BYcT1VxYI1j9gSk-wqQX_ZkZ3F5s,河北医大一院健康学院,抖音号： YiGe_YiGe_,河北医科大学第一医院官方账号,   河北医大一院   河北省健康促进医院   国家定点早癌筛查定点三甲医院   集合知名专家团队   专注健康科普知识   健康科普近年   每周4场直播   每周一二三上午11：20—11：40   每周四上午9：00—9：40,9,9783,5044,277,
https://www.douyin.com/user/MS4wLjABAAAAwxD8sTnAyDZWrCpiTAGp5C7VAxX-P2bYGKcOUaTcpuQ,一诺宝贝,抖音号： 851920796,,奉劝所以不怀好意的渣男，做人一定要有良心。莫做无情之人 天道好轮回 你看苍天饶过谁。,781,760,9548,8,
https://www.douyin.com/user/MS4wLjABAAAA3e00zX2lKA3pi3Rn-CdGegXtj1SCRZPDWRyZuFEELNQ,,,,,,,,,
https://www.douyin.com/user/MS4wLjABAAAACWjp8R7glGXQTo7YvBmXDlsYR5tSyAdFvupHr8FIgWAHBjBmk3NTrIIdMn3srHes,医视屏护理,抖音号： dyxjlpgazpgr,,,5,28,16,11,
https://www.douyin.com/user/MS4wLjABAAAAwUIpGMD2Cx7imk1NyCRU49sCWjP0s_IsGlXKBuVDYl8,宜昌市第二人民医院,抖音号： 188778979,宜昌市第二人民医院,,502,5.9w,25.7w,170,
https://www.douyin.com/user/MS4wLjABAAAAcCZN_d_-oFDxDQc9_4BeDI82Kw0QkF28HFQHB6dCAqMlIMXNAv8viupLaHi-2V2S,胰岛果,抖音号： yidaoguo,,"胰岛果(红果菊芋)发源地
专注胰岛果种质资源培育及产业孵化
药食同源 产业兴农
山东绿思源生态农业
13953008435",51,85,230,23,
https://www.douyin.com/user/MS4wLjABAAAAvFUb3wWzqEIm7UQzYW6d_INuhSJ_uNGsJ-J-BMDlQNu1xcdFNOsX8P_OHdthKAyv,英儿姐,抖音号： ouran1970,,"线上线下指导
多年实体店经验
家庭艾灸指导推广",66,8691,5.5w,403,
https://www.douyin.com/user/MS4wLjABAAAAl-eiLFqTwrth4IUloWQNz-q5fc9nk8e_170VyOTHmQU,营养师佳佳,抖音号： jiajiayys,,"分享靠谱的营养及体型管理知识
国家二级公共营养师，专注减脂7年
暂停更新，咨询同抖音号",2778,3662,6819,108,
https://www.douyin.com/user/MS4wLjABAAAAkYLOaSI1cljtkHdfieDv5SA0KC1p55bRiEm7zYUgRcM,营养师金龙,抖音号： 1274686007,,"减肥不是挨饿，而是与食物合作
食物是自然的馈赠，好身材是明智选择的馈赠
坚信好好吃饭，吃对就会变瘦
南方健康科普大使
咨询:nfjinlong",50,6.0w,27.9w,119,
https://www.douyin.com/user/MS4wLjABAAAAwDeHBPZX4Gnr9nySQwUQOOI9D9ccXEYfvfSYhTu4sd__NKIYWrPdmD3qs2Xd_0oq,勇哥聊皮肤,抖音号： dyi2ff82ifq2,洛阳市中心医院 皮肤科主治医师 王修勇,"公立三甲医院、医学硕士、主治医师
擅长：痤疮、湿疹、急慢性荨麻疹、面部皮炎、银屑病以及病毒感染性皮肤病，白癜风、黄褐斑等色素异常性疾病，性传播疾病的中西医特色治疗。",9,128,283,24,
https://www.douyin.com/user/MS4wLjABAAAAJKRef1G0T6h9jkyJdve0cPKmD2M0QQsrPErjbbodtRY,用户3429257550366,抖音号： 1132315719,,,1824,115,194,51,
https://www.douyin.com/user/MS4wLjABAAAA39wz3FpStEQwaJTm_jJRbJIozMHukZzl0HECP9onT3k,用户5357727577455,抖音号： dy98snxwf6hc,,,226,21,76,52,
https://www.douyin.com/user/MS4wLjABAAAAeC45BQfzLHTs3ycpgtEhAOfReCph9pGtJiJylEXPMDSuuNduobZhNxVCEutrGpyd,用户6268381774259,抖音号： dy8bx2rzzcvs,,,85,12,27,1,
https://www.douyin.com/user/MS4wLjABAAAAFU4ZeTpuCxMD5amnW-UjDjUlwd-5Y4uVspNExX6MG4w,用户6861689268084,抖音号： 858000673,,,944,441,1654,99,
https://www.douyin.com/user/MS4wLjABAAAA3i1XUISHbvFQCyIz36icDhWD62u5ZJ7w54HSSja-Of0,用户7982643694440,抖音号： dyzuevzh6rmu,,,148,112,931,122,
https://www.douyin.com/user/MS4wLjABAAAA86ByIDlNH5P9DAEERpctLWEp0uxatR6ZfnJBzeD-HQfxW0Ftpp49KcBapA3nuABu,用药那些事儿,抖音号： yynxs20190601,安徽省药品监督管理局,"用药健康科普发布权威平台，各大医院科室精英专家与药学专家教您合理用药，提供全面药品信息和用药知识，守护您的健康，学习生活健康小知识！
安徽省药品监督管理局主办！安徽广播电视台大橙子工作室承办！",55,3666,1.4w,132,
https://www.douyin.com/user/MS4wLjABAAAA880fgeEKnmbO72_27vYVKBHmLQpnD4sHRgFABlRhzns,有贵客——喝长安客,抖音号： Yijiangnan258258,,时间可以让人忘记和抹去的！没有过不去的坎！,2561,2436,6.8w,2085,
https://www.douyin.com/user/MS4wLjABAAAAs96sa57_NXT8OW28t5-xgikjCEMsMSSfiqaoSc9DdlwudyVi9GWWwntrMRMQK5wI,俞瑾工作室-唐明华,抖音号： minghuaonline,,分享实用小知识,0,40,215,4,
https://www.douyin.com/user/MS4wLjABAAAAnnQKjxI9dQO4iMLBlRBTDlbhm6cKSmJva81pZ3wUZlY,,,,,,,,,
https://www.douyin.com/user/MS4wLjABAAAAyPjjwoHgnMQEctmmnlEKUR4NKqKVSNTVirrHPN49GmSww8cng8iAIiewm6999K4Y,泽桥科普,抖音号： zeqiaoys2020,优质科普自媒体,"惠泽民生，健康桥梁
每天一集通俗易懂的健康科普视频
科普仅供参考
重预防早知道
想看什么视频告诉我
v：zeqiaoys2020",314,242.5w,692.8w,444,
https://www.douyin.com/user/MS4wLjABAAAAa9u-X30XpRiVMBjpmwGEcNrI_4FJrlb-cTToRp2aGOsM8KE67jTJ7_lt32Ei-j9h,张丽娟医生,抖音号： ZhangLijuan12138,中南大学湘雅二医院妇产科主任医师 张丽娟,中南大学湘雅二医院妇产科主任医师,188,2.7w,11.7w,163,953
https://www.douyin.com/user/MS4wLjABAAAAklAWLvGku0oLn3avu3RldbKGBtVxY7GjmSvHkLf0BkBsY7oRDH_IYZ7bQtHUdcHc,张强医生,抖音号： ttyy7164,中国医科大学附属盛京医院呼吸科副主任医师 张强,"副教授、副主任医师、医学博士、硕士研究生导师
我下过乡、援过疆、援过非、抗过疫、是一名有温度的医生。
出诊时间：周一、周三
出诊地点：中国医科大学附属盛京医院滑翔院区呼吸科专家门诊
医学科普，仅供参考",49,356.5w,2001.8w,370,
https://www.douyin.com/user/MS4wLjABAAAAAtXF2HNcm8X3SJ-D4XA_KOOCblneNYM9qEqsWm6npNOEBzz2nLwTKku7vymVdu3c,张双喜医生,抖音号： Dr.zhangshuangxi,河南中医药大学一附院肛肠科副主任医师 张双喜,"三甲医院医学博士、副主任医师、副教授
英国St Mark’s Hospital、美国Cleveland Clinic等知名肛肠中心访问学者
微创手术治疗肛肠疑难疾病+内科杂病的中医调理",56,9.9w,45.2w,136,
https://www.douyin.com/user/MS4wLjABAAAA1wR03F15BljDWcjK6eNWb1Ck6H7VbS6oQU1KSrnVWKo,张水水信息咨询服务,抖音号： M3510058,兰山区张水水信息技术咨询服务部,"爱出者爱返 福往者福来
加油吧2021",49,2863,1.1w,23,
https://www.douyin.com/user/MS4wLjABAAAA4e6NMukCt3KVSsYMpf-BzKrSmCA45oqPDC1BrxwrxmA,赵明,抖音号： 1779792104,,华中农大噬菌体  安全高效——家禽细菌性疾病的核武器！ 13371468088（微信同号）,5388,2882,2724,62,
https://www.douyin.com/user/MS4wLjABAAAAOSQnN5KmR4pbNbvp3Ez8elc153vdidRWo0QB4z0DzB8,赵天豫主任治肥胖,抖音号： zhaotianyuyi,中日友好医院中医内科副主任医师 赵天豫,"仅此一个号，其他均属骗子，主动加都是骗子
北京三甲医院知名中医内科专家
中西医综合内科临床30多年
咨询主任，看合集展示
擅长治疗肥胖、糖尿病、代谢综合症等，对肥胖治疗有独到经验，帮助数十万人摆脱肥胖问题
参与完成多项国家课题，发表多篇专业论文
《糖络并治肥胖2型糖尿病前期、早期的理论与应用研究》荣获中华中医药学会科技技术奖
北京中西医代谢综合防治学组副主任委员
健康问题可留言，我为大家解",1463,4.6w,7.0w,273,
https://www.douyin.com/user/MS4wLjABAAAAY19NWGwL2Jnw-umFXA8BCmo4sSiWg8dI_tHU_xPmDx7wbmTONgxvLuxmg6WDGQqZ,赵伟医生,抖音号： zhaoweiyisheng,山东省肿瘤医院放疗科副主任医师 赵伟,"世界华人医师协会、华人肿瘤放射治疗组肺癌工作委员会委员
山东省抗癌协会放射肿瘤学会分会委员会委员
山东省疼痛研究会癌痛与姑息治疗专业委员会委员
山东省抗癌协会肿瘤核医学分会委员
师从中国工程院院士、山东省肿瘤医院院长于金明院士
先后参与国家863重点科研项目获得国家发明专利3项、2003年非典先进个人",1192,2975,1.7w,148,
https://www.douyin.com/user/MS4wLjABAAAA9YB0cOXBawlN_SN1HBsx7dBjomvz8nX1Se4EwHQ6zkmHGknDJ-XByOsZIFmbyw7J,赵新菊,抖音号： zhaoxinju11,北京大学人民医院肾内科副主任医师 赵新菊,"抖音仅此一个科普账号，注意甄别
医学博士，北京大学人民医院肾内科副主任医师
擅长诊治急、慢性肾小球肾炎、肾小管间质性肾炎、igG4相关性疾病、妊娠相关肾病、糖尿病肾病以及急慢性肾衰竭等肾脏疾病；
致力于急性、慢性肾衰竭及血液净化相关研究。",162,13.2w,24.2w,441,
https://www.douyin.com/user/MS4wLjABAAAAz3Pfv4BAzJFcKE7y08EIrLPnirQiBZGNr9gp-j226sr0zNxezV5Fq-VA4uqS4IvB,赵彦鹏医生,抖音号： Azhaoyisheng3698,山西中医药大学附属医院不孕不育科主治医师,毕业于广州中医药大学，现工作于山西中医药大学附属医院，分享干货健康知识，传播中医养生理念！,59,192.8w,885.8w,477,
https://www.douyin.com/user/MS4wLjABAAAAu-kwDxCV1YNMnadKMGaQ7ZRD9IBBcD_KIc_PrCdLUeQ,嚞,抖音号： 2531927419tdy,,,1529,128,314,9,
https://www.douyin.com/user/MS4wLjABAAAA2C8gJ2YdqSm7G3uY2itBKAP-RpcQS2XlkbjQPIK71a0,正江苏,抖音号： jsgdzxz,江苏广电中心站管理部官方账号,"了解江苏
记录江苏
这里“正江苏”",16,4.5w,58.0w,1688,
https://www.douyin.com/user/MS4wLjABAAAAxSb2nN0cDtpoxgCiz2LRQUKHox1NHrdBKRA4LvJlfKY,,,,,,,,,
https://www.douyin.com/user/MS4wLjABAAAA3_aatVAq3opJyLa06HC_VjS0U4FLbpqFDvx94uYDSdE,知心蓝医生,抖音号： zhixinlanyisheng,福建省立医院心血管外科副主任医师 蓝永荣,"医学博士、副主任医师
擅长:各种类型心血管疾病微创手术，围手术期心衰、高血压、高血脂药物治疗。
先天性心脏病(微创、不开胸):房间隔缺损、室间隔缺损、动脉导管未闭。复杂先心病外科手术。
心脏瓣膜病(胸腔镜微创瓣膜修复和置换手术、介入不开胸心脏辨膜置换):二尖瓣、主动脉瓣、三尖瓣。联合瓣膜病外科手术。冠心病(微创、不停跳搭桥)主动脉疾病(动脉瘤、夹层)微创支架，外科手术。",74,15.7w,6961,86,
https://www.douyin.com/user/MS4wLjABAAAAvtJPfPqelQZYBZAAzLiTl3AwlZTp425BrhpsQw20E0A,知足常乐,抖音号： 1810928487,,知足常乐,5098,2740,1.2w,285,
https://www.douyin.com/user/MS4wLjABAAAARSVfrGliSg0uuUNOSS86MTjJZJOWlsuyTCQGEBIB0xU,知足常乐@@陈,抖音号： aaa78690,,,371,96,75,73,
https://www.douyin.com/user/MS4wLjABAAAAEUkWK1wlemGUlBYFhykZxVnKc8vTby1zxHXSgLewS54,至味清欢拒绝私聊,抖音号： 1744052778,,开心就好,339,563,2.3w,1386,
https://www.douyin.com/user/MS4wLjABAAAAGWFEyl_NuLBGlV43HPIjpq__gw2xt7FzeoxJk_P5kVc,中国青年报,抖音号： ChinaYouthDaily,中国青年报社官方账号,"奋斗的青春最幸福
投稿邮箱：junshibu@vip.126.com",23,2472.4w,14.2亿,4437,2269
https://www.douyin.com/user/MS4wLjABAAAAVe7sHJ-zibugRrSsvClIFLHL8vJFpgJKKTFis7SbpUw,中国日报,抖音号： chinadaily,中国日报社官方账号,全球精彩短视频，就看中国日报！,12,3561.3w,14.1亿,8020,6
https://www.douyin.com/user/MS4wLjABAAAAm3Q-MxggR4WLOD1RasBcVdeExrItLIu0tIh9BoTgifc,,,,,,,,,
https://www.douyin.com/user/MS4wLjABAAAAtMc50bDySIkC_2c_hMZhygBkrU_taaJq3ZKysXXPwEM,中日友好医院田宏医生,抖音号： 243028551,中日友好医院神经外科主任医师 田宏,"医学博士、副教授、北京大学医学部及北京协和医学院研究生导师
临床专业特长：擅长癫痫的诊断及药物优化调整、顽固性癫痫的微创外科治疗；帕金森病、肌张力障碍、特发性震颤、梅杰综合症的评估和脑深部电刺激治疗",158,2557,3407,31,
https://www.douyin.com/user/MS4wLjABAAAAZa4AKBSREioVU1Xv-S0bw7wlh9iZSCQYm_LRsQEKAUY,中医风湿骨科辛凯,抖音号： TYxinkai,河南中医药大学第三附属医院中医疼痛科副主任医师,"风湿病科副主任医师，科副主任
师从国家级名中医李发枝老师
师承国家级名中医冯明清教授
擅长中西医结合治疗风湿疼痛类疾病及内科杂病
关注我，足不出户享受三甲医院待遇",129,60.3w,323.2w,509,
https://www.douyin.com/user/MS4wLjABAAAAyDvT-PSm1YJ1XfOjTHXaUry3TCdyEj4Ks8-G60OvNKMLNOhbI4Tz42QyKAEOwkom,中医吕沛宛,抖音号： Dr.lpwzhuren,河南省中医院治未病科副主任医师 吕沛宛,,0,4.8w,21.0w,176,76
https://www.douyin.com/user/MS4wLjABAAAA7Awh-kHv1-QpBBRnZctaTkNR6NMNF3TN6Cohdg7sJQJYkT6Bs4YjJOKUgqdoMzVb,中医彭敏,抖音号： zypm1302,山东省立医院中医科副主任医师 彭敏,"专注医学科普，守护您的健康
中医辨证论治，擅长心脑血管疾病，甲状腺结节，肺结节等
科普内容仅供参考
关注我，获取更多健康科普知识",77,31.1w,81.7w,504,
https://www.douyin.com/user/MS4wLjABAAAAGY_1iVqnST-eWdnkPpJYOpVYhJ0T_WzqMl3WEsZOwej1y8KTBAQs3VrfTGzwUZox,中医脾胃科李保双,抖音号： lbsysgzs,西苑医院消化科主任医师 李保双,"中国中医科学院西苑医院消化科主任医师
中华中医药学会脾胃急症专业委员会委员
北京中西医结合学会消化专业委员会委员
擅长慢性胃炎（尤其慢性萎缩性胃炎特别是合并中重度肠上皮化生及不典型增生时，是公认的癌前状态或癌前期病变）、消化性溃疡、肝硬化、慢性非特异性溃疡性结肠炎、急慢性胰腺炎、胃食管反流病等病中医治疗疗效确切；对某些病症如腹胀、痞满、泛酸、便秘等；尤其跟精神因素有关的胃肠疾病如功能性消化不良、肠易激综合症、功能性便秘等",5,18.4w,16.6w,351,
https://www.douyin.com/user/MS4wLjABAAAApFyebi0eTmdLioMUkqfAOUc1x0kavbDAdgkDl_r2KKacXycMtEfFInNWX2Bu8Lmj,中医佘博士,抖音号： zysc1982,长沙市中医医院针灸科副主任医师 佘畅,"红杏林中医学院特约讲师
湖南省高层次卫生人才“225”项目学科骨干人才
现任中国针灸学会火针专业委员会委员
中国针灸学会刺络与拔罐专业委员会委员
从事针灸临床工作10余年
擅长“三通四联”针灸综合疗法治疗
治疗单纯性肥胖、妇科病及胃肠病，擅长电针、火针、灸法、刺络拔罐等多种针灸治疗方法。
在国内外期刊上发表论文10余篇，其中SCI论",33,29.9w,117.3w,123,
https://www.douyin.com/user/MS4wLjABAAAAyvvttNqo8EnuLCJYTX4SltbY7HoL0EombL4PsJaePgu6y8LC0oYyIqW75J_CYKiI,中医肾病曹云松博士,抖音号： 37175294141,北京东方医院肾病科副主任医师 曹云松,"北京三甲中医院肾病专家
中华医学会内科分会委员
中国中医药信息学会肾病分会理事
中国民族医药学会肾病分会理事
主持参与多项国家级、省部级课题，发表学术文章20余篇
擅长：运用中西医结合方法治疗血尿、蛋白尿、慢性肾炎、IgA肾病、糖尿病肾病、高血压肾病、膜性肾病、紫癜性肾炎、肾病综合征、慢性肾功能不全、尿路感染、肾结石等肾脏常见疾病",3581,9.6w,32.8w,377,
https://www.douyin.com/user/MS4wLjABAAAAZ_F-ydEducAGsiZtQMWxCNL1KFsBpT8k-Z5wBdKvnzEqcZaE0wLViSnjtypyo1uc,中医肾病韩东彦,抖音号： 71937655062,中国中医科学院广安门医院肾病科主任医师 韩东彦,"点个关注，不迷路
肾病科 | 主任医师 | 中国中医科学院广安门医院 | 公立
【擅长领域】膜性肾病、过敏性紫癜肾炎、糖尿病肾病、IgA肾病、慢性肾衰竭、水肿、腰痛、失眠、泌尿系结石、血液透析各种合并症。
【个人履历】中华中医药学会肾病分会委员
北京市中医血透质控中心秘书
北京市门诊医疗控制和改进中心委员
抗击新冠肺炎疫情先进个人",36,5.5w,18.1w,274,
https://www.douyin.com/user/MS4wLjABAAAAZ1K9wc_fIIMP1Po9KZtg_xFnn-ZElFhP1Rc7Nsng1WYYnfibzUNq-hODAAcq-MkC,肿瘤科杜振广医生,抖音号： 59642780044,辽宁省人民医院肿瘤三科科室主任 杜振广,辽宁省人民医院肿瘤三科主任 中国抗癌学会肉瘤专业委员会常委中国抗癌协会肉瘤专委会微创学组副主委中国抗癌协会肿瘤微创专委会骨肿瘤学组                秘书中国医药教育协会介入微创专业委员会常              委中国临床实用医学杂志编委中国肿瘤外科杂志审稿专家关注我！给你不一样的医学科普！,39,1.8w,8.3w,129,
https://www.douyin.com/user/MS4wLjABAAAAUKJUB1sghZFwvLkByspNqYQUoIhKki7bOXb1_5eIn4K6F1QFnwvaFulKHRLiFH5U,周雍明主任,抖音号： GAMYYZYM,中国中医科学院广安门医院肿瘤科主任医师 周雍明,"中国中医科学院广安门医院
肿瘤科主任医师
工作单位:广安门医院",36,4.5w,22.7w,104,
https://www.douyin.com/user/MS4wLjABAAAApl_LOoQbRa6r8e9ds-M2zt-I02wO6g3g6LSPBeG0huw,周周,抖音号： 79081860,,在意我的话……     就在意我的话……,513,665,6965,274,
https://www.douyin.com/user/MS4wLjABAAAARoaVNpA6NheBVjtYuyQQ3C0wphcnHIaoh_7Dkmu-sIWo1QqUBnai8u0OAHhU0YkH,紫苏师姐,抖音号： 20200222yyll,,手拿杆秤的现代小师姐,66,7.6w,694,19,
https://www.douyin.com/user/MS4wLjABAAAAbSt32E1kUe2Y9uOtua7xajT8d8cLp1IXPI5yKhsLiyY,紫薰,抖音号： zixun28076,,,584,473,581,43,
https://www.douyin.com/user/MS4wLjABAAAAJDAcepY7JmrUA1xlaV24lsKZrYDhCL8_dvoU0ru9A0M,宗芮伊麻麻,抖音号： 592724048,,记录女儿宗芮伊每天变化，希望她长大可以看看自己每天小时候的样子,173,38,412,149,1305
https://www.douyin.com/user/MS4wLjABAAAAv9E_Bisp3E41UPgyF5eGvjPKtU2cpsQnFWptIcy-d3vECh9Z6wxKT6Zr2JIoE6fJ,总是被忽略的人,抖音号： dyer1mirhv3o,,,441,105,686,160,
https://www.douyin.com/user/MS4wLjABAAAAPBCHKp2P7Mqwfv1OgHl3HvD2iS0bE3QLgok1HNOjGF7HSKnPrZNNagR4mBICxUlu,足球最佳,抖音号： zqoyf,,"更多精彩视频，请baidu搜米8直播
商务合作：57128698",39,11.9w,115.4w,201,578
https://www.douyin.com/user/MS4wLjABAAAA9vS6QpU8ZLqaK-3PddvESc3jqzRljeWNS_fDKijqgas,最有料科技,抖音号： youliaojun520,最有料科技官方账号,"材料科普&国产科技崛起
我是有料君
讲述你不知道的科技故事～",15,60.5w,303.9w,191,