标题,yqt9pfjg_链接,blcemqew,_0xcrq8op,标题链接,mdxcmgb,syhvcxib
搞清楚来路的才能有效控糖,https://www.douyin.com/video/6854471196986133768,421,01:04,https://www.douyin.com/user/MS4wLjABAAAAD8ijiQF8j3-UjJ8Q9-JoathXsmBhQeDC6BI93cExEB-QouOv_s_mrIzI_KESYbEy,内科李大夫,1年前
身体出现这三个信号就不要在喝酒了#健康科普 #饮酒适量 #健康 ,https://www.douyin.com/video/7043659621688413470,729,00:48,https://www.douyin.com/user/MS4wLjABAAAAinT4yIToJ4uxYWza15SwlrbRrFL4aitAnsezC2He-BnLYdbQ9VmFfQXtNILdOU1E,肿瘤介入科刘玉金,2周前
#喝酒 真的能降血糖吗？#医学科普 #四川 ,https://www.douyin.com/video/7005860935172771079,550,02:08,https://www.douyin.com/user/MS4wLjABAAAABaZejiHXFI9ZGM_thNkOmh9EsWiOm0SFwbGRAftJ8I_Bam_H8GGs4EJzgxCWwgZc,中医钟博士,4月前
喝酒会喝出低血糖？珍惜身体，适度饮酒！#饮酒#健康科普 @抖音小助手 ,https://www.douyin.com/video/6998729777200893221,1240,01:30,https://www.douyin.com/user/MS4wLjABAAAAoJ9zbtNLzyoW_WUx8V4K495e9g7nJsBTFaC6JnSv3TI,关节医生王健,4月前
#华西辟谣小分队  靠饿减肥的坏处，真的一大把哟！#dou是知识点,https://www.douyin.com/video/6737577360662465804,1.2w,00:39,https://www.douyin.com/user/MS4wLjABAAAAFZZNL6hr84ojdqvHqxWJlCljAlEEA60jC7pTW5JqwW0,四川大学华西医院,2年前
糖尿病人更容易血糖波动#糖尿病#低血糖#抖音图文来了 #张同学,https://www.douyin.com/video/7041404076583570701,88,00:11,https://www.douyin.com/user/MS4wLjABAAAAN1ZddRMXpI5YGvJUEorvGzdQP9cPHV9oMoEcFAmIkHs,内分泌吴医生,3周前
不建议糖尿病人喝酒、更不能空腹饮酒,https://www.douyin.com/video/7039238703260273927,1033,00:27,https://www.douyin.com/user/MS4wLjABAAAAVS5OBFKG6xgtEu5IoUHBYNz5zt6yM1qwPa56m1gb2qg,孙苏欣讲糖,1月前
吃二甲双胍，伤肝肾吗？#医学科普 #医学常识,https://www.douyin.com/video/6865587675039026432,196,00:37,https://www.douyin.com/user/MS4wLjABAAAAcP1Y98d4VRhLz0RYDQhdHpUqIYpxXM9zS2Ls4A2D5tc,全科明兴,1年前
知道血糖的来路 才能控制好血糖#dou是知识点 #新技能速成,https://www.douyin.com/video/6770593462451473677,2174,01:04,https://www.douyin.com/user/MS4wLjABAAAAD8ijiQF8j3-UjJ8Q9-JoathXsmBhQeDC6BI93cExEB-QouOv_s_mrIzI_KESYbEy,内科李大夫,2年前
2个原因，导致糖友酒后低血糖 #糖尿病 #糖尿病科普 #喝酒,https://www.douyin.com/video/6942775267995733279,1979,00:19,https://www.douyin.com/user/MS4wLjABAAAAxjl17z-31dXFiJJ9eeXPZyHrn6OvqpCoXa-cK6j3npU0p2Y4vVhqtfLgPYEkLgzJ,糖尿病专家顾耀,9月前
#肝脏 #化工厂 肝脏是人体的化工厂，除了具有解毒、代谢功能，还有分泌胆汁、免疫防御等多方面的功能。,https://www.douyin.com/video/6981069769193573673,1187,01:26,https://www.douyin.com/user/MS4wLjABAAAAoltduvZSo4zhm8Q2VkjPsT59eIKeuB4ffunASnXOCYY,肝胆甲状腺健康卫士周臻涛,6月前
饿了是在变 #瘦 吗？饿了5个小时，为什么1斤没瘦呢？ #健康  #减重  @抖音小助手,https://www.douyin.com/video/6959427541975223560,8765,00:44,https://www.douyin.com/user/MS4wLjABAAAAn44NR08H4969FJehEqPL-hBzOSI1xovT1ObQ-WEvumfTMYJvQAYMWLZY0NvWXPdd,胃肠外科王志凯,8月前
为什么肝不好的人容易累？真相是......#科普 #健康   #肝健康,https://www.douyin.com/video/6954226133348977934,1692,00:14,https://www.douyin.com/user/MS4wLjABAAAAbu6IlXnInbzcMl2efNmegiWUrOXeUQi6vIgh3pXyTa4,凤凰大健康,8月前
减肥想要不反弹，这种食物必须得吃！#减肥 #健康 #轻断食,https://www.douyin.com/video/6819484140912659725,766,00:54,https://www.douyin.com/user/MS4wLjABAAAAbu6IlXnInbzcMl2efNmegiWUrOXeUQi6vIgh3pXyTa4,凤凰大健康,1年前
#运动减肥 不降反升？？#达咩 为什么会这样，来听#减重 医生怎么说#健康科普 ,https://www.douyin.com/video/6992439710337535263,27,01:09,https://www.douyin.com/user/MS4wLjABAAAAouN7YikKm1ugKs3TugNDyqNZmebUSC-CaR0D9JyuBkposXPR9qiWI5OSULIERuhf,暨南减重董志勇,5月前
糖尿病患者喝酒，对血糖有什么影响？ #糖尿病科普   #饮酒  #全民健康计划  #知识创作人  @河豚健康,https://www.douyin.com/video/6891513582341655816,5801,00:53,https://www.douyin.com/user/MS4wLjABAAAAoSxHz7HhhQhEQEu3NOycuz6vfG44y0YR2ZBTxx0QT7nStEJgLri2cFFndnmjTb_F,听我说血糖,1年前
二甲双胍为什么肾功能不全的人不可以用#糖尿病 @DOU+小助手,https://www.douyin.com/video/7030238980616506628,944,00:53,https://www.douyin.com/user/MS4wLjABAAAAIh4PYQ_S9jTg-G8nImuO45jgN9OPP13ESSaeADxrNMvHoIdKDc6LF3XA3P0zie72,晓光说药,1月前
肝脏的合成和储存功能有哪些？,https://www.douyin.com/video/6774596112624930063,800,00:43,https://www.douyin.com/user/MS4wLjABAAAAp7EKYSLLf_cMoY5G9rTsERfEBERE9SJQzLZ5scEkCNA,肝博士杨明博大夫,2年前
#健康 #低血糖 低血糖该怎么办！？,https://www.douyin.com/video/7024047850417851685,98,01:25,https://www.douyin.com/user/MS4wLjABAAAAmcNXfToiuj6Z3YmyQ8ano7vCbjoYTXgRB-YZmYO3ZGx_3k1fxdOlxOTzCGH59z2v,蔡蔡说营养,2月前
肝病患者，除了肝功能，这项指标也至关重要#肝硬化 ,https://www.douyin.com/video/7047511556950707470,216,00:35,https://www.douyin.com/user/MS4wLjABAAAA5d6stbH2vUxYSYCV1J1dYuZPCgsjIQ-6WnAixv-O9OgRiQbyzu1gbvIaASJEeTQM,陈晓蓉讲肝病,1周前
经常有患者问：我餐一血糖高，餐二又会下降，波动很大，这是为什么？#糖尿病 #健康科普 ,https://www.douyin.com/video/7028087683566046495,6033,01:12,https://www.douyin.com/user/MS4wLjABAAAAjG5iqlHrg-6ttwiYjOUUSoBKG6UlCjoLi4ZY8s0t4XK5V4Z4WxBNmajqFH7KLkQh,内分泌专家李爱国,2月前
糖友都知道二甲双瓜，但你真正的了解过吗？,https://www.douyin.com/video/6850013142009842952,2117,00:50,https://www.douyin.com/user/MS4wLjABAAAAD8ijiQF8j3-UjJ8Q9-JoathXsmBhQeDC6BI93cExEB-QouOv_s_mrIzI_KESYbEy,内科李大夫,1年前
想要变sou，远离这4种早餐，会让你越吃越宽！#体重管理贾主任 #逆袭 #变美 ,https://www.douyin.com/video/7038520462715964680,429,00:30,https://www.douyin.com/user/MS4wLjABAAAAJPzOWM7rTvE4ydjYoYlIEfWtu32RUvXfsWbeWDO3999d12H9VgfttHD8MIvqz9wS,营养师贾瑾璠,1月前
心律过快治疗效果不明显，可能是因为压力过大，从而引起焦虑、紧张、胸闷、血压、血糖升高等状况#健康 #中医 ,https://www.douyin.com/video/6995841536428756232,500,01:00,https://www.douyin.com/user/MS4wLjABAAAApzqQdtEIKTDezqQGq5HyjACEDTYr3TcG4YETv8NqYvI,血管专家彭玉清,4月前
低皿糖是个急性子，注意5个高发时刻#健康科普 @DOU+小助手 ,https://www.douyin.com/video/6986428530942954759,21,00:49,https://www.douyin.com/user/MS4wLjABAAAAJC591W2EgEI8EVW8mlWQVTStyc1AkXqhOFEbC8Qug29dI315hnGeOpJ9Vw9MqR3Y,内科牛医生,5月前
只要好好控制，病情会向好的方面发展@抖音小助手 ,https://www.douyin.com/video/7032171831490645262,339,00:45,https://www.douyin.com/user/MS4wLjABAAAAZg3VLjL9P0DGwWUmIFLLpfjW_7qK6kat15Ty7ybutRU,肝病专家杨民,1月前
肝硬化+糖尿病怎么办？@抖音小助手 ,https://www.douyin.com/video/7031382639948877087,264,00:48,https://www.douyin.com/user/MS4wLjABAAAAZg3VLjL9P0DGwWUmIFLLpfjW_7qK6kat15Ty7ybutRU,肝病专家杨民,1月前
为什么胖人更易得#糖尿病 ？是你的这个脏器亚历山大了！#健康真相官,https://www.douyin.com/video/6895182761150156039,9353,00:41,https://www.douyin.com/user/MS4wLjABAAAAg-2yC_pb8oDutvfu-ClglW2QK9nmcDuH2eekpQGOXvo,约见名医,1年前
爱护你的 #小心肝 防止代失偿 #健康,https://www.douyin.com/video/6893795440043511047,32,00:17,https://www.douyin.com/user/MS4wLjABAAAAkmV8TDt8QWk8YCx3BFmNRzt-sRnZKb7Tj7CzDCxXt0m6mXZq5NrpXJBdxiV4zBEG,肝病•蔡庆贤,1年前
吃肉少为什么也会血脂高？,https://www.douyin.com/video/6942682090529967400,7107,00:50,https://www.douyin.com/user/MS4wLjABAAAA4vZ4ChzzbZW2-bI733aY7uqCMqh5aRnpbEvyuXUAHbg,周大亮医生,9月前
#健康科普 #甲亢 #糖尿病 ,https://www.douyin.com/video/7029224397089115428,1183,00:25,https://www.douyin.com/user/MS4wLjABAAAAhXRr_xfKYKS0lOLhwAxGfFIIg3Acg0UVggUMxk0dZ8Q8uuk0hWFwToVJtV1R4ONw,甲状腺医生张先慧,1月前
#家庭医生在线 #乙肝 乙肝患者饮食注意,https://www.douyin.com/video/6877775589458201869,41,01:11,https://www.douyin.com/user/MS4wLjABAAAAAJWNeUiT0JQb9QC8E-DzQmWHPC0bCzMN52w2hvY4ymN_vXIhqVsrhCCtyYk0C0tW,珠江医院王新颖大夫,1年前
体检发现甘油三酯高需要治疗吗，怎么治疗#科普健康中国新媒体 ,https://www.douyin.com/video/7034441135716158750,1.1w,02:01,https://www.douyin.com/user/MS4wLjABAAAAtuDOOW5KSrm2TaKAVU2Vp2smhvaSSqlbGqD6Q-f3YtQ,神经内科宋璞医生,1月前
糖尿病和脂肪肝经常一起出现，糖尿病为啥更容易引起脂肪肝？#脂肪肝 #重视脂肪肝 #健康科普 ,https://www.douyin.com/video/7002996931593030951,3180,00:41,https://www.douyin.com/user/MS4wLjABAAAAoSxHz7HhhQhEQEu3NOycuz6vfG44y0YR2ZBTxx0QT7nStEJgLri2cFFndnmjTb_F,听我说血糖,4月前
让你不高兴，就啥也不是。#生活方式医学 #中华生活方式医学 #健康 #中国生活方式医学,https://www.douyin.com/video/6906412054614150400,957,00:26,https://www.douyin.com/user/MS4wLjABAAAA-9RDtCKbgT40O0R-oBSbhHvdCKTKcYXNXcr-cYh_4kmwZUZXuU9TWXQrTTrrfyf_,马欣教授,1年前
低血糖的治疗 #了不起的医生 #健康江西科普先行,https://www.douyin.com/video/6861175634505338119,107,01:14,https://www.douyin.com/user/MS4wLjABAAAA4GX9SdLa89LTwoNritMTmHOSWYoWsw6dvRNhx_ic4oA,江西省人民医院,1年前
我们的肝功能，你知道有那几项吗？#肝功能 #健康科普 #减肥 #脂肪肝 ,https://www.douyin.com/video/7000252433775496479,1600,00:49,https://www.douyin.com/user/MS4wLjABAAAAvtqZQoh09CXUOtnMotwM1WQu6_qnon1MLW2pEEsgjLD2eb9e-lcBRghA8sCGDVEi,中山一院教授张诗军,4月前
糖代谢和脂代谢相互促进，造成了脂肪肝和糖尿病的这种关系。#减重手术,https://www.douyin.com/video/7035161002022849799,4054,00:30,https://www.douyin.com/user/MS4wLjABAAAAWQD4QrP__13V0bq9C0WqS279DEMPtocBxrFGrptb8mWkAwpiHOdtR8zELxrugPM3,医学减重专家刘雁军,1月前
肝脏有哪些功能？#健康 #科普,https://www.douyin.com/video/6921887156139068676,21,01:04,https://www.douyin.com/user/MS4wLjABAAAA5tNsKR3AwtGIYQjeXk_vnSi2OXdfxtDGTY5fkEqhvvc3Gbgg57_AZ4hdcdE6vT3G,怀化市肿瘤医院,11月前
西医赋予肝的功能和中医不同#保护肝脏健康 #肝不好,https://www.douyin.com/video/6879613559790243086,153,00:30,https://www.douyin.com/user/MS4wLjABAAAAv1qCqkiw-VYh6sj_ubWUDjBME1mVYBGOPTPzIPGGRmmvi3avsrpjtD-svrb3KKNW,中医苑惠清主任,1年前
#糖尿病 #二甲双胍 #阿卡波糖 两者之间有什么区别？,https://www.douyin.com/video/7001408383580425512,3765,01:04,https://www.douyin.com/user/MS4wLjABAAAARz9j_M7MXa-9ouVdVcnLp-H3hy32om2DogZjnpEEqRJ8xnVzu9gpHA-6fIwRmWBf,内分泌科宋医生,4月前
浙大儿院常务副院长儿童内分泌科专家傅君芬告诉你 为什么肥胖的孩子一定要引起重视#孩子 #育儿,https://www.douyin.com/video/6825592459205053696,1.8w,00:20,https://www.douyin.com/user/MS4wLjABAAAAeyVlZtFXuZYyuiZ5ZAv2wBFuNJfzvtbDj634_AwLdSQY0M-F1oOEo7ffhMl6BoW9,浙江名医馆,1年前
总吃水果和素食，体检怎么还是脂肪肝？#脂肪肝 #果糖 @抖音广告助手,https://www.douyin.com/video/6970209585571400968,4822,01:53,https://www.douyin.com/user/MS4wLjABAAAAblHDQVv7xTIQG1CjWW3eyPYbunlyLj6G15ry0bJrK9uU5YQKnm3trymJazeTvj6L,木愚医生,7月前
糖尿病为何是万恶之源？看到最后震惊了！#糖尿病科普 @抖音小助手,https://www.douyin.com/video/6834777615807614216,9337,01:00,https://www.douyin.com/user/MS4wLjABAAAAblHDQVv7xTIQG1CjWW3eyPYbunlyLj6G15ry0bJrK9uU5YQKnm3trymJazeTvj6L,木愚医生,1年前
糖尿病和脂肪肝像一对孪生兄弟，往往同时发生，相互转化#减重 #肝#糖尿b ,https://www.douyin.com/video/7044464216325049607,2.9w,00:11,https://www.douyin.com/user/MS4wLjABAAAAZmTvelPbmrr34t12AEi7yFYJT_4uWj8wy8rcoMw7zXw,暨南减重王存川教授,2周前
你听过储脂激素吗？让你变胖的就是它！#减肥 #长胖 #健康 #健康科普 #健康dou起来,https://www.douyin.com/video/6879233948816280847,220,00:28,https://www.douyin.com/user/MS4wLjABAAAAbu6IlXnInbzcMl2efNmegiWUrOXeUQi6vIgh3pXyTa4,凤凰大健康,1年前
都说脂肪肝是小毛病？那是因为你没有看过这个视频！,https://www.douyin.com/video/6907525238364409099,49,00:57,https://www.douyin.com/user/MS4wLjABAAAAu6wHuoad2b6xjtPsb_G-BV4G5_LOZ_qrTCJ_P9-ZMW0P2TF-DiNjBO4yGfeqrIPD,消化科王医生,1年前
这些肝功能指标 你需要知道！不明白的可以继续留言#肝功能 #肝硬化 ,https://www.douyin.com/video/7002887723652566275,7139,01:00,https://www.douyin.com/user/MS4wLjABAAAAkIxEC1qQMssz5ICAEzP9qgch8AQ3n8YV7MACy63p2Rw,张引强大夫,4月前
只有胖子才会得 #脂肪肝？体检查出脂肪肝，别不当回事儿～,https://www.douyin.com/video/6902211616624938244,7,01:46,https://www.douyin.com/user/MS4wLjABAAAA785O83a_zcUhJGDTMCJ0NIcCJs_8_1U_zRISrA9AhHI,熊猫医生,1年前
人为什么会高血糖、糖尿病？一个动画告诉你！#糖尿病 #高血糖 #健康科普 #健康dou起来,https://www.douyin.com/video/6892612101492313344,920,00:39,https://www.douyin.com/user/MS4wLjABAAAAbu6IlXnInbzcMl2efNmegiWUrOXeUQi6vIgh3pXyTa4,凤凰大健康,1年前
肝脏长出现的病症有哪些？#中医健康 #肝脏,https://www.douyin.com/video/6893477613860310276,89,00:56,https://www.douyin.com/user/MS4wLjABAAAACr0_e2TdAJQmbZneik_HRNx_L5V2ZhXmxyJ418UCTZ3GLGJNz0XOn2HKr9nO-Xwd,非常大中医,1年前
糖尿病的首选药是什么？可以停药吗？#四川#医学科普 #糖尿病 ,https://www.douyin.com/video/7002876942764477710,7213,01:03,https://www.douyin.com/user/MS4wLjABAAAABaZejiHXFI9ZGM_thNkOmh9EsWiOm0SFwbGRAftJ8I_Bam_H8GGs4EJzgxCWwgZc,中医钟博士,4月前
肝病患者要少吃高脂高糖的食物,https://www.douyin.com/video/6860406439802899725,130,00:50,https://www.douyin.com/user/MS4wLjABAAAAp7EKYSLLf_cMoY5G9rTsERfEBERE9SJQzLZ5scEkCNA,肝博士杨明博大夫,1年前
#李焱主任 为什么运动后血糖会更高#糖尿病运动 #医学科普 #糖尿病 ,https://www.douyin.com/video/7008730900405964062,698,00:52,https://www.douyin.com/user/MS4wLjABAAAAttnuwgJBI0Kp1-EgbmgDICqIz3etuQ3t7yxqmIFcYXLyQfNTZ0hOzIz4k0Yv0zkD,李焱主任,3月前
脂肪肝危害大，这些情况须当心！#十万个怎么做 #脂肪肝不难治,https://www.douyin.com/video/6847421960427801871,186,00:50,https://www.douyin.com/user/MS4wLjABAAAAzP8oQDUP81V-itbdRRaQdaO4UBLP1bgPr4qvm9SMQPw,宝中医,1年前
有哪些疾bing会诱发脂肪肝?#医学科普 #dou出新知 ,https://www.douyin.com/video/6984676055755869447,112,00:30,https://www.douyin.com/user/MS4wLjABAAAAy6E9c63Salc6LZCp2K3fvaO-e8FuLGj5eozrtNLj6iI,肝病科刘燕玲教授,5月前
体内暗藏这么巨大的仓库，你知道吗？#肌少症#健康减脂,https://www.douyin.com/video/6871512049042689294,1.4w,00:59,https://www.douyin.com/user/MS4wLjABAAAAblHDQVv7xTIQG1CjWW3eyPYbunlyLj6G15ry0bJrK9uU5YQKnm3trymJazeTvj6L,木愚医生,1年前
什么是#胰岛素抵抗 ？#备孕 #多囊 #好孕 @南京鼓楼医院生殖医学科 @DOU+小助手 ,https://www.douyin.com/video/6986913586685791518,661,01:03,https://www.douyin.com/user/MS4wLjABAAAAoI0FOHvQtTVWLHKLqaIevb-E1d2alxshTMjHyDsF1Kk,好孕娜医生,5月前
吃肉少，血脂为什么也高？#高血脂,https://www.douyin.com/video/6945653570909900066,1.7w,00:42,https://www.douyin.com/user/MS4wLjABAAAA4vZ4ChzzbZW2-bI733aY7uqCMqh5aRnpbEvyuXUAHbg,周大亮医生,9月前
体重正常为什么会出现脂肪肝？,https://www.douyin.com/video/6803573881278893320,253,01:00,https://www.douyin.com/user/MS4wLjABAAAAp7EKYSLLf_cMoY5G9rTsERfEBERE9SJQzLZ5scEkCNA,肝博士杨明博大夫,1年前
夏季低血糖的防与治,https://www.douyin.com/video/6863723213587827968,27,00:56,https://www.douyin.com/user/MS4wLjABAAAAvwqzybY4ODGFnYt9VdftgBnoW6aNludDpVfH_dP-4MJq5KHzXnoVJlfsWuT0bLZm,江西省胸科医院,1年前
乙肝患者饮食上要注意些什么？#乙肝 #科普 #健康 #饮食 ,https://www.douyin.com/video/7008377788579335455,369,01:19,https://www.douyin.com/user/MS4wLjABAAAAzgKI5-7qGoQVess8_U_OccvsBb0_wcZmiCKNKD-gbT3mhOm64afA4ncg1nNWV9ql,丁医生营养课,3月前
肺癌比较容易转移到哪些部位呢？#健康 #肺癌 #科普 ,https://www.douyin.com/video/6976924663876259109,1304,00:40,https://www.douyin.com/user/MS4wLjABAAAAYyEW4bDNMafozlSvSWaimG7amgjgzgFQfBkD46Pc1ho,胸外科沈晓咏,6月前
肝病患者要牢记的五个细节,https://www.douyin.com/video/6922328420290448647,189,01:49,https://www.douyin.com/user/MS4wLjABAAAAleg9QrmDax0Iuqe6-0HY5oiXt2yQCTAxDvpQAlWX-Ko,感染科龙医生,11月前
#全民健康计划 中药安全-甘草（完）@河豚健康 @抖音小助手,https://www.douyin.com/video/6831460017015639303,53,00:29,https://www.douyin.com/user/MS4wLjABAAAAkqSZ9-rPO9afa6LCb-tq79txS3byYwCDqABJGk9RECwK8KBlXe5BTnc77S-I1op8,花花药师,1年前
肝脏是五脏中的”将军“，统领着人体的#补气血。肝脏健康，身体才能正常运转#医生,https://www.douyin.com/video/6845124117524516110,207,00:36,https://www.douyin.com/user/MS4wLjABAAAAYO3WaMkdq2gWMMu484ad2EMS1YtW5uIt4nSEFDMq8-0,湘雅唐教授,1年前
#真相来了 荔枝含糖量那么该，为何还会低血糖？#吃荔枝 #荔枝 #低血糖 #医学科普,https://www.douyin.com/video/6839208104345849102,359,00:34,https://www.douyin.com/user/MS4wLjABAAAA_nlCCp0Dzi523lLM6306q4fOqb-DMjxG7OjVH7EifwLFn8jO6GBQDQbWxoC-nE6r,拜托了，玥小医,1年前
今天和大家聊聊 肝脏病变做什么检查更好。￼￼￼￼￼#科普 #医学科普 #影像 #健康真相官,https://www.douyin.com/video/6891197772184259843,1817,02:14,https://www.douyin.com/user/MS4wLjABAAAAa2TTQgNGppFKTk_jj7Uu1_OaNBjMdASaogtSj2Xlxa8aJveztukKsgqlvpBZSmvH,影像科唐威医生,1年前
#每天进步一点点 #中药 #中医 #白血病,https://www.douyin.com/video/6783074674894048516,460,00:57,https://www.douyin.com/user/MS4wLjABAAAAJUG6jZfRGFqquG9uGjMvD1c-uzJ4TUk2CIjGI6eboCY,血液科唐旭东大夫,1年前
怎样测量空腹血糖才正确，你是不是一直都量错了？#糖尿病 #健康科普 ,https://www.douyin.com/video/7044049477530914084,4684,00:32,https://www.douyin.com/user/MS4wLjABAAAAjG5iqlHrg-6ttwiYjOUUSoBKG6UlCjoLi4ZY8s0t4XK5V4Z4WxBNmajqFH7KLkQh,内分泌专家李爱国,2周前
带你秒懂胰腺内分泌和外分泌功能##医学科普 #科普健康知识 #肿瘤 #健康 #健康科普 ,https://www.douyin.com/video/7012911956487179550,596,00:51,https://www.douyin.com/user/MS4wLjABAAAAinT4yIToJ4uxYWza15SwlrbRrFL4aitAnsezC2He-BnLYdbQ9VmFfQXtNILdOU1E,肿瘤介入科刘玉金,3月前
#白血病 #中医 @DOU+小助手,https://www.douyin.com/video/6793086207002692867,836,00:58,https://www.douyin.com/user/MS4wLjABAAAAJUG6jZfRGFqquG9uGjMvD1c-uzJ4TUk2CIjGI6eboCY,血液科唐旭东大夫,1年前
脂肪肝产生的7大原因！#中医 #健康 #健康真相官 #创作灵感,https://www.douyin.com/video/6915260468089113870,715,01:34,https://www.douyin.com/user/MS4wLjABAAAAjrDnWGlYlwFGAFER3NoEyFGQ00Z2Okbs8F6NAWVHrQhDuDRo2Fsh-TbAjSmE5Do8,中医马萍教授,1年前
糖友如何现在适合自己的调理糖尿病的Y？能否停Y不？#健康 #糖尿病 #四川 @抖音小助手 @抖音热点,https://www.douyin.com/video/7001401827807825188,76,00:26,https://www.douyin.com/user/MS4wLjABAAAABaZejiHXFI9ZGM_thNkOmh9EsWiOm0SFwbGRAftJ8I_Bam_H8GGs4EJzgxCWwgZc,中医钟博士,4月前
#加速衰老的食物,https://www.douyin.com/video/6856365675397565704,1848,00:45,https://www.douyin.com/user/MS4wLjABAAAAaG3-ZRyXBz7CCe_JPITwtKTsolPTXThcspYIQz45XPg,新疆逆龄努医生,1年前
降糖药的原理#医学科普,https://www.douyin.com/video/6961288460934139144,696,00:41,https://www.douyin.com/user/MS4wLjABAAAA9nByfrLLUGh50lffkRkz2aBdWqrDDfPWj7gDCecCBsYv713-ERZ6Gd36DkaDnGoi,肝病科郭朋医生,7月前
有脂肪肝的人为什么血糖高，应该怎么办？#脂肪肝#科普#医学,https://www.douyin.com/video/6941308129313410335,4641,00:40,https://www.douyin.com/user/MS4wLjABAAAAiRoLZF5a_i2GVfzGUfkXN8RfzmBVXoEzoUWNlJx4zZmLLNcBA5RTrfiZZXeoeRr9,肝胆内科尤医生,9月前
养肝一定要养脾！ #医学科普  #dou出新知,https://www.douyin.com/video/6963523956968131854,100,00:32,https://www.douyin.com/user/MS4wLjABAAAAy6E9c63Salc6LZCp2K3fvaO-e8FuLGj5eozrtNLj6iI,肝病科刘燕玲教授,7月前
脂肪肝与糖尿病的关系，互相影响，经常共存,https://www.douyin.com/video/6817646149827136768,267,00:37,https://www.douyin.com/user/MS4wLjABAAAAp7EKYSLLf_cMoY5G9rTsERfEBERE9SJQzLZ5scEkCNA,肝博士杨明博大夫,1年前
#健康 #甲胎蛋白 #肿瘤 ,https://www.douyin.com/video/7009900746615328013,427,00:21,https://www.douyin.com/user/MS4wLjABAAAAQ2SuvkamrUNs0sWWBGgr1UwBGyLsYBGYKM3I9MdQrIc,周翔大夫,3月前
肝病病人血糖太高，应该注意些什么？#肝脏 #血糖,https://www.douyin.com/video/6955397844966608163,57,00:30,https://www.douyin.com/user/MS4wLjABAAAAwOXO0GTjoUYlaYtQoGoMyKTRI0kkpahQGOG66eqXbsUVnAG5pcOn-8TiIMfsRcmO,杭州市西溪医院,8月前
血脂就是甘油三酯吗？#血脂 #甘油三酯 #胆固醇,https://www.douyin.com/video/6914971774438345991,6787,00:37,https://www.douyin.com/user/MS4wLjABAAAADpTiEpkjX_fXgDZudeIOTE1fqPky6GK_mbCF0-8jYTA,聊健康的崔主任,1年前
国医名师李佩文,https://www.douyin.com/video/6959807788193172750,539,00:49,https://www.douyin.com/user/MS4wLjABAAAAk4YNkvjgCc28MbX4mfh7eePP0VolqSRNZzQ9MFI1I2Y,国医名师李佩文,8月前
#流鼻血 #白血病 @DOU+小助手,https://www.douyin.com/video/6791242304435817740,1488,00:58,https://www.douyin.com/user/MS4wLjABAAAAJUG6jZfRGFqquG9uGjMvD1c-uzJ4TUk2CIjGI6eboCY,血液科唐旭东大夫,1年前
服用二甲双瓜，一定要多吃这些 #糖尿病  #糖尿病科普@DOU+小助手,https://www.douyin.com/video/6872628876749688077,3160,00:45,https://www.douyin.com/user/MS4wLjABAAAAXfHO1My4IccC9NutDj7_7W5GFjSqWHKlKk5Ju_MgPGI9p3PSQIu0FLtLLR4T8f0S,邹大进医生,1年前
#脐带血 留不留？能不能治#白血病 ，看完就有答案了！#dou出新知 @抖音小助手,https://www.douyin.com/video/6776067605670235400,426,00:58,https://www.douyin.com/user/MS4wLjABAAAAJUG6jZfRGFqquG9uGjMvD1c-uzJ4TUk2CIjGI6eboCY,血液科唐旭东大夫,2年前
您还在吃这些“肥美”的食物么？#世界肝炎日 #肝炎 #健康科普 ,https://www.douyin.com/video/6995100513138216199,608,00:48,https://www.douyin.com/user/MS4wLjABAAAA38-EDyJGCnK5UGf460sSV-f0UfwVwr-l1dX4OWh6xJL6t17JU4m1BBqKt_DZ22XZ,广安门陈长怀主任,4月前
脂肪肝和糖尿病应该先治哪个？#健康科普 ,https://www.douyin.com/video/6985429294474464543,308,00:39,https://www.douyin.com/user/MS4wLjABAAAA9nByfrLLUGh50lffkRkz2aBdWqrDDfPWj7gDCecCBsYv713-ERZ6Gd36DkaDnGoi,肝病科郭朋医生,5月前
#科普 #中医 #水果不能多吃 ,https://www.douyin.com/video/7028445261294882055,4.4w,00:32,https://www.douyin.com/user/MS4wLjABAAAA81nAD_9W0iF_N7BQcSOrGzWIEX4U9ApRVBGeeAWQO80,肿瘤科关念波,2月前
水果吃太多？小心 “果糖” 的危害～#水果#果糖#营养#热量#肥胖#脂肪肝,https://www.douyin.com/video/6960525089951599903,170,01:10,https://www.douyin.com/user/MS4wLjABAAAAVcYDJrxoGkETihvlNkGl96Oj4R83SyMMshA8bSwUjP8,内分泌科医生-刘丹锋,8月前
这个减肥小知识，你知道吗？#南方健康 #科普 #健康养生 #涨知识,https://www.douyin.com/video/6940945335367781662,263,01:23,https://www.douyin.com/user/MS4wLjABAAAA2bhNFqhIP7pS_CNTUHdhlbWrcukpP2rgyDlU08W0eSY,中医孙博士,9月前
吃糖能带给人以快乐，但是过量也伤肝啊。#吃糖 #快乐#高糖食物 #养肝护肝 @DOU+小助手,https://www.douyin.com/video/6919808299340762368,2238,00:34,https://www.douyin.com/user/MS4wLjABAAAAoZF-jPFJcMSeF102XgNbyjOrYknApfTGW-_ZWzfHwkasQgru7YuTJQZx050ekz3z,中医王雅,11月前
肝病患者能否长期服用养肝护肝茶？#健康 #肝 #养肝护肝 #茶,https://www.douyin.com/video/6852664375052995847,292,00:36,https://www.douyin.com/user/MS4wLjABAAAAau4yjoprZghVKM2Mo3vaa4MTaISmqspoOHQ1jfQCulw,小田医生,1年前
糖尿病饮酒后发生低血糖的原因#科普知识 ,https://www.douyin.com/video/6979517657544510733,827,00:21,https://www.douyin.com/user/MS4wLjABAAAAN1ZddRMXpI5YGvJUEorvGzdQP9cPHV9oMoEcFAmIkHs,内分泌吴医生,6月前
治疗多囊，三个脏腑是关键#医者仁心 ,https://www.douyin.com/video/7032170126195707143,127,01:03,https://www.douyin.com/user/MS4wLjABAAAAeoLNbKvv5bZ_8RzqpNn-GLLYpm9cFrxWlHtpOVXJSvE,妇科朱旭华医生,1月前
脂肪肝是“吃”出来的，这些食物可能会引起它，尽量少吃#医学科普 #科普 #健康科普 #中医 #脂肪肝 #健康,https://www.douyin.com/video/6923110880028773646,56,00:45,https://www.douyin.com/user/MS4wLjABAAAAlCxWfvdGFEOP1gsh5bIiR_4vN9JHTHkZHoQ5Mo1KT_lxPi33K29JQQ9Ovvq2O_1A,张涛医生说肝,11月前
乙肝患者不能吃的食物（一）#全民健康计划 #抖音小助手 #科普 @河豚健康,https://www.douyin.com/video/6887876011569040647,195,00:38,https://www.douyin.com/user/MS4wLjABAAAA925xfVizjA9Hv6s6D8NLJHoDkyukJO1bKuV-xItJpsE,小药师夏夏,1年前
#医学科普 #糖尿病 糖尿病患者血脂高怎么办,https://www.douyin.com/video/7004398000055291151,510,00:53,https://www.douyin.com/user/MS4wLjABAAAARz9j_M7MXa-9ouVdVcnLp-H3hy32om2DogZjnpEEqRJ8xnVzu9gpHA-6fIwRmWBf,内分泌科宋医生,4月前
大吃大喝，小心你的肝！#养生 #健康 #肝脏,https://www.douyin.com/video/6781469067741056267,14,00:52,https://www.douyin.com/user/MS4wLjABAAAAbu6IlXnInbzcMl2efNmegiWUrOXeUQi6vIgh3pXyTa4,凤凰大健康,1年前
蜂蜜可以养肝吗？你知道吗？#健康 #科普 @抖音小助手,https://www.douyin.com/video/6864088245332905227,2207,00:38,https://www.douyin.com/user/MS4wLjABAAAA2qaVxzuHTSch968ewieL-bgdo9yfv-pSlPEREXKFyzde9p5DfKqMin7P5kZ8DaS4,黄叔 论肝,1年前
为什么餐后血糖更难控制 #糖尿病 #餐后血糖 #控糖,https://www.douyin.com/video/6938280565154106638,4,00:32,https://www.douyin.com/user/MS4wLjABAAAADcdElJf8oiB8VDdlwN4eIHO4YBxBB-WLmjzBJfXK-CD8tFvp2sG6vbZccq8jsxqW,冯波教授,9月前
#糖尿病 人还能不能喝酒？权威解答来了#十万个怎么做,https://www.douyin.com/video/6911960723555896583,1.2w,00:33,https://www.douyin.com/user/MS4wLjABAAAAg-2yC_pb8oDutvfu-ClglW2QK9nmcDuH2eekpQGOXvo,约见名医,1年前
这种情况#白癜风 用药前必先做检查#白斑#医学科普 @抖音小助手 ,https://www.douyin.com/video/7049270707049598238,187,01:09,https://www.douyin.com/user/MS4wLjABAAAAgwFOX3VgDvSwfgWSUWn5z0nAftSooT-5kZmlU5mNS2hmpLk-BZyA0OvrIpyI6QqH,皮肤科丁医生,6天前
二甲双胍和阿卡波糖哪个降糖药较好？#健康 ,https://www.douyin.com/video/7050263984808676639,4744,00:53,https://www.douyin.com/user/MS4wLjABAAAA062xLtYILS8e4yU1ZsATqW6KHo9dqQKV8i7bjvPxjSqi1DyT73OLAa3gAmLwUtAr,韩昕健医生,3天前
男人健康之路常见绊脚石#医生 #健康 #科普,https://www.douyin.com/video/6865607654178360576,4429,00:27,https://www.douyin.com/user/MS4wLjABAAAAbeYCn4ZdAHpeRsoIS1Y6aMSGrn4IQ4ocncLSLkoLmnw3twyFp9Y5gR2r5OP-gE7f,泌尿外科女博士,1年前
肾虚肝虚？可能导致痛风！专家教你怎么吃！#肝肾健康 #痛风 #食疗 #食疗养生 #养生 #健康 #阴虚,https://www.douyin.com/video/6845463430162418958,2.2w,00:57,https://www.douyin.com/user/MS4wLjABAAAAbu6IlXnInbzcMl2efNmegiWUrOXeUQi6vIgh3pXyTa4,凤凰大健康,1年前
你能听到自己身体的呼救吗？看完全明白了。#健康科普 #胰腺癌 @抖音小助手,https://www.douyin.com/video/6849251727267384590,2.0w,00:58,https://www.douyin.com/user/MS4wLjABAAAAblHDQVv7xTIQG1CjWW3eyPYbunlyLj6G15ry0bJrK9uU5YQKnm3trymJazeTvj6L,木愚医生,1年前
都知道糖和酒精危害大，你知道比这两个危害更大的食物吗？#暑期知识大作战 #健康 #抖音,https://www.douyin.com/video/6867841449027751172,1405,00:53,https://www.douyin.com/user/MS4wLjABAAAAzea_wxBGtLMMw8qNK2QUL5ScIbP4d0n4f8QDK6UeviM,骨科魏宽海教授,1年前
有脂肪肝的朋友，要重视日常的饮食，高热量，高脂肪，高糖等食品尽量少吃！#脂肪旰 ,https://www.douyin.com/video/7024413009929882910,138,00:08,https://www.douyin.com/user/MS4wLjABAAAAgk-QWmZTc_4xDGylocPPMwFmTwf0XD32WWY8A0r2Jsw,肝胆科林帆教授,2月前
肝硬化病人需要特别注意的检查指标#医学科普  #肝硬化 #健康,https://www.douyin.com/video/6940527103574166797,532,00:38,https://www.douyin.com/user/MS4wLjABAAAA54s2T63wTP3wL4WXHY5I-IjUrbj4YOUL9ScU5Q8NspU,肝病科陈大夫,9月前
高脂血症分型及特征 @震洋健康 #医学知识科普,https://www.douyin.com/video/6973211256144661767,160,00:39,https://www.douyin.com/user/MS4wLjABAAAArSyaArOX77OGs_xlNTDp_0TPGvjsZp6U3zhoPVR_Qis,心血管内科王磊医生,6月前
#乙肝 除了药物治疗，自身的规律生活习惯也很重要！@抖音小助手 ,https://www.douyin.com/video/7021067184252194056,532,01:04,https://www.douyin.com/user/MS4wLjABAAAAZg3VLjL9P0DGwWUmIFLLpfjW_7qK6kat15Ty7ybutRU,肝病专家杨民,2月前
你能想象到她身上有多少种病吗？主任都被惊到了#糖尿病 #胃炎 #肾结石 #脂肪肝 #中医#中药 #调理 #健康,https://www.douyin.com/video/6942377554837867807,4162,00:23,https://www.douyin.com/user/MS4wLjABAAAAM5L2xchIcglJsxPSDRB5KIJMGAr2i2nlkM2kwwoolMhOh2FOg3zLh3q_eLokMISg,郑茂斌教授,9月前
脂肪肝会转化成肝癌吗？这样控制才最好#健康 #减肥 #肝 @木鱼医生,https://www.douyin.com/video/6815498257180019979,417,00:47,https://www.douyin.com/user/MS4wLjABAAAA_HMThvJC5ebup36lleKRnIr_ePywJZPvRQwARTZ6H7vh9XmbNd5g0cro4hW8iBsW,泌尿外科傅医生,1年前
喝酒的糖友看过来 看医生怎么说,https://www.douyin.com/video/6805507387156368652,1213,00:48,https://www.douyin.com/user/MS4wLjABAAAAD8ijiQF8j3-UjJ8Q9-JoathXsmBhQeDC6BI93cExEB-QouOv_s_mrIzI_KESYbEy,内科李大夫,1年前
#养肝护肝 的朋友，不妨一试！,https://www.douyin.com/video/6856700212589726991,2941,00:28,https://www.douyin.com/user/MS4wLjABAAAApsGvHFByskf33U90Kn0jyc9vUPc3MOSBnqe8ttIoOH4,秦敏主任,1年前
降糖药降得糖都去哪儿了#糖尿病 #医学科普 ,https://www.douyin.com/video/6986511362566442270,1439,00:53,https://www.douyin.com/user/MS4wLjABAAAAXfHO1My4IccC9NutDj7_7W5GFjSqWHKlKk5Ju_MgPGI9p3PSQIu0FLtLLR4T8f0S,邹大进医生,5月前
肝不好的人，建议远离这些食物，伤肝又伤身，吃了身体雪上加霜！,https://www.douyin.com/video/7000265651281513765,946,03:40,https://www.douyin.com/user/MS4wLjABAAAAYZo34twrzWfXiFHer7radd-gc4wM64yrypNnrtHBxOHF0nPsxtevvnZiLD2Rj30_,黄立坤教授,4月前
肝脏检查很重要!  #医学科普  #dou出新知,https://www.douyin.com/video/6971318559934795016,98,00:41,https://www.douyin.com/user/MS4wLjABAAAAy6E9c63Salc6LZCp2K3fvaO-e8FuLGj5eozrtNLj6iI,肝病科刘燕玲教授,7月前
糖尿病人怎么喝粥？#健康生活 @DOU+小助手 ,https://www.douyin.com/video/7015508987495959819,4970,00:59,https://www.douyin.com/user/MS4wLjABAAAADpTiEpkjX_fXgDZudeIOTE1fqPky6GK_mbCF0-8jYTA,聊健康的崔主任,3月前
"15岁,127公斤，胰岛素抵抗，多囊卵巢，糖耐量异常。#肥胖 #减重代谢 ",https://www.douyin.com/video/6985383596538301735,5.3w,00:28,https://www.douyin.com/user/MS4wLjABAAAA2uebU1ZNTDQCJQKB-4_kVNsoYU1HQ_FpRM6totQj6Og,减重代谢手术喜哥,5月前
补血方法千千万，喝红糖水排在No.1？#补血 @辟屁谣,https://www.douyin.com/video/6806850015424810244,94,00:30,https://www.douyin.com/user/MS4wLjABAAAAHP3LhKOBJihQECAgiB8sguRRVl7Z5m6glU48X0DYnxM,认真健康,1年前
#健康科普,https://www.douyin.com/video/6957266329699110184,55,01:06,https://www.douyin.com/user/MS4wLjABAAAAi1e_F0cwtZ-i69xs_X014pJIeekDDW8B2XuXEipa7OZI-40ZeWGzab36F7Cfl9dm,肿瘤科张彤医生,8月前
在减重期间少吃一点这三类食物#减肥 #反式脂肪 #糖 ,https://www.douyin.com/video/7006224152587799839,10.6w,00:58,https://www.douyin.com/user/MS4wLjABAAAAtR1VByr38eMGQiWv-7e1tnX5sI9FIXcaMFH8KspuTq5lrTlp9kMpcn4zH9s7N9RS,肥胖与代谢科李辉主任,3月前
现在的女性想要变美，戒糖都出来了 #健康  #戒糖  #知识创作人,https://www.douyin.com/video/6896296374288125198,72,00:23,https://www.douyin.com/user/MS4wLjABAAAAlCxWfvdGFEOP1gsh5bIiR_4vN9JHTHkZHoQ5Mo1KT_lxPi33K29JQQ9Ovvq2O_1A,张涛医生说肝,1年前
第219集 | 宫颈糜烂不是病 #健康 #医学科普 #冷知识 @抖音小助手,https://www.douyin.com/video/6951941820561542411,1099,00:37,https://www.douyin.com/user/MS4wLjABAAAAd4-IxvJqrK1OtpdjZRCTfyGkcViJ7jLime4iIfvDMPE,北大医院骨科孙浩林医生,8月前
孩子1岁以内的10个不要！ #十万个怎么做  #育儿,https://www.douyin.com/video/6839161825817267464,2504,01:03,https://www.douyin.com/user/MS4wLjABAAAAKXdhikou_B-cULAC0oeoRHn41yVujTnImhPn54zakaE,儿科医生沈振宇,1年前
甜甜的味道是大家都喜欢的，可是不要贪嘴哦！#医学科普 #肝病专家@南方健康,https://www.douyin.com/video/6909756780545412352,254,00:29,https://www.douyin.com/user/MS4wLjABAAAApOJxHWN7BC79Ed9dtkpgHuCiPD7G3cG85Th1pwdDbeLxG7DpZqrmIzPXPGfoPGDn,李蕴铷,1年前
吃盐酸二甲双胍能喝酒吗？#糖尿病 #饮食 ,https://www.douyin.com/video/6982861035770236197,2154,00:42,https://www.douyin.com/user/MS4wLjABAAAAVS5OBFKG6xgtEu5IoUHBYNz5zt6yM1qwPa56m1gb2qg,孙苏欣讲糖,6月前
糖尿病并发症有哪些？会造成什么样的后果？#医学科普 #高血糖 #健康,https://www.douyin.com/video/6970610084401384711,849,00:51,https://www.douyin.com/user/MS4wLjABAAAAqAXbegB8g_ZuDLDHNGekdVWH_MkpgRBcXFYex4N64ZbLXX19r_6_jPmx3bLP7Kzq,王世东主任,7月前
喝酒会影响我们的血糖吗？#健康科普,https://www.douyin.com/video/6990705007288978721,16,00:42,https://www.douyin.com/user/MS4wLjABAAAAWojn7nDx9RhGxEH-VVflLQXTKHM1bYVPAEhIuitJ1SI,宋药师,5月前
#肝教授 慢性肝炎发作期，转氨酶升高需要重视！#医学科普 #乙肝,https://www.douyin.com/video/6983872373191658785,3233,00:06,https://www.douyin.com/user/MS4wLjABAAAATMmluhQo5vHhVDsYCoQhjymkLpayWMn_eaxzcJIv7Sd1nR3FsJxiIo-r2AZLbvm8,肝脏科老卢,5月前
愿用我毕生所学的知识来造福每一个#肝硬化患者#中医 ，愿大家身体健康！#健康,https://www.douyin.com/video/6955735598170721566,2.2w,00:23,https://www.douyin.com/user/MS4wLjABAAAAVrRxH91ZgCLEvl-xFzomT9gHuEk70Mxn7u4sy4K6Et8,罗伟生/全国名老中医,8月前
阳W一般要检查什么项目？#健康科普 #科普 #涨知识 ,https://www.douyin.com/video/7006239999947508999,1454,00:39,https://www.douyin.com/user/MS4wLjABAAAA74uWXFkSPK73QDEz1m20CtuYw2fC3vfveRekkXlI1H8,男科名医姜辉教授,4月前
核苷酸类抗乙肝病毒药能否停药？#医学科普 #全民健康计划 #肝脏 #乙肝 #抗病毒 #健康 #医学知识科普,https://www.douyin.com/video/6898659463805275400,345,00:51,https://www.douyin.com/user/MS4wLjABAAAAau4yjoprZghVKM2Mo3vaa4MTaISmqspoOHQ1jfQCulw,小田医生,1年前
肝功能异常就只吃药，你可能要后悔！,https://www.douyin.com/video/6998435969955302688,62,00:43,https://www.douyin.com/user/MS4wLjABAAAAk66ib33ioz-Ak0H6Mn2bhUsRaMkoXuA-pMpqoSlJKxpoJb1NNXSr5kW0ejUWsaz1,章述军医生,4月前
#肝教授 这张检查很重要，升高之后要特别注意！！！#医学科普,https://www.douyin.com/video/6991330742080900363,1309,00:06,https://www.douyin.com/user/MS4wLjABAAAATMmluhQo5vHhVDsYCoQhjymkLpayWMn_eaxzcJIv7Sd1nR3FsJxiIo-r2AZLbvm8,肝脏科老卢,5月前
血糖高到底能不能喝酒？,https://www.douyin.com/video/6795785637455793419,1421,00:48,https://www.douyin.com/user/MS4wLjABAAAAD8ijiQF8j3-UjJ8Q9-JoathXsmBhQeDC6BI93cExEB-QouOv_s_mrIzI_KESYbEy,内科李大夫,1年前
胰岛素是如何降血糖的#糖尿病#科普知识,https://www.douyin.com/video/6995449744109636901,93,00:26,https://www.douyin.com/user/MS4wLjABAAAAN1ZddRMXpI5YGvJUEorvGzdQP9cPHV9oMoEcFAmIkHs,内分泌吴医生,4月前
糖尿病前期逆转的两个方法。,https://www.douyin.com/video/6971034341686119716,3827,00:41,https://www.douyin.com/user/MS4wLjABAAAA062xLtYILS8e4yU1ZsATqW6KHo9dqQKV8i7bjvPxjSqi1DyT73OLAa3gAmLwUtAr,韩昕健医生,7月前
孕前检查你知道有哪些吗？#健康科普#备孕,https://www.douyin.com/video/6983481760851954959,38,00:50,https://www.douyin.com/user/MS4wLjABAAAAVzI2K_Dr46sqrYkFbVL5XivnR1c0qHZ8WjTtl3X-pohh4OgLqsUPTuCA0z4N5FNi,中医妇产科蔡昱,5月前
血糖高真的不能喝酒吗？#dou出新知,https://www.douyin.com/video/6778041838168247564,1557,00:48,https://www.douyin.com/user/MS4wLjABAAAAD8ijiQF8j3-UjJ8Q9-JoathXsmBhQeDC6BI93cExEB-QouOv_s_mrIzI_KESYbEy,内科李大夫,2年前
#医学科普 他汀类药物副作用（一）肝功能损害,https://www.douyin.com/video/7034074088578534694,278,02:47,https://www.douyin.com/user/MS4wLjABAAAAmdT0gim5RxInWQyeUc9FBq3mjxWHPCm8_CPbN5S_NKI,心血管梁医生,1月前
#健康科普#夏季养生之道   脂肪肝是怎么引起的？,https://www.douyin.com/video/6959837230638681383,447,00:27,https://www.douyin.com/user/MS4wLjABAAAAYuGagZ-hC41tiMaaQj4ecgK3VTrBFI8wDp7b721K0_lZxynSbDBNkfSUNC2mkmPo,中医师 江一平,8月前
这6类人容易得胆结石，看看有没有你,https://www.douyin.com/video/6908275805156150539,626,01:40,https://www.douyin.com/user/MS4wLjABAAAAz3Pfv4BAzJFcKE7y08EIrLPnirQiBZGNr9gp-j226sr0zNxezV5Fq-VA4uqS4IvB,赵彦鹏医生,1年前
#中药 #中医 #血液病 #儿童 #血常规,https://www.douyin.com/video/6841700799760846093,163,00:55,https://www.douyin.com/user/MS4wLjABAAAAJUG6jZfRGFqquG9uGjMvD1c-uzJ4TUk2CIjGI6eboCY,血液科唐旭东大夫,1年前
减重代谢手术治疗糖尿病后，不吃糖，为什么血糖仍然显示没有下降#减重代谢手术 #糖尿病#血糖 ,https://www.douyin.com/video/7024012156505050398,687,00:27,https://www.douyin.com/user/MS4wLjABAAAAMTXOGc102peTFUZ9SH7jDbWDAtvCjNjEW0sQOAp2VfowJkIFVx4dqvBKpJHxy-i_,张能维医生,2月前
糖尿病患者7大饮食误区，你中了几招？（七）#糖尿病 ,https://www.douyin.com/video/6986525183783800100,255,00:37,https://www.douyin.com/user/MS4wLjABAAAA53ik1gf7AgWIYeylzQXNXkd92EATRWy965xrLzcqQDLxQ_OBixEKyLa31Pr2DF12,北京阜外医院心血管孔博,5月前
水果代餐，多少人这样做过？管住嘴，迈开腿，科学管理自己的身体，才是长久之道 #健康减脂  #减肥,https://www.douyin.com/video/6959735220941638949,7499,00:37,https://www.douyin.com/user/MS4wLjABAAAAFPJqkob4JQZ7zbwtGzNxPHhGhQxJKa6Qhn8Yb2jPhLA,肝博士发现,8月前
有减重作用的四类降糖药#糖尿病#科普知识,https://www.douyin.com/video/6989138780145929485,1076,00:45,https://www.douyin.com/user/MS4wLjABAAAAN1ZddRMXpI5YGvJUEorvGzdQP9cPHV9oMoEcFAmIkHs,内分泌吴医生,5月前
肝弹9.7能不能降下来？#检查 #脂肪肝 #医学科普,https://www.douyin.com/video/7046275711291624715,315,00:44,https://www.douyin.com/user/MS4wLjABAAAAZ2yxUxgAMIL0EPD_Dqj7_XcG6m65A7UyzfuHUxiRywDHTLMzNt33E4saoMo2s_9g,感染科郑毅医生,2周前
血糖高是因为糖吃太多了吗？没那么简单！#医学科普 #健康 @DOU+小助手,https://www.douyin.com/video/6907818021146856704,209,00:34,https://www.douyin.com/user/MS4wLjABAAAAE6N2Ua7sC3oYFBtJWdnF0hLh5nXhoDGQcIhLCawqKaw-0bxdKrj5zWHkyytAOISu,内分泌科史双伟,1年前
这类糖尿病患者，使用胰岛素并不会产生依赖。#中医,https://www.douyin.com/video/6916698095799586061,788,00:20,https://www.douyin.com/user/MS4wLjABAAAAqAXbegB8g_ZuDLDHNGekdVWH_MkpgRBcXFYex4N64ZbLXX19r_6_jPmx3bLP7Kzq,王世东主任,11月前
把饮料当水喝，20岁小女孩得了糖尿病！ #糖尿病  #健康科普,https://www.douyin.com/video/6973455777344343309,18,00:41,https://www.douyin.com/user/MS4wLjABAAAACUyrxpM1lkBDuiOZxMWmiyEcu8ymJiKZ5meCemo5I30pjya9Q594xrjR3DE9pyXQ,中医肾内科医生赵良斌,6月前
脾虚为什么越补越虚？,https://www.douyin.com/video/7035410188010130720,6285,01:04,https://www.douyin.com/user/MS4wLjABAAAAKh3j5CwNZG_jfKR1saSFQkOiuYUk8IpiYH8ANxgKjWQ,中医王成阳博士,1月前
发苦的这两种食物千万别吃，毒性很大，请特别提醒家里的妈妈奶奶#养生 #健康养生,https://www.douyin.com/video/6852584442335104270,501,00:45,https://www.douyin.com/user/MS4wLjABAAAAl-qOANULh2iWWGt2QzSufJiLOf6YMABWt1-nNfDxyaJHzdDyO7MaeojzCXjKCIZx,王小云女性调养,1年前
#糖尿病  糖尿病患者能吃糖吗？,https://www.douyin.com/video/6898115268791291144,14,00:58,https://www.douyin.com/user/MS4wLjABAAAAyosBDJG0eCuVMs5vWQ_a8OTJdow9xglY2HjZbqZIu8w,襄阳市第一人民医院,1年前
#医万个为什么 胡安斌：胰岛移植的效果和优点#医学科普,https://www.douyin.com/video/6938243626661186829,54,02:16,https://www.douyin.com/user/MS4wLjABAAAAaeqJg_VYSVyr1oGEP-fJMrgIEb5QAN9wBaK7cwxrRjdtSib6zQKkQ3pOaWlMFtfx,中山大学附属第一医院,9月前
#无糖 饮料真的不发胖吗？ #代糖 虽然没有热量，但也会促进胰岛素分泌！ #减重  @抖音小助手,https://www.douyin.com/video/6971663559327534373,2245,00:41,https://www.douyin.com/user/MS4wLjABAAAAn44NR08H4969FJehEqPL-hBzOSI1xovT1ObQ-WEvumfTMYJvQAYMWLZY0NvWXPdd,胃肠外科王志凯,7月前
吃降压、降糖、降脂药副作用很大   @震洋健康   #成长力计划,https://www.douyin.com/video/6881547914435431687,2357,01:03,https://www.douyin.com/user/MS4wLjABAAAAwgcA8NnI8Z2oJXDTCQRYPHKAmSyg4gPvGxJ-o9UT3Ne6znK14gX4k46DKiPJSgMN,杨尚达医生,1年前
比熬夜更伤肝，3种行为你也有，快来看看,https://www.douyin.com/video/6914945193577811208,495,01:42,https://www.douyin.com/user/MS4wLjABAAAA3pN_rGzk3IsM75rt9XEn0etL55MTzNmu5ZXr0CJv4s4,消化郭医生,1年前
低蛋白血症患者，日常饮食需要注意什么？,https://www.douyin.com/video/6919659922967842062,58,00:45,https://www.douyin.com/user/MS4wLjABAAAA5dmjW2EgphEESDvuo4kkcW7uqvnc-osa_zgcp-YLLU4,药师妈妈小杨,11月前
#争渡健康 这个问题的孕妈看过来。#医学科普,https://www.douyin.com/video/6974289322585509134,357,01:00,https://www.douyin.com/user/MS4wLjABAAAARiDyMAyM35oM8vof14Ydvbov51ZQ5QKVcU3wyaJoM9MWK83aT5mf7g3s4aPaOHpa,胎儿医学俞教授,6月前
小伙尿酸600+，近期脚不舒服，检查后才发现长满马蜂窝？？#医者仁心#痛风 #老中医@DOU+小助手 ,https://www.douyin.com/video/7007679249964485924,538,00:48,https://www.douyin.com/user/MS4wLjABAAAAyBRO6EXysK_Dejj0bR8FLeTI1HmwgBPTInMe5VvijMg,风湿科王教授,3月前
#糖尿病 #高血糖 不建议糖尿病患者大量饮酒，点到为止即可,https://www.douyin.com/video/6976463088795127075,831,00:40,https://www.douyin.com/user/MS4wLjABAAAARz9j_M7MXa-9ouVdVcnLp-H3hy32om2DogZjnpEEqRJ8xnVzu9gpHA-6fIwRmWBf,内分泌科宋医生,6月前
晚餐吃得多，坏处真不少#糖尿病 #脂肪肝 #健康真相官,https://www.douyin.com/video/6904192132295281934,620,00:31,https://www.douyin.com/user/MS4wLjABAAAAXfHO1My4IccC9NutDj7_7W5GFjSqWHKlKk5Ju_MgPGI9p3PSQIu0FLtLLR4T8f0S,邹大进医生,1年前
酒后难受怎么办？小火医生给你支几招！ #喝酒  #健康养生,https://www.douyin.com/video/6928725023951785223,797,00:55,https://www.douyin.com/user/MS4wLjABAAAAXuNPn9gRnrwUDvMPQMBtBdj1UxwyEakrtD-W5bl9RTqXcnMJGFFtlqCYEj1bSTwe,火箭军特色医学中心,10月前
#医万个为什么 胡安斌：胰岛移植的现状及发展历程#医学科普,https://www.douyin.com/video/6938243281801186568,36,05:12,https://www.douyin.com/user/MS4wLjABAAAAaeqJg_VYSVyr1oGEP-fJMrgIEb5QAN9wBaK7cwxrRjdtSib6zQKkQ3pOaWlMFtfx,中山大学附属第一医院,9月前
#我有一个小秘密 #南方健康 #健康科普 #涨知识 消除黑黑蚊子,https://www.douyin.com/video/7008834604291394848,1153,00:37,https://www.douyin.com/user/MS4wLjABAAAAn9LSSzd4HFTOILT8esIgdDYGZFXL45whV3-EGITxtW1IlCOAitvP7aWZP0ZytCPA,皮肤科景医生,3月前
肝肾不足要调理，甜的水果也要注意！ #医学科普   #dou出新知,https://www.douyin.com/video/6942748772040559909,36,00:45,https://www.douyin.com/user/MS4wLjABAAAAVgMWSmzQAKxHb3bu9Lsbah50wDA9ygnn2-aPfPezfQ4,肾病内分泌科曹钋主任,9月前
#每天进步一点点 做到这2点，可以轻松改善脂肪肝@木鱼医生,https://www.douyin.com/video/6775057603186789645,409,00:43,https://www.douyin.com/user/MS4wLjABAAAAzW6p4sh2xCWY50ogzZXQ5q8IPD_9BTEZEQPFUZXWdlU,心脏科吴主任,2年前
肛周附近瘙痒，你会忍不住去扣吗？#医学科普 #涨知识 #中医健康 ,https://www.douyin.com/video/6984322039620488485,340,00:43,https://www.douyin.com/user/MS4wLjABAAAA3YVWAXbm4GSml4LsJk30EsKjyhAJzciHselPcBtDin2-COWQ635X4_IQU1chIAI-,中医老胡聊白斑,5月前
高甘油三酯会给身体带来什么影响@震洋健康 @中医陈其华医生 #健康科普 #涨知识 ,https://www.douyin.com/video/7014782909584280869,27,00:20,https://www.douyin.com/user/MS4wLjABAAAAIWrqtjZIcosga2_-czt6XAHsNoFIfbgxdDow_IxhNeHK3kqMP9Bp8JFj0OQ8gk8g,袁光雄医生,3月前
宝宝乳糖不耐受有何表现？如何处理？#母婴 #宝宝乳糖不耐受  #知识创作人 ,https://www.douyin.com/video/6978390530803633422,5941,01:31,https://www.douyin.com/user/MS4wLjABAAAA6Bp_rWLKxQ_RqOZbFCS4ViLy8qIDAzHsIcVSvUq14dk,儿科姜主任,6月前
阿卡波糖和伏格列波糖有什么区别#医学科普 #糖尿病,https://www.douyin.com/video/7046295446616100129,3046,00:49,https://www.douyin.com/user/MS4wLjABAAAAIh4PYQ_S9jTg-G8nImuO45jgN9OPP13ESSaeADxrNMvHoIdKDc6LF3XA3P0zie72,晓光说药,2周前
这3种食物最护肝，最后一个种还能降糖！ #健康真相官  #医者名片 #肝 #护肝  #养生  @抖音小助手,https://www.douyin.com/video/6897516480997494023,7841,00:18,https://www.douyin.com/user/MS4wLjABAAAAnsre5mKPTJtMQ9KgutXWYrsqpEjguAC7jy53OYUZlZE,中医王瑞芹,1年前
脂肪肝不能吃什么？@中医陈其华医生 @震洋健康 #知识创作人 #健康真相官,https://www.douyin.com/video/6923155802928876807,3361,00:39,https://www.douyin.com/user/MS4wLjABAAAAanBtIIxmUHwcBu3MNNsFbeitY8BQaEJftM0m4OjXEju7kCOmlk91h1fk-DO1ElIf,中医陈医生,11月前
毛囊炎反反复复，想要减少复发可以这样做#医学科普 #刘翠娥治毛囊炎 #健康 ,https://www.douyin.com/video/7050647971855125767,139,00:29,https://www.douyin.com/user/MS4wLjABAAAA1ixUyCyYLcT_yzNflTPNc5yq9tciXa4vcx12K40J9GY,皮肤科刘翠娥主任,2天前
网红#抖臀奶茶冻 ，你还在喝吗？看看医生怎么说 @杨菊医生 #网红奶茶 #血糖 #健康 #清风计划 #科普,https://www.douyin.com/video/6836907399593397518,493,00:39,https://www.douyin.com/user/MS4wLjABAAAAlCxWfvdGFEOP1gsh5bIiR_4vN9JHTHkZHoQ5Mo1KT_lxPi33K29JQQ9Ovvq2O_1A,张涛医生说肝,1年前
#肝病 #乙肝 教大家怎么看量检查单！#医学科普 #病毒,https://www.douyin.com/video/6943791176864566560,3352,00:53,https://www.douyin.com/user/MS4wLjABAAAAZ2yxUxgAMIL0EPD_Dqj7_XcG6m65A7UyzfuHUxiRywDHTLMzNt33E4saoMo2s_9g,感染科郑毅医生,9月前
降压、降脂等药副作用很大吗？ @震洋健康  @中医陈其华医生,https://www.douyin.com/video/6837723917973556494,1869,01:07,https://www.douyin.com/user/MS4wLjABAAAAIWrqtjZIcosga2_-czt6XAHsNoFIfbgxdDow_IxhNeHK3kqMP9Bp8JFj0OQ8gk8g,袁光雄医生,1年前
糖尿病还会导致胰腺癌?居家勤测血糖就是很好的预防#糖尿病#血糖仪 ,https://www.douyin.com/video/7005862290033511717,1.7w,01:23,https://www.douyin.com/user/MS4wLjABAAAAwWg6yUBodkFGoK5Xo59CXxPnsIIvGHMXe99Ay5xTUS4,影像科孙静医生,4月前
想长骨头快，把这个视频看完！ #中医  #健康养生  #骨折  #科普  #健康真相官,https://www.douyin.com/video/6919354767684717838,742,00:50,https://www.douyin.com/user/MS4wLjABAAAATkAZfWflt_UfhhaoxmSEq0CKEdXlC2u57sW-GxPncAP7K2HCtZEbNVDjSk7A0OYl,中医崔医生,11月前
为什么糖尿病会引起眼表疾病？#医学知识科普 #科普健康知识 #医学科普 #科普一下 #健康科普 #诊室日常 #糖尿病 #眼表疾病 ,https://www.douyin.com/video/7041759139759951134,87,00:35,https://www.douyin.com/user/MS4wLjABAAAAc2iqawXbOiEO0KMIRjJKrMxpPnXccnLzR2xU6wgmw3I,张秀萍,3周前
肝郁脾虚有哪些临床Z状？#医学科普 #健康,https://www.douyin.com/video/6952760135588531493,572,00:29,https://www.douyin.com/user/MS4wLjABAAAA54s2T63wTP3wL4WXHY5I-IjUrbj4YOUL9ScU5Q8NspU,肝病科陈大夫,8月前
#李焱主任 糖友监测病情需要监测哪几项#糖尿病 #糖友自我管理 #检测 ,https://www.douyin.com/video/7037314272896011523,1234,01:03,https://www.douyin.com/user/MS4wLjABAAAAttnuwgJBI0Kp1-EgbmgDICqIz3etuQ3t7yxqmIFcYXLyQfNTZ0hOzIz4k0Yv0zkD,李焱主任,1月前
糖尿病别让自己只能吃后悔药！,https://www.douyin.com/video/6874934266283707663,1142,01:19,https://www.douyin.com/user/MS4wLjABAAAAD8ijiQF8j3-UjJ8Q9-JoathXsmBhQeDC6BI93cExEB-QouOv_s_mrIzI_KESYbEy,内科李大夫,1年前
#脑梗塞，#血糖高，耳鸣头晕，眼干口苦，看#中医如何辨证调理#健康 @彭玉清工作室 ,https://www.douyin.com/video/7021821009380560141,2214,00:43,https://www.douyin.com/user/MS4wLjABAAAApzqQdtEIKTDezqQGq5HyjACEDTYr3TcG4YETv8NqYvI,血管专家彭玉清,2月前
糖尿病药物会伤肝肾吗#糖尿病 ,https://www.douyin.com/video/7009938670618758415,356,00:52,https://www.douyin.com/user/MS4wLjABAAAARz9j_M7MXa-9ouVdVcnLp-H3hy32om2DogZjnpEEqRJ8xnVzu9gpHA-6fIwRmWBf,内分泌科宋医生,3月前
总说痰湿重是什么意思呢#医学科普 ,https://www.douyin.com/video/6984687009528925454,55,01:04,https://www.douyin.com/user/MS4wLjABAAAA0iJ3s3SQmP1K47lK8wMxTKeuAeoj6zIqesKH4El25Nc,结节专家石青,5月前
内分泌科史双伟,https://www.douyin.com/video/6910504503200517376,52,00:39,https://www.douyin.com/user/MS4wLjABAAAAE6N2Ua7sC3oYFBtJWdnF0hLh5nXhoDGQcIhLCawqKaw-0bxdKrj5zWHkyytAOISu,内分泌科史双伟,1年前
胰岛素不伤肝也不伤肾，是不是用胰岛素就够了？#dou听医生说 #健康科普 #医生科普 @抖音小助手 ,https://www.douyin.com/video/6992511333812030751,1063,01:03,https://www.douyin.com/user/MS4wLjABAAAAD8ijiQF8j3-UjJ8Q9-JoathXsmBhQeDC6BI93cExEB-QouOv_s_mrIzI_KESYbEy,内科李大夫,5月前
喜欢饭后吃水果？肝可受不了 #科普 #涨知识,https://www.douyin.com/video/7010274935490841889,449,00:38,https://www.douyin.com/user/MS4wLjABAAAAVsmHLyTZ9d7T5cpcJTsrLxZaqwXWFU4fCMqkzTZmXjc,健康齐鲁,3月前
”糖丸爷爷“顾方舟，以子试药，感动了无数人 #糖丸之父顾方舟,https://www.douyin.com/video/6876346668229479688,769,00:27,https://www.douyin.com/user/MS4wLjABAAAAFPJqkob4JQZ7zbwtGzNxPHhGhQxJKa6Qhn8Yb2jPhLA,肝博士发现,1年前
50岁以后，想要预防#心脑血管疾病 ，该做哪些检查？#健康 ,https://www.douyin.com/video/7006130541921570063,2593,00:47,https://www.douyin.com/user/MS4wLjABAAAA7GTqotGqBiAqUQsg8lSKIcS_2R8XGIbv8WZGg8jQ0wsr1BTSxKwUZ4FG-ZV7K2sY,心脑血管专家黄教授,4月前
降糖药是如何降糖的#糖尿病#科普知识,https://www.douyin.com/video/6989520269379472648,180,00:40,https://www.douyin.com/user/MS4wLjABAAAAN1ZddRMXpI5YGvJUEorvGzdQP9cPHV9oMoEcFAmIkHs,内分泌吴医生,5月前
备孕前要做哪些检查呢？少一个都可能出问题，一定要记下来！#孕期知识,https://www.douyin.com/video/6869782327275375876,279,00:23,https://www.douyin.com/user/MS4wLjABAAAAeqdjXA3Syi7rhGw7bEKTxW2HCB82Bmfh2T298X_1mQH3eaBOEX3ybQOELXffhzmN,谢医生说怀孕,1年前
海伦市人民医院内分泌科和血管外科共同为患者研讨最佳治疗方案，解决患者久病的困扰。#医者仁心 #健康 ,https://www.douyin.com/video/7007684123296943371,11,00:43,https://www.douyin.com/user/MS4wLjABAAAAKIhe0CGbpsGskwjHJxDwexRmLVmpRVjDiXF8_0dWsA0,海伦市人民医院,3月前
脂肪肝不是胖子们的专利哦,https://www.douyin.com/video/6934539357751610627,352,01:34,https://www.douyin.com/user/MS4wLjABAAAAMncDv689NgXx6d6F1j_-w0Ozoh8GcEmDCvJXSCu6bQY,胡博文 肝胆医生,10月前
#科普 降血糖有9大误区，你占了几个？#医学知识科普 #医学科普 #涨知识 #健康真相官 @抖音小助手 ,https://www.douyin.com/video/6976603753692531975,1882,03:21,https://www.douyin.com/user/MS4wLjABAAAAlIoKCdFUqqq-qFZ-_1i31A2qfNQqtMqzu8fK1uPBjMI,心血管内科王占胜,6月前
Z疗白D风的有哪些呢？#科普#白癜风,https://www.douyin.com/video/6954958632802979105,92,00:50,https://www.douyin.com/user/MS4wLjABAAAAsqLO8iebpTcDaFyR9G5g7B8AP9wIK5xrosnzXcEsVBRPx-X-eavM9WAgHrcz5B0e,皮肤科医生黄进华,8月前
老年糖友注意这三点，运动更安全#糖尿病 #糖尿病科普 #健康真相官,https://www.douyin.com/video/6929790854341102862,969,00:24,https://www.douyin.com/user/MS4wLjABAAAAXfHO1My4IccC9NutDj7_7W5GFjSqWHKlKk5Ju_MgPGI9p3PSQIu0FLtLLR4T8f0S,邹大进医生,10月前
小伙各项指标都高，老中医开中yao调理！ #老中医  #健康  #dou出新知,https://www.douyin.com/video/6908606344983547143,5199,00:40,https://www.douyin.com/user/MS4wLjABAAAAfwq0yuDqn232MXXHAN3MpG8GJE71R3u-8GqpN993bdQ,内科吴金荣医生,1年前
二甲双胍背后的真相！,https://www.douyin.com/video/6863294328828185856,801,01:18,https://www.douyin.com/user/MS4wLjABAAAAD8ijiQF8j3-UjJ8Q9-JoathXsmBhQeDC6BI93cExEB-QouOv_s_mrIzI_KESYbEy,内科李大夫,1年前
春季养#肝 最当时，三种食物最护肝，记得收藏哦。#科普 #养生 #中医,https://www.douyin.com/video/6807714106221628672,4.3w,00:19,https://www.douyin.com/user/MS4wLjABAAAAfG31wB4b0-WuEZxElTD0q8TdSea2Saut08wbdKKNoaA,博士肖医生,1年前
护肝就吃这三种食物。#dou出新知 #养生 #肝,https://www.douyin.com/video/6845587248579169550,3344,00:20,https://www.douyin.com/user/MS4wLjABAAAAWvlvZDPNgm_TDV_q-YS20jTqTIw3cKi7gDeb0TWEvQY,史浩医生,1年前
胃旁路手术动画演示！#减重医生殷国志 #减重医生 #袖状胃手术 #胃旁路 #减重医生殷国志 #医学科普 ,https://www.douyin.com/video/7006112751760280840,623,00:46,https://www.douyin.com/user/MS4wLjABAAAA0UrW-yx3wIvC9vhQs_Q5l8zG7nj5FcsJKDxG0NZmuNU,西安减重医生殷国志,4月前
这五类人是肝癌高危人群，要当心了#健康科普,https://www.douyin.com/video/6808443346642652430,4625,00:33,https://www.douyin.com/user/MS4wLjABAAAAwWg6yUBodkFGoK5Xo59CXxPnsIIvGHMXe99Ay5xTUS4,影像科孙静医生,1年前
这两件事比熬夜的危害更大，很多人还在做！,https://www.douyin.com/video/6920416304570633485,9,00:42,https://www.douyin.com/user/MS4wLjABAAAAaAAumYu4XiuHhZkMGZ0lxLYj1lKT18eEsZofOzP0_XI,放射科梅主任,11月前
慢性咽炎在家调理，不花冤枉钱！#养肝护肝 #养生健康,https://www.douyin.com/video/6871582955626679559,1.5w,00:53,https://www.douyin.com/user/MS4wLjABAAAAlCxWfvdGFEOP1gsh5bIiR_4vN9JHTHkZHoQ5Mo1KT_lxPi33K29JQQ9Ovvq2O_1A,张涛医生说肝,1年前
#冠心病 #支架 #健康科普 ,https://www.douyin.com/video/7001799626705734944,674,01:53,https://www.douyin.com/user/MS4wLjABAAAAeSYHLpn__d6lr0PdHIMsfc4SsjGjM76zhwyiZbUl2W7vsAKxl-tBDP8rhjdQ1Qrs,心脏科医生张晶 脱口秀,4月前
肺结节患者大多肝郁脾虚，这类东西必须少吃！#涨知识 #科普,https://www.douyin.com/video/6960915136898944270,349,00:44,https://www.douyin.com/user/MS4wLjABAAAAOxFasMtvBqdIhS7NAAftazCYTAWjOOExvscUpY5hB2I1-y2TRISzLfW4lAa5d122,呼吸科张永涛医生,7月前
#健康科普 #涨知识 ,https://www.douyin.com/video/7026545706370436389,1.2w,00:46,https://www.douyin.com/user/MS4wLjABAAAAjG5iqlHrg-6ttwiYjOUUSoBKG6UlCjoLi4ZY8s0t4XK5V4Z4WxBNmajqFH7KLkQh,内分泌专家李爱国,2月前
吃降压药还能喝酒？结果你可曾想过吗？#dou出新知识 #健康 #降血脂,https://www.douyin.com/video/6786885134265158926,190,00:56,https://www.douyin.com/user/MS4wLjABAAAALSsI6ExKHdv5sI3cDVY3DGHyd4YHLr2K2s3m2TaIQcU,大城小医,1年前
每天情绪不好，注意，这病可能会找上你 #健康养生  #医学科普  @肖瘤健康 ,https://www.douyin.com/video/6979483344568454431,214,00:23,https://www.douyin.com/user/MS4wLjABAAAAvtqZQoh09CXUOtnMotwM1WQu6_qnon1MLW2pEEsgjLD2eb9e-lcBRghA8sCGDVEi,中山一院教授张诗军,6月前
哪三种食物最护肝？#健康 #养生 #养肝 #暑期知识大作战,https://www.douyin.com/video/6860410845004958989,46,00:40,https://www.douyin.com/user/MS4wLjABAAAAQ8x67AdlB0QU7r-8lvv0DYmaDKTqj7IOYDf39_MKqoDpYRnzp-iBFSSknuEhJO9q,健康云养生,1年前
二甲双胍为什么是医生开的首选药，真实用药原理你知道吗？ #二甲双胍  #糖尿病,https://www.douyin.com/video/6857388952035396871,4454,01:15,https://www.douyin.com/user/MS4wLjABAAAAD8ijiQF8j3-UjJ8Q9-JoathXsmBhQeDC6BI93cExEB-QouOv_s_mrIzI_KESYbEy,内科李大夫,1年前
有糖尿病的朋友，可以喝⑨吗？专科医生给你答案#每天进步一点点 @熊露医生,https://www.douyin.com/video/6779125623982935311,245,00:39,https://www.douyin.com/user/MS4wLjABAAAAE6N2Ua7sC3oYFBtJWdnF0hLh5nXhoDGQcIhLCawqKaw-0bxdKrj5zWHkyytAOISu,内分泌科史双伟,2年前
吃素节食后，脂肪肝竟然严重了！#脂肪肝,https://www.douyin.com/video/6856266408414809344,58,00:43,https://www.douyin.com/user/MS4wLjABAAAAzP8oQDUP81V-itbdRRaQdaO4UBLP1bgPr4qvm9SMQPw,宝中医,1年前
有哪些是需要空腹做的肝病检查？#科普  #健康  #涨知识,https://www.douyin.com/video/6954971093123730725,686,00:19,https://www.douyin.com/user/MS4wLjABAAAAiRoLZF5a_i2GVfzGUfkXN8RfzmBVXoEzoUWNlJx4zZmLLNcBA5RTrfiZZXeoeRr9,肝胆内科尤医生,8月前
胎儿肝区强光斑要不要紧？ #争渡健康,https://www.douyin.com/video/6960599136248843553,179,00:33,https://www.douyin.com/user/MS4wLjABAAAARiDyMAyM35oM8vof14Ydvbov51ZQ5QKVcU3wyaJoM9MWK83aT5mf7g3s4aPaOHpa,胎儿医学俞教授,8月前
#全国抗癌日 #宽仁科普 #医学科普,https://www.douyin.com/video/6951257443020164365,25,01:52,https://www.douyin.com/user/MS4wLjABAAAAZ_LwYeHnfHc7Fjjl5nQaGoEILyRwEzwkOmP5A9JII44,重庆医科大学附属第二医院,8月前
#科普科普科普 减重手术前要做哪些检查？,https://www.douyin.com/video/6606958707429346564,41,00:42,https://www.douyin.com/user/MS4wLjABAAAAPjEMcBcE1Tf84nDeaem5ecVuT0vhn4uqj3zBEeHVZl0,减重外科姚琪远主任,3年前
肝火旺，总搂不住火，刚开春喝点它 还挺好的 @抖音小助手  @DOU+小助手,https://www.douyin.com/video/6932327952784821511,2.0w,00:49,https://www.douyin.com/user/MS4wLjABAAAA9BoUj5V8BAnPRzyewUVbTcEA_OIcucBkmfDFNBqKTJY,lntv健康一身轻,10月前
想养肝，就别做这件事#医学科普 #暑期知识大作战 #健康科普 #科普健康知识 #健康 #中医 #养生 七夕,https://www.douyin.com/video/6864479699498716424,196,00:43,https://www.douyin.com/user/MS4wLjABAAAAlCxWfvdGFEOP1gsh5bIiR_4vN9JHTHkZHoQ5Mo1KT_lxPi33K29JQQ9Ovvq2O_1A,张涛医生说肝,1年前
#肝硬化 都说可怜天下父母心，其实孩子比我们想象中懂事#我的门诊故事 #亲情 @抖音小助手 ,https://www.douyin.com/video/7039603623491325198,717,00:50,https://www.douyin.com/user/MS4wLjABAAAAd1Ki3m15x5h4EtLVmE5G2zsQFgemQksv0igG1FxnWF_SXkaaZt1-BZTVGJCADPO0,徐列明讲肝病,1月前
春季是养肝的好季节，今天给大家分享三种护肝食物。#科普 #dou出新知 #健康dou起来 #肝,https://www.douyin.com/video/6818107915287661831,5864,00:20,https://www.douyin.com/user/MS4wLjABAAAAWvlvZDPNgm_TDV_q-YS20jTqTIw3cKi7gDeb0TWEvQY,史浩医生,1年前
脂肪肝在年轻人中越来越普遍，那么是哪些原因引起的脂肪肝呢？如果你也有这些问题，记得赶紧纠正哦~#脂肪肝,https://www.douyin.com/video/6898291213510757646,90,00:45,https://www.douyin.com/user/MS4wLjABAAAAu6wHuoad2b6xjtPsb_G-BV4G5_LOZ_qrTCJ_P9-ZMW0P2TF-DiNjBO4yGfeqrIPD,消化科王医生,1年前
脂肪肝怎么办，试试消脂降糖散！#健康科普排位赛 #脂肪肝,https://www.douyin.com/video/6868954959967259919,385,00:44,https://www.douyin.com/user/MS4wLjABAAAAzP8oQDUP81V-itbdRRaQdaO4UBLP1bgPr4qvm9SMQPw,宝中医,1年前
这类人属于胰腺ai的高危人群，国科大肿瘤医院肝胆胰外科副主任张宇华健康提醒#健康 #肿瘤 #胰腺癌,https://www.douyin.com/video/6888645082950421767,345,00:25,https://www.douyin.com/user/MS4wLjABAAAAeyVlZtFXuZYyuiZ5ZAv2wBFuNJfzvtbDj634_AwLdSQY0M-F1oOEo7ffhMl6BoW9,浙江名医馆,1年前
春天是养肝的好季节，这3种食物最护肝！#中医 #养生,https://www.douyin.com/video/6819957665398148364,3.2w,00:18,https://www.douyin.com/user/MS4wLjABAAAAv1h1Vixtx_H9j_poDGKVl0sId5YYlRGuXGKVnRlVwuEnoSthP1Kr4y_rJ5B7UmF7,王慧鸽医生,1年前
得了脑中风，饮食很关键。一定要注意！#养生 #中风,https://www.douyin.com/video/6847708895960419591,13,00:43,https://www.douyin.com/user/MS4wLjABAAAA7YyHLsu7Ws5fyYuv27rL7k7Qdg22LWegjtQu2U_8cExe2M1sDdRRoQXQgykID1Ac,滑县中心医院,1年前
面对全腹CT我们应该如何下手分析，腹腔众多脏器我们应该怎样阅片,https://www.douyin.com/video/6825815211669343502,1022,07:46,https://www.douyin.com/user/MS4wLjABAAAAZsS59wygjVSUkUnU8k5xCZGkGxerycWRwzP8I4Tm31U,放射科宋医生宋贤亮,2年前
别让孩子输在“起跑线”#十万个怎么做 #dou出新知 #养肝 #养生,https://www.douyin.com/video/6827430377955544323,223,00:59,https://www.douyin.com/user/MS4wLjABAAAAlCxWfvdGFEOP1gsh5bIiR_4vN9JHTHkZHoQ5Mo1KT_lxPi33K29JQQ9Ovvq2O_1A,张涛医生说肝,1年前
这些美容产品不要在被骗了#南方健康 #健康科普 #涨知识,https://www.douyin.com/video/6972488625049177374,269,00:30,https://www.douyin.com/user/MS4wLjABAAAAn9LSSzd4HFTOILT8esIgdDYGZFXL45whV3-EGITxtW1IlCOAitvP7aWZP0ZytCPA,皮肤科景医生,6月前
#怔忡 与#心悸。#熊露医生 #中医 #我的门诊故事 @抖音小助手 ,https://www.douyin.com/video/6975017545128578318,353,00:39,https://www.douyin.com/user/MS4wLjABAAAAPOsHx2GIQ7J_WW1wI90LRiTdxmowS7JU7U06PGbq4fLFCnd6jPWF8B7Zd1gfenPh,熊露医生,6月前
糖尿病人到了最后，最想吃的是后悔药！#糖尿病早预防早治疗,https://www.douyin.com/video/6827378031586315523,5874,01:16,https://www.douyin.com/user/MS4wLjABAAAAD8ijiQF8j3-UjJ8Q9-JoathXsmBhQeDC6BI93cExEB-QouOv_s_mrIzI_KESYbEy,内科李大夫,1年前
好久不见，这期来说说药物性肝损伤吧！@抖音小助手 #医学科普,https://www.douyin.com/video/6868984883067292939,3471,00:28,https://www.douyin.com/user/MS4wLjABAAAAoZF-jPFJcMSeF102XgNbyjOrYknApfTGW-_ZWzfHwkasQgru7YuTJQZx050ekz3z,中医王雅,1年前
3个月内清除了酒精脂肪肝，他做对了什么？#糖尿病 #糖尿病饮食 #健康养生 @抖音小助手 ,https://www.douyin.com/video/7047836179638652167,412,00:44,https://www.douyin.com/user/MS4wLjABAAAAXfHO1My4IccC9NutDj7_7W5GFjSqWHKlKk5Ju_MgPGI9p3PSQIu0FLtLLR4T8f0S,邹大进医生,1周前
肝脏四项超标还需要吃降血脂药物么？#血管#健康#医学科普 #答疑 #健康dou起来,https://www.douyin.com/video/6871217643332930829,354,02:19,https://www.douyin.com/user/MS4wLjABAAAA53ik1gf7AgWIYeylzQXNXkd92EATRWy965xrLzcqQDLxQ_OBixEKyLa31Pr2DF12,北京阜外医院心血管孔博,1年前
糖尿病合并脂肪肝用什么降糖药#这个视频有点料 #科普 #健康 @南方健康 @抖音小助手,https://www.douyin.com/video/6818185347139259651,2146,00:56,https://www.douyin.com/user/MS4wLjABAAAAyUYSI-jS6EXKebiIDJb10RITQ7iK_hHGnBy6gJaSxHg,李青大夫,1年前
越来越多的人查出脂肪肝，都是因为这几个原因！,https://www.douyin.com/video/6909036562068032781,32,00:51,https://www.douyin.com/user/MS4wLjABAAAAu6wHuoad2b6xjtPsb_G-BV4G5_LOZ_qrTCJ_P9-ZMW0P2TF-DiNjBO4yGfeqrIPD,消化科王医生,1年前
许多人在问如何养肝，今天就告诉大家7个养肝的秘诀。 #养肝护肝  #知识创作人,https://www.douyin.com/video/6898127264181996813,247,00:31,https://www.douyin.com/user/MS4wLjABAAAAlCxWfvdGFEOP1gsh5bIiR_4vN9JHTHkZHoQ5Mo1KT_lxPi33K29JQQ9Ovvq2O_1A,张涛医生说肝,1年前
保护好gan，这2件事要少做哦#科普健康知识,https://www.douyin.com/video/6922731849492040967,1446,00:41,https://www.douyin.com/user/MS4wLjABAAAAeMMKEbM8a_4llauSh-WQtyx2m7EtdNsyv2_ncHsbcMgBQhfPl6W2OKsy7SC6i9mN,张兴明医生,11月前
避免肝损伤  这是专业肝病科医生的必修课#肝损伤,https://www.douyin.com/video/6946842685948955918,3249,00:39,https://www.douyin.com/user/MS4wLjABAAAAkIxEC1qQMssz5ICAEzP9qgch8AQ3n8YV7MACy63p2Rw,张引强大夫,9月前
36岁小伙，也不胖，有脂肪肝、血脂高，3类食物升高血脂 #高血脂  #脂肪肝  #健康 ,https://www.douyin.com/video/7027348043984801063,5710,02:29,https://www.douyin.com/user/MS4wLjABAAAAebrk8AJSBr-XKxpJPASQEgJ6IsMaT_aBOqWz7vE03tA,疼痛科张医生做科普,2月前
准备要#宝宝 的朋友#备孕 前先做这些检查#漫漫求子路 #孕孕孕 @抖音小助手,https://www.douyin.com/video/6844457842620009742,4992,00:49,https://www.douyin.com/user/MS4wLjABAAAAIsQJ3wQqxrP69-zM6uG9bSEJgSeTHRZZzKnJATWTNqaRkSHvvNexaROClYBykTQ3,湘雅肖岚,1年前
血脂高的六个原因你中了几条#高血脂 @DOU+小助手 @河豚健康,https://www.douyin.com/video/6952434887521520927,606,00:50,https://www.douyin.com/user/MS4wLjABAAAAIh4PYQ_S9jTg-G8nImuO45jgN9OPP13ESSaeADxrNMvHoIdKDc6LF3XA3P0zie72,晓光说药,8月前
最全的#孕妇 #产检 时间表，建议收藏！#女性 #怀孕 #孕期,https://www.douyin.com/video/6941670173514452224,1564,00:49,https://www.douyin.com/user/MS4wLjABAAAARUYXSZlkA3shUuqse7L8Gat6N7WUFSlogxEa86VsapA,妇产科许主任,9月前
糖尿病患者喝完酒血糖降低，能不能多喝点儿酒少吃点儿药？医生说太危险了！#糖尿病饮食 #血糖 #高血糖 #控糖 ,https://www.douyin.com/video/7026889643937369351,554,03:28,https://www.douyin.com/user/MS4wLjABAAAAJOzdDV4Jox4eX7HgE7WmRO6ZH0wuWY4rLsc0L4tiNh-2USqgM6xsye3Jg8mS8txq,李梅医生说糖尿病,2月前
#护肝的小妙方 学会了赶紧收藏吧！#涨知识 #医学科普,https://www.douyin.com/video/6876972530163322126,1974,00:25,https://www.douyin.com/user/MS4wLjABAAAAWgT7rh5lMzgyCuRyMsa5U6SqCtWPRWpDVVUf5XqkcJqmdko6EzXz1q4gdpBPK-2n,乔医生讲肝肾亚健康,1年前
查出#脂肪肝 一定要重视！#健康 #南方健康 #中医,https://www.douyin.com/video/6862908362158361864,573,00:31,https://www.douyin.com/user/MS4wLjABAAAAVRQTSR_qiRv6BEL8-Zh-b1H1g1_sizUlieYTL8UQZHE,熊猫说知识,1年前
血脂升高分情况，肝脏血管区别大！#胆结石科普 #脂肪肝不难治 #十万个怎么做,https://www.douyin.com/video/6850445260351409423,94,00:56,https://www.douyin.com/user/MS4wLjABAAAAzP8oQDUP81V-itbdRRaQdaO4UBLP1bgPr4qvm9SMQPw,宝中医,1年前
查体发现尿酮体阳性是什么意思#这个视频有点料 #健康 #科普 @抖音小助手 @南方健康,https://www.douyin.com/video/6849321235487264004,1131,00:52,https://www.douyin.com/user/MS4wLjABAAAAyUYSI-jS6EXKebiIDJb10RITQ7iK_hHGnBy6gJaSxHg,李青大夫,1年前
中度脂肪肝可以不吃药，只要注意这两点，迟早跟脂肪肝说拜拜,https://www.douyin.com/video/6967285052388560139,609,02:45,https://www.douyin.com/user/MS4wLjABAAAAau0ZwINgBOBhiQkH2-b9NnKtRU3xTpDRAfPBWMunVHk,尚医健康,3年前
王晏美医生,https://www.douyin.com/video/6844081881395367175,244,01:26,https://www.douyin.com/user/MS4wLjABAAAAEI1Q6v7BOZvtf-XxjH_Dr4n5ijFe254m1HMThn9vvdc,王晏美医生,1年前
#健康 #肾病 #中医 #王暴魁教授 ,https://www.douyin.com/video/7048458692240428295,421,00:25,https://www.douyin.com/user/MS4wLjABAAAAH6FcliiSDZtgPmkfeopJU2kasMk64g0ct6ztjI84d7I,肾病科王暴魁教授,1周前
#科普 最伤肝的十类药物（二）#抖音小助手 #全民健康计划 @河豚健康,https://www.douyin.com/video/6885682145323420941,93,00:43,https://www.douyin.com/user/MS4wLjABAAAA925xfVizjA9Hv6s6D8NLJHoDkyukJO1bKuV-xItJpsE,小药师夏夏,1年前
④不了就没事儿，身体就是这样被你耽误的#科普@DOU+小助手#健康 ,https://www.douyin.com/video/7042929316480552199,210,00:40,https://www.douyin.com/user/MS4wLjABAAAADp42zH4VudMxmDikladbEXrxl5QD9hVKu_gAKt5_W-nT8UWq2GgOHHUlRs8E3it6,中医心血管专家郭志华,3周前
酒精肝患者注意啦！以下几类食物要多吃，养肝,https://www.douyin.com/video/6967287462632770829,34,01:02,https://www.douyin.com/user/MS4wLjABAAAAau0ZwINgBOBhiQkH2-b9NnKtRU3xTpDRAfPBWMunVHk,尚医健康,3年前
肚子大，四肢瘦的苹果身材看过来，内脏脂肪该清理了 #减肥  #医学科普  #大肚楠  #内脏脂肪,https://www.douyin.com/video/6955737060804136206,5921,00:47,https://www.douyin.com/user/MS4wLjABAAAAtR1VByr38eMGQiWv-7e1tnX5sI9FIXcaMFH8KspuTq5lrTlp9kMpcn4zH9s7N9RS,肥胖与代谢科李辉主任,8月前
糖尿病患者备孕前需要做些什么呢？#糖尿病 #备孕,https://www.douyin.com/video/6956233018440813827,39,00:46,https://www.douyin.com/user/MS4wLjABAAAAXvlS0q3cobQfc7d6j8f2etxi85K3dlzGmEzDch0yKm1iDlKZHaulXWQXmZEjhBiO,内科邓晋红,8月前
看了科普反而不知道吃什么了，这条视频全是重点，让您了解如何合理饮食#王世东 #糖尿b #高血糖 #科普 #健康 #健康科普 #涨知识 @抖音小助手 #涨知识 ,https://www.douyin.com/video/7051035261181922591,707,01:21,https://www.douyin.com/user/MS4wLjABAAAAqAXbegB8g_ZuDLDHNGekdVWH_MkpgRBcXFYex4N64ZbLXX19r_6_jPmx3bLP7Kzq,王世东主任,1天前
术后定期规律复查非常重要！#健康科普#胃癌#胰腺癌@抖音小助手 @DOU+小助手,https://www.douyin.com/video/6901151384679288079,397,00:48,https://www.douyin.com/user/MS4wLjABAAAAGf-6jYJtqcYrA5vOZXXDULP-P1Bgah5uWoudqgd-lZBUfE8G6BqX9zPUIUZ0kOGj,暖胃大叔田艳涛主任,1年前
在肝病科检查时，究竟哪些需要空腹？#医学科普  #健康  #涨知识,https://www.douyin.com/video/6949056611717582111,1060,00:19,https://www.douyin.com/user/MS4wLjABAAAAiRoLZF5a_i2GVfzGUfkXN8RfzmBVXoEzoUWNlJx4zZmLLNcBA5RTrfiZZXeoeRr9,肝胆内科尤医生,9月前
女子服用代餐产品，竟出现 #肝衰竭！究竟是怎么回事？ #代餐减肥  #健康  @抖音小助手,https://www.douyin.com/video/6884796637047180556,165,01:29,https://www.douyin.com/user/MS4wLjABAAAAYcQ8O3eqErbTWNPQZaul4VLLwcg5GEoqn1ugll6R-Vo,CCTV生活圈,1年前
果糖？好？好？#果糖 #医学科普 #创作灵感 #健康 #我要上热门,https://www.douyin.com/video/6896052809658125575,55,00:45,https://www.douyin.com/user/MS4wLjABAAAAx_GvhdY93YUjFsYP8Sy28_95x-8CRAJ1RNaoAx0YH-w,肝铁侠翁勰医生,1年前
胆结石是怎么来的？生活中我们应该怎么预防#知识创作人,https://www.douyin.com/video/6989151521204227367,92,00:47,https://www.douyin.com/user/MS4wLjABAAAA1RJKs77Z11_sQjBnDGiloa3PgIthRcI1l3sNjp9ZQESQCPVoctxlDJX07EHg2T-1,美容外科卢艺朴,5月前
十年#糖尿病 患者，中药调理，活血补气#健康 ,https://www.douyin.com/video/7004744068462906661,2244,00:28,https://www.douyin.com/user/MS4wLjABAAAAHlcaf1uBZjM0O-Kk-qm5cc_myObLst_VC5raotIdUfiulUIZew2o3R_ElOcbhte5,肾病科安海燕医生,4月前
孩子都是吞金兽？怀一次孕，产检要花多少钱？#产检 #怀孕 #产检费用 #宝宝 ,https://www.douyin.com/video/7037054842174590238,3601,00:57,https://www.douyin.com/user/MS4wLjABAAAAhzIS61yurTcbIfPpyvWJOijrAof3TJHK7FGSbw7qpJ0,刘晓夏妇产科医生,1月前
#健康真相官 #医学科普 #抖音小助手 老年癫痫患者常见病因——代谢疾病,https://www.douyin.com/video/6901464986472713472,49,00:31,https://www.douyin.com/user/MS4wLjABAAAAWDw4BhnvQsXHut_6tGdCmgBwjs1v1n0zB9G7qwKHDRSM8XPF9GAdEtmb-P9yiEjO,神经内科崔爱勤,1年前
这类降糖药适合你吗,https://www.douyin.com/video/6984713879658024205,3125,00:33,https://www.douyin.com/user/MS4wLjABAAAAHlcaf1uBZjM0O-Kk-qm5cc_myObLst_VC5raotIdUfiulUIZew2o3R_ElOcbhte5,肾病科安海燕医生,5月前
使用二甲双胍的注意事项，你一定得知道！#四川 #医学科普 #二甲双胍 ,https://www.douyin.com/video/7002766838677376286,1762,02:56,https://www.douyin.com/user/MS4wLjABAAAABaZejiHXFI9ZGM_thNkOmh9EsWiOm0SFwbGRAftJ8I_Bam_H8GGs4EJzgxCWwgZc,中医钟博士,4月前
二甲双胍降血糖，需要补充维生素B12吗？#科普健康知识 #健康科普 #医学科普 #医学常识 #健康dou起来 @抖音小助手 ,https://www.douyin.com/video/6985507511520595208,682,01:26,https://www.douyin.com/user/MS4wLjABAAAAlIoKCdFUqqq-qFZ-_1i31A2qfNQqtMqzu8fK1uPBjMI,心血管内科王占胜,5月前
1月5日小寒到—小寒节气话养生#中医科普 #节气养生 ,https://www.douyin.com/video/7049286283297918240,3,01:42,https://www.douyin.com/user/MS4wLjABAAAAG_HEc3CfjRJfBaFl7kx_tG-iH2PKsYhvUsG5kNAuGHCXD5RkhD6tG1H0v-hVjs30,鄂尔多斯市中医医院,6天前
警惕这些坏习惯，第三个简直是百害无一利#中医 #健康 #我为医者,https://www.douyin.com/video/6855734857146862861,26,00:53,https://www.douyin.com/user/MS4wLjABAAAAP1-V4x9_XnrT5eAE1nqtQxXeV2FqrGXXO6ex44LN_jo,揭博士慢病预防,1年前
糖尿病前期有机会逆转，教你两招,https://www.douyin.com/video/6918285705709964556,2.2w,00:38,https://www.douyin.com/user/MS4wLjABAAAAGVVmlvrS5AX1CnKAzUy00AUVj4t1W9aP94l7qI2bUWI,陈晨脑科医生,11月前
体检该怎么查？多久检查一次？需要检查哪些项目？两分钟你就知道#体检 #医学科普 ,https://www.douyin.com/video/6999063586119175460,1.8w,01:53,https://www.douyin.com/user/MS4wLjABAAAAvTOOvDVDpg5NCmP01erqVqSDldwdvoNwlhVDrH9F2yw,费健,4月前
一岁以内宝宝，这9大食物不能吃！#儿童健康 #健康科普 #辅食 #金牌育言家 @蒋老师的生活号,https://www.douyin.com/video/7051195355140017441,473,00:49,https://www.douyin.com/user/MS4wLjABAAAAcCBL7os-k43GAIzSWk1FhG4DCmZURXheD70Qzm_pOduOV9ZSlK2DZtFiSxLSCH16,儿科蒋医生,22小时前
#脂肪肝,https://www.douyin.com/video/7040247085026921766,400,00:26,https://www.douyin.com/user/MS4wLjABAAAASfm9dfPhrFM5mLO3gnjEb9ofecuo52S30eRJcQQYF4gWBFywzuQhzivqz36zy7We,小远医生,4周前
中医治疗糖尿病 从根入手标本兼治,https://www.douyin.com/video/6984712200199965959,2875,00:37,https://www.douyin.com/user/MS4wLjABAAAAHlcaf1uBZjM0O-Kk-qm5cc_myObLst_VC5raotIdUfiulUIZew2o3R_ElOcbhte5,肾病科安海燕医生,5月前
吃什么？怎么吃？这事儿得说道说道！,https://www.douyin.com/video/6806866722667253006,115,07:32,https://www.douyin.com/user/MS4wLjABAAAAgCe3B564krg1Pxc0c4V04mYwlBilDQgDfgUCY0vNSwZg03jmCqc-wh2lJ5ReWEz8,人民政协网,1年前
这些药物对肝脏伤害大，一定不要乱服用！#养生健康 #养肝护肝 #养肝,https://www.douyin.com/video/6872923551599447304,84,00:28,https://www.douyin.com/user/MS4wLjABAAAAlCxWfvdGFEOP1gsh5bIiR_4vN9JHTHkZHoQ5Mo1KT_lxPi33K29JQQ9Ovvq2O_1A,张涛医生说肝,1年前
#冠心 #健康科普 #涨知识 5件事让冠心病不再可怕,https://www.douyin.com/video/7027655843168537863,1698,00:41,https://www.douyin.com/user/MS4wLjABAAAAT16RQSxfYSN8A_VkkL8nG_MRhVMFnvlY4smCHzCQEuRHWCHh9mPnVWKQ7RFxiIQJ,中医专家张继胜,2月前
@抖音小助手 ,https://www.douyin.com/video/6999438888427212045,314,00:33,https://www.douyin.com/user/MS4wLjABAAAAI9BwvMQItRe4jO-s8C2nT9sOLS5iJT68uA61dqxoEaypVs5OBygPbzas3dvFsvsA,中医肾病科医生周静威,4月前
好的生活习惯才是身体健康的保障！#健康科普 @肖瘤健康,https://www.douyin.com/video/6968341876252347655,155,00:37,https://www.douyin.com/user/MS4wLjABAAAAvtqZQoh09CXUOtnMotwM1WQu6_qnon1MLW2pEEsgjLD2eb9e-lcBRghA8sCGDVEi,中山一院教授张诗军,7月前
糖前期，少走弯路,https://www.douyin.com/video/7012162922117860640,1183,02:33,https://www.douyin.com/user/MS4wLjABAAAA-9RDtCKbgT40O0R-oBSbhHvdCKTKcYXNXcr-cYh_4kmwZUZXuU9TWXQrTTrrfyf_,马欣教授,3月前
怀疑得了脂肪肝，别只做B超检查！#暑期知识大作战,https://www.douyin.com/video/6863429860530851072,53,00:44,https://www.douyin.com/user/MS4wLjABAAAAzP8oQDUP81V-itbdRRaQdaO4UBLP1bgPr4qvm9SMQPw,宝中医,1年前
 #中医 治疗 #糖尿病 有优势,https://www.douyin.com/video/6982001067622010126,7489,00:45,https://www.douyin.com/user/MS4wLjABAAAAHlcaf1uBZjM0O-Kk-qm5cc_myObLst_VC5raotIdUfiulUIZew2o3R_ElOcbhte5,肾病科安海燕医生,6月前
几种男科常用中药你知道吗#固生堂,https://www.douyin.com/video/7004014216931839239,2708,00:35,https://www.douyin.com/user/MS4wLjABAAAAT5ny4T-f71oIEDxNKV8BfahiehU6Oh-Qp7oNO0WiPJqr9WdvcQrySquijjEY6QUh,男科周少虎教授,4月前
用0糖0卡0脂饮料代替常规饮料，真的健康吗？ #网红饮料  @抖音小助手  #健康,https://www.douyin.com/video/6893714650282741004,446,01:17,https://www.douyin.com/user/MS4wLjABAAAAYcQ8O3eqErbTWNPQZaul4VLLwcg5GEoqn1ugll6R-Vo,CCTV生活圈,1年前
糖尿病患者需要注意了！快看看是哪些问题！#糖尿病 #肾病 #医学科普 ,https://www.douyin.com/video/7006180855504784676,53,00:52,https://www.douyin.com/user/MS4wLjABAAAAjqKdu7m0zWsmFWeH3OQk2K7G0zcRbjG4KhIV5DUUJP_8kKsRg1tHjA--8HaEhLps,李平医生,4月前
降糖的正确吃法，看这篇就知道了！,https://www.douyin.com/video/6867891558964874496,1169,00:56,https://www.douyin.com/user/MS4wLjABAAAAD8ijiQF8j3-UjJ8Q9-JoathXsmBhQeDC6BI93cExEB-QouOv_s_mrIzI_KESYbEy,内科李大夫,1年前
这几点，能做到百分之80就能远离脂肪肝了。#十万个怎么做 #dou出新知 #养肝 #养生,https://www.douyin.com/video/6828125895199329548,425,00:40,https://www.douyin.com/user/MS4wLjABAAAAlCxWfvdGFEOP1gsh5bIiR_4vN9JHTHkZHoQ5Mo1KT_lxPi33K29JQQ9Ovvq2O_1A,张涛医生说肝,1年前
脂肪肝患者管好嘴“十大原则”#健康 #肝脏 #脂肪肝 #全民健康计划,https://www.douyin.com/video/6858225675153853704,536,00:46,https://www.douyin.com/user/MS4wLjABAAAAau4yjoprZghVKM2Mo3vaa4MTaISmqspoOHQ1jfQCulw,小田医生,1年前
#肾病 #医学科普 尿酸高的朋友们需要少吃这些东西#尿酸高 ,https://www.douyin.com/video/7005125857639517471,302,00:56,https://www.douyin.com/user/MS4wLjABAAAA9YB0cOXBawlN_SN1HBsx7dBjomvz8nX1Se4EwHQ6zkmHGknDJ-XByOsZIFmbyw7J,赵新菊,4月前
#胃胀 #肝区 #疼痛  #睡眠不好 怎么办？#科普 #养生 #健康,https://www.douyin.com/video/6932033159114558731,490,01:58,https://www.douyin.com/user/MS4wLjABAAAAHvTGecFA363Lsr1x3Nra3OyihIB4r9tdln7jZQStdyUw9wc271mGW25Me8ULy4zs,高建东主任,10月前
#争渡健康 体检一定要仔细，不然浪费了时间还浪费了钱，最后还没什么用。希望这个视频能够帮助大家 #体检,https://www.douyin.com/video/6940201407354096930,9.8w,00:29,https://www.douyin.com/user/MS4wLjABAAAAjtgxZQTKOGadYHrDP5uRgOJpxqOBQjlMwfpERjzFa_N58tUMFGZgBFoIvTWwjcS1,消化内科张教授,9月前
首乌藤又叫夜交藤，肝不好的不要随便用#了不起的医生 #中药 @河豚健康 @中药小丸子 @惠景药师,https://www.douyin.com/video/6858394187579116804,283,00:24,https://www.douyin.com/user/MS4wLjABAAAAzhlEHhZ2ANf0uuY0CBi94t1k6tuo3vtncz-lbyUwPSvuDSPy5onZUwS6b3g41Joo,药师刘征,1年前
糖尿病多是阴虚为本 燥热为标 #糖尿病  #高血糖 #科普 #健康  #中医,https://www.douyin.com/video/6970571386255330596,1283,01:05,https://www.douyin.com/user/MS4wLjABAAAAHlcaf1uBZjM0O-Kk-qm5cc_myObLst_VC5raotIdUfiulUIZew2o3R_ElOcbhte5,肾病科安海燕医生,7月前
降糖药都有哪些副作用？#健康 ,https://www.douyin.com/video/7027241932673928456,272,00:42,https://www.douyin.com/user/MS4wLjABAAAA062xLtYILS8e4yU1ZsATqW6KHo9dqQKV8i7bjvPxjSqi1DyT73OLAa3gAmLwUtAr,韩昕健医生,2月前
#肝教授 这样吃你也能减重？(九)#医学科普 #黄叔论肝,https://www.douyin.com/video/7047016878450937088,581,00:52,https://www.douyin.com/user/MS4wLjABAAAA2qaVxzuHTSch968ewieL-bgdo9yfv-pSlPEREXKFyzde9p5DfKqMin7P5kZ8DaS4,黄叔 论肝,1周前
#胃旁路 手术治疗#糖尿病 的原理 ② #肥胖 @抖音小助手 ,https://www.douyin.com/video/7050394580889455906,236,00:37,https://www.douyin.com/user/MS4wLjABAAAA2uebU1ZNTDQCJQKB-4_kVNsoYU1HQ_FpRM6totQj6Og,减重代谢手术喜哥,3天前
#糖尿病 #高血压 #中医 ,https://www.douyin.com/video/7024409848947215646,1191,00:48,https://www.douyin.com/user/MS4wLjABAAAApzqQdtEIKTDezqQGq5HyjACEDTYr3TcG4YETv8NqYvI,血管专家彭玉清,2月前
2型糖尿病，目前还不能根治，将血糖长期控制在正常范围能延缓病情进展。#糖尿病科普 #医学科普,https://www.douyin.com/video/6937611226256084224,1849,00:16,https://www.douyin.com/user/MS4wLjABAAAAoZF-jPFJcMSeF102XgNbyjOrYknApfTGW-_ZWzfHwkasQgru7YuTJQZx050ekz3z,中医王雅,10月前
#健康 在家期间 糖友们要注意这两种Y物的使用 两点注意要知道,https://www.douyin.com/video/6793611897884183811,9071,00:56,https://www.douyin.com/user/MS4wLjABAAAAD8ijiQF8j3-UjJ8Q9-JoathXsmBhQeDC6BI93cExEB-QouOv_s_mrIzI_KESYbEy,内科李大夫,1年前
经常吃胡萝卜、南瓜、橘橙的人可以看看#健康科普 @彦鹏好物,https://www.douyin.com/video/6967699581110979878,600,00:46,https://www.douyin.com/user/MS4wLjABAAAAz3Pfv4BAzJFcKE7y08EIrLPnirQiBZGNr9gp-j226sr0zNxezV5Fq-VA4uqS4IvB,赵彦鹏医生,7月前
#防疫 #免疫 制作疫苗的思想？#医学科普 #微生物,https://www.douyin.com/video/6915670476354325772,651,00:34,https://www.douyin.com/user/MS4wLjABAAAA2qaVxzuHTSch968ewieL-bgdo9yfv-pSlPEREXKFyzde9p5DfKqMin7P5kZ8DaS4,黄叔 论肝,1年前
#医学科普 #糖尿病,https://www.douyin.com/video/6974710143011392798,56,00:34,https://www.douyin.com/user/MS4wLjABAAAAq5_kflNF3V6wJJSVx0hVSlY3Z84ybCISMNYXnxWm5y4,吕军医生,6月前
口干、喉咙痛、肝区疼，老中医开中yao调理！ #老中医 #健康  #医学科普,https://www.douyin.com/video/6917145003626204429,528,00:53,https://www.douyin.com/user/MS4wLjABAAAAfwq0yuDqn232MXXHAN3MpG8GJE71R3u-8GqpN993bdQ,内科吴金荣医生,11月前
生活中哪些习惯会引起脂肪肝呢？ #医学科普  #脂肪肝  #健康  #医院  #生活习惯  #医学小知识,https://www.douyin.com/video/6886016774970543367,122,00:50,https://www.douyin.com/user/MS4wLjABAAAA5PVwG0CPQ1JEVnXmwq86P0i1FbXhE1t_Iz--G1ISDQo,福建医科大学孟超肝胆医院,1年前
胰岛素抵抗？这六点可以缓解 #糖尿病 #胰岛素抵抗 #医学科普,https://www.douyin.com/video/6899024636445576461,3579,00:39,https://www.douyin.com/user/MS4wLjABAAAAXfHO1My4IccC9NutDj7_7W5GFjSqWHKlKk5Ju_MgPGI9p3PSQIu0FLtLLR4T8f0S,邹大进医生,1年前
相信大家做试管都走了很多弯路，很重要的一点，肥胖患者一定要减肥！省钱不说成功率也高不少！#试管 #减肥 #肥胖 #武汉同济医院 ,https://www.douyin.com/video/7029622080677121293,445,00:45,https://www.douyin.com/user/MS4wLjABAAAAG7Hhr5IOCEsuRgeOz_kmH5wa3ytURpb2LcLCg29xax8,同济艾继辉,1月前
体检项目怎么选？看完视频就明白#体检 #健康 #胃镜 #b超检查,https://www.douyin.com/video/6951714160430353671,2.8w,01:44,https://www.douyin.com/user/MS4wLjABAAAADpTiEpkjX_fXgDZudeIOTE1fqPky6GK_mbCF0-8jYTA,聊健康的崔主任,8月前
#糖尿病 这些高糖分食物少吃#医学科普 @抖音小助手 ,https://www.douyin.com/video/7005036557665111310,4461,00:22,https://www.douyin.com/user/MS4wLjABAAAADp42zH4VudMxmDikladbEXrxl5QD9hVKu_gAKt5_W-nT8UWq2GgOHHUlRs8E3it6,中医心血管专家郭志华,4月前
中医可以预防糖尿病视网膜病变吗#医学科普 #健康科普 #糖尿病  @抖音小助手  @DOU+小助手,https://www.douyin.com/video/6972086403802860807,11,00:37,https://www.douyin.com/user/MS4wLjABAAAAZEj2oIn0Wj3toB2W-7U7UrJtbqTCXDagqNGzSKkoq08,中医内分泌专家杨波医生,7月前
脂肪肝是病，得治！！#医学科普 #脂肪肝 ,https://www.douyin.com/video/6992407370517335296,10,01:18,https://www.douyin.com/user/MS4wLjABAAAAHYzk4TUpHtqgoH5kq-VK--owYgqlCQklkSQBjgQa484,石家庄市第五医院,5月前
#医学科普 #健康 #生活 @抖音小助手 ,https://www.douyin.com/video/7044761423007796488,484,00:11,https://www.douyin.com/user/MS4wLjABAAAAZg3VLjL9P0DGwWUmIFLLpfjW_7qK6kat15Ty7ybutRU,肝病专家杨民,2周前
吃降压、降糖等药副作用很大吗？  @震洋健康  @中医谭医生,https://www.douyin.com/video/6838483372155735304,694,01:03,https://www.douyin.com/user/MS4wLjABAAAAwgcA8NnI8Z2oJXDTCQRYPHKAmSyg4gPvGxJ-o9UT3Ne6znK14gX4k46DKiPJSgMN,杨尚达医生,1年前
脂肪肝的其他病因,https://www.douyin.com/video/6783985492221250831,398,00:42,https://www.douyin.com/user/MS4wLjABAAAAp7EKYSLLf_cMoY5G9rTsERfEBERE9SJQzLZ5scEkCNA,肝博士杨明博大夫,1年前
酒后来一碗，护肝它很强！ #健康  #养生  #医学科普,https://www.douyin.com/video/6893788449736887566,656,00:36,https://www.douyin.com/user/MS4wLjABAAAAPH6WuHVUP2sm_qCLxFIpC_omOkk-xYq7UNbH7L1IfDId7XuSjHeSbsVpxuSU2HwV,内科朱医生,1年前
护肝它很强！,https://www.douyin.com/video/6913832142522846472,147,00:23,https://www.douyin.com/user/MS4wLjABAAAAC7bZamN-3C3MK7I0lFyNvpM7VdWy2mcwx2bdxIpjuJUddhOc-GKv80NYR2OUvh_O,陈冰医生,1年前
少吃东西，为何血糖反而高了？#健康 ,https://www.douyin.com/video/6987564505886657828,2020,00:57,https://www.douyin.com/user/MS4wLjABAAAA062xLtYILS8e4yU1ZsATqW6KHo9dqQKV8i7bjvPxjSqi1DyT73OLAa3gAmLwUtAr,韩昕健医生,5月前
晚饭吃个七分饱就行了，吃太多也是不好的哦。#饮食 #医学科普 #dou出新知,https://www.douyin.com/video/6953136570908151071,915,00:25,https://www.douyin.com/user/MS4wLjABAAAA1VktEoDC07HnvLGcCTUhJp3vigXVsz3MTj8uiIiuoFo,康复科孙医生,8月前
妈妈们一定要让孩子合理饮食，健康作息，这样对孩子身体健康是有利的，也减少了眼睛的伤害。#预防近视,https://www.douyin.com/video/6881917500976598286,61,00:16,https://www.douyin.com/user/MS4wLjABAAAAVq147t6JhqlSAWoJxnqSMwJvfw-fBfW0QkjgxdAcgA4,宰医生,1年前
早期发现很重要，这些体检您需要知道#轻知识计划 @抖音小助手 #我要上热门,https://www.douyin.com/video/6828095354609732875,3531,00:48,https://www.douyin.com/user/MS4wLjABAAAAoZF-jPFJcMSeF102XgNbyjOrYknApfTGW-_ZWzfHwkasQgru7YuTJQZx050ekz3z,中医王雅,1年前
#创作灵感 北京市昌平区天通苑中医医院 专家出诊信息，专家就在这里～#医学科普 #健康 #医护人员 #医生,https://www.douyin.com/video/6904913952891866376,343,00:30,https://www.douyin.com/user/MS4wLjABAAAA58O4Nq1BM9hdc7efOVl6n3HyYud3kyLu2_jzro_YSVg,北京市昌平区天通苑中医医院,1年前
糖尿病中医称之为消渴，今天讲第三种类型：下消,https://www.douyin.com/video/6846713371169918208,1677,00:58,https://www.douyin.com/user/MS4wLjABAAAAR5u4jRM6CVOUlPrIyTx_BDXHX8EgAWSNRVlKutOpjBQUV230iiOI-ZT18uJQ9B7A,中医田超大夫,1年前
@抖音小助手 ,https://www.douyin.com/video/6990218614808890638,386,00:33,https://www.douyin.com/user/MS4wLjABAAAAI9BwvMQItRe4jO-s8C2nT9sOLS5iJT68uA61dqxoEaypVs5OBygPbzas3dvFsvsA,中医肾病科医生周静威,5月前
怎么到现在还有人不知道怎么养肝呢？#涨知识 ,https://www.douyin.com/video/6997766916861431053,260,00:20,https://www.douyin.com/user/MS4wLjABAAAAAuD9zrNCUHCkZK3yh57xsWcvDpk2UecH8b1KEU_oEFNoUIjE4ZyqyOn6RcPjR2ce,中医樊晓鹏,4月前
听见没，要想瘦，多吃肉，靠节食吃素都不行。少吃多餐营养均衡，控制总热量，才能瘦身瘦肝，还有能瘦心#知识创作人,https://www.douyin.com/video/6892611386807946496,2.7w,00:22,https://www.douyin.com/user/MS4wLjABAAAA9RVMAniSbxko7MNl5n9UYjAOefJAaHoaz_mKTcuxHu4,北方健康,1年前
爱喝酒的，看完要记得点赞收藏哦~#喝酒 #十万个怎么做,https://www.douyin.com/video/6900824495792164103,115,00:32,https://www.douyin.com/user/MS4wLjABAAAAsl9XTYquTK3m93qwhVnnvjq_rP6KDkfrv_LefvkmiuekPVkJCvNr8x8V9jukBmfu,李明远医生,1年前
胰岛素抵抗是二型糖尿病的病理基础 #糖尿病,https://www.douyin.com/video/6831458060452580611,2482,01:10,https://www.douyin.com/user/MS4wLjABAAAAD8ijiQF8j3-UjJ8Q9-JoathXsmBhQeDC6BI93cExEB-QouOv_s_mrIzI_KESYbEy,内科李大夫,1年前
哪种程度的糖尿病，必须要注射胰岛素，糖尿病患者不妨来了解下,https://www.douyin.com/video/6967274565361782023,7,01:33,https://www.douyin.com/user/MS4wLjABAAAAau0ZwINgBOBhiQkH2-b9NnKtRU3xTpDRAfPBWMunVHk,尚医健康,1年前
得了二型糖尿病，这些检查项目一定别省#糖尿病 #糖尿病科普,https://www.douyin.com/video/6868950302805085440,1850,00:47,https://www.douyin.com/user/MS4wLjABAAAAXfHO1My4IccC9NutDj7_7W5GFjSqWHKlKk5Ju_MgPGI9p3PSQIu0FLtLLR4T8f0S,邹大进医生,1年前
为什么减重手术可以降血糖。#减重手术 #糖尿病,https://www.douyin.com/video/7036295344707112199,547,00:30,https://www.douyin.com/user/MS4wLjABAAAAWQD4QrP__13V0bq9C0WqS279DEMPtocBxrFGrptb8mWkAwpiHOdtR8zELxrugPM3,医学减重专家刘雁军,1月前
为什么那么多人不愿意服用二甲双胍？#健康 #科普 #糖尿病 ,https://www.douyin.com/video/7044714575635287310,203,01:03,https://www.douyin.com/user/MS4wLjABAAAAeRd9ihp42EJvc01CKLkiES9ZBeNVFcSIB_Tycjq2wtnkEUYikw4wPggH7h1aqUZQ,刘博士谈健康,2周前
顾佳不让许幻山吃晚饭，真的能治好脂肪肝吗？#三十而已#脂肪肝#健康dou起来,https://www.douyin.com/video/6860782794948365568,344,00:50,https://www.douyin.com/user/MS4wLjABAAAAXfHO1My4IccC9NutDj7_7W5GFjSqWHKlKk5Ju_MgPGI9p3PSQIu0FLtLLR4T8f0S,邹大进医生,1年前
很多80后可能都吃过“宝塔糖”，但是我想提醒家长朋友们：不要随便给孩子吃打虫药，尤其是这种情况下,https://www.douyin.com/video/6792574964538100995,3875,00:58,https://www.douyin.com/user/MS4wLjABAAAAl9_I7tKOVsCj2NWSrhxgKxAhtwhbe3MRhkCmdERlYMc,皮小徐,1年前
严重超重还想逆糖？先过这一关#糖尿病 #门诊故事 #糖尿病科普@抖音小助手 ,https://www.douyin.com/video/7047401745412033822,1764,00:40,https://www.douyin.com/user/MS4wLjABAAAAXfHO1My4IccC9NutDj7_7W5GFjSqWHKlKk5Ju_MgPGI9p3PSQIu0FLtLLR4T8f0S,邹大进医生,1周前
对肝好一点，她的七夕才完美#七夕 #七夕怎么过 #暑期大作战 #健康科普 #医学科普 #中医,https://www.douyin.com/video/6864725061740334344,67,01:08,https://www.douyin.com/user/MS4wLjABAAAAlCxWfvdGFEOP1gsh5bIiR_4vN9JHTHkZHoQ5Mo1KT_lxPi33K29JQQ9Ovvq2O_1A,张涛医生说肝,1年前
二甲双胍 格列美脲联合用时这两点注意你知道吗？？#dou是知识点 #新技能速成 #dou知加油站,https://www.douyin.com/video/6773932502173191435,2343,00:56,https://www.douyin.com/user/MS4wLjABAAAAD8ijiQF8j3-UjJ8Q9-JoathXsmBhQeDC6BI93cExEB-QouOv_s_mrIzI_KESYbEy,内科李大夫,2年前
#糖尿病 患者担心药物会对人的副作用太大，不肯吃药，这些误区你有没有遇到过呢？#医学科普 #诊室日常 ,https://www.douyin.com/video/7017730655320624414,6386,00:51,https://www.douyin.com/user/MS4wLjABAAAAjG5iqlHrg-6ttwiYjOUUSoBKG6UlCjoLi4ZY8s0t4XK5V4Z4WxBNmajqFH7KLkQh,内分泌专家李爱国,2月前
#血糖高很多人不吃药也不控制饮食，最后肯定会影响到#肾脏，还不赶紧重视起来@抖音小助手,https://www.douyin.com/video/6900112196597058823,1398,00:56,https://www.douyin.com/user/MS4wLjABAAAA9NYXM936AFVzqaFJcixJtm9YSXbs5Hkg8C9j9URTiF0,中医内科张雪亮,1年前
#我是大医生 就在今晚！21:18北京卫视《我是大医生》！生发护发秘籍大放送！别错过#防脱生发,https://www.douyin.com/video/6706818604869897479,445,00:30,https://www.douyin.com/user/MS4wLjABAAAAj5tpCJN8IAip_8yjA_DI6yOC99mGdAVXZEopVWAnzb0,北京卫视我是大医生,2年前
打yd素和吃y哪个效果好？,https://www.douyin.com/video/6987655393375702302,19,01:01,https://www.douyin.com/user/MS4wLjABAAAAn7j-uaustxYo6OFRwLnGFF0Aw6G_Wc3A08gEdqcu3AKwD0GdAJBYCCWA46Vqj9rH,内分泌刘医生,5月前
完了、完了、被发现了，在这里统一回复之前 #护眼 视频 #健康  #南方健康,https://www.douyin.com/video/6857435679316544782,7160,00:42,https://www.douyin.com/user/MS4wLjABAAAApRz445ntYjz4SG3RQb2-DgXdupiHEbwRe1qpnAIdhVY,黎明医生,1年前
12种ai症标志物，你知道几个?#健康科普 #中医 #医学科普  ,https://www.douyin.com/video/6986471408016706829,4778,01:28,https://www.douyin.com/user/MS4wLjABAAAANSxJnoiMK1pn9_2oExDJrJ-zkHwbFgVZNVzWKQXuDqE,肿瘤专家储真真教授,5月前
体检前这几件事别做，容易引起误诊还白花钱,https://www.douyin.com/video/6916841932513692932,2.3w,01:28,https://www.douyin.com/user/MS4wLjABAAAAwWg6yUBodkFGoK5Xo59CXxPnsIIvGHMXe99Ay5xTUS4,影像科孙静医生,11月前
缓解糖尿病，这些检查少不了#糖尿病 #控糖 #逆糖 ,https://www.douyin.com/video/7026222778248367397,4670,01:01,https://www.douyin.com/user/MS4wLjABAAAAXfHO1My4IccC9NutDj7_7W5GFjSqWHKlKk5Ju_MgPGI9p3PSQIu0FLtLLR4T8f0S,邹大进医生,2月前
如何预防脂肪G呢？#涨知识 #健康科普 @震洋健康 @中医李山山医生 ,https://www.douyin.com/video/7008045864728038660,119,00:36,https://www.douyin.com/user/MS4wLjABAAAArWi_6u4q1mrx7nU_9z_PGOIkYspZFdc8kCxarF03Vj4,中医谢永亮医生,3月前
#健康 #涨知识 #医生 #脂肪肝,https://www.douyin.com/video/7001683464307084548,21,00:34,https://www.douyin.com/user/MS4wLjABAAAAGhVEjaDutMkvTk1HXJzjFzrzfqSs6vVBKJlZdhwrRKYaSJT3dPi6wvyUjzzcpuPk,消化内科戴世学医生,4月前
中医讲“五色入五脏”，食物颜色与脏腑之间有什么关系呢?#中医 #医学科普 #养生 ,https://www.douyin.com/video/6989498311124307236,1609,00:56,https://www.douyin.com/user/MS4wLjABAAAAl-qOANULh2iWWGt2QzSufJiLOf6YMABWt1-nNfDxyaJHzdDyO7MaeojzCXjKCIZx,王小云女性调养,5月前
不要让自己的坏习惯给孩子完成危害，远离肥胖，从点滴做起，从现在开始！#肥胖 #儿童肥胖,https://www.douyin.com/video/6851947549708930318,1632,00:36,https://www.douyin.com/user/MS4wLjABAAAAo53WHma7BlCEQ9-XY3Pf_EeWcGG5NumSVoWojzGhg4fJq0bK9LSehcQYZVJ_EsyS,外科医生董星,1年前
得了脂肪肝，怎么吃才健康？这几类不能吃#脂肪肝 #医学科普 #健康 #健康科普 #中医养生 #肝脏 #肝健康,https://www.douyin.com/video/6916809133308120328,109,00:28,https://www.douyin.com/user/MS4wLjABAAAAlCxWfvdGFEOP1gsh5bIiR_4vN9JHTHkZHoQ5Mo1KT_lxPi33K29JQQ9Ovvq2O_1A,张涛医生说肝,11月前
#心血管常用的8种药，希望你一个都用不上#健康 #中医 ,https://www.douyin.com/video/7008392431108508941,2.0w,01:32,https://www.douyin.com/user/MS4wLjABAAAAn4WiLLthoyYJOMjha2ckjeOG-oL32DrAH9Cds88o_uo,心血管专家涂秀华,3月前
揭晓运动可降糖的奥秘#运动 #2022有你更好 ,https://www.douyin.com/video/7047061320427900194,30,01:36,https://www.douyin.com/user/MS4wLjABAAAAdslRV_q2b8Jm-vbs_tk9FOhciGdzuBT1bdJALNT_o3o,东南大学附属中大医院,1周前
很多人为了减肥不吃肉，这样会导致缺铁等营养不良，同时蛋白质摄入不足，反而可能增加脂肪肝发病风险,https://www.douyin.com/video/7013891351603465472,2166,00:48,https://www.douyin.com/user/MS4wLjABAAAA9RVMAniSbxko7MNl5n9UYjAOefJAaHoaz_mKTcuxHu4,北方健康,3月前
为什么你这么瘦也有#脂肪 肝#健康 #中医 #科普健康知识 ,https://www.douyin.com/video/7039897618184457480,306,00:30,https://www.douyin.com/user/MS4wLjABAAAADp42zH4VudMxmDikladbEXrxl5QD9hVKu_gAKt5_W-nT8UWq2GgOHHUlRs8E3it6,中医心血管专家郭志华,4周前
糖尿病控制好血糖，就可以万事大吉了吗？#糖尿病科普 #医学科普,https://www.douyin.com/video/6938721448773045545,1328,00:23,https://www.douyin.com/user/MS4wLjABAAAAoZF-jPFJcMSeF102XgNbyjOrYknApfTGW-_ZWzfHwkasQgru7YuTJQZx050ekz3z,中医王雅,9月前
降糖效果好的并不适合所有糖尿病人(下）#糖尿病,https://www.douyin.com/video/6828482015256530188,742,01:07,https://www.douyin.com/user/MS4wLjABAAAAD8ijiQF8j3-UjJ8Q9-JoathXsmBhQeDC6BI93cExEB-QouOv_s_mrIzI_KESYbEy,内科李大夫,1年前
空腹血糖和餐后血糖哪个更重要？,https://www.douyin.com/video/6990621008591899908,1956,00:55,https://www.douyin.com/user/MS4wLjABAAAA062xLtYILS8e4yU1ZsATqW6KHo9dqQKV8i7bjvPxjSqi1DyT73OLAa3gAmLwUtAr,韩昕健医生,5月前
王医生来给大家辟个谣，为它正名！更多稳降糖内容看看上边,https://www.douyin.com/video/6741555226207063304,225,00:34,https://www.douyin.com/user/MS4wLjABAAAAM_0q2GnHrpnSXdzji0NqAdhNGVzhRJy5jKBYRiT7e1M,人卫约健康,2年前
冬天常喝三种汤，肝脏会更健康。#中医养生 #健康真相官 #知识创作人,https://www.douyin.com/video/6916068252024081678,4.9w,00:27,https://www.douyin.com/user/MS4wLjABAAAAIuJn-YhJ1n4uBWVNfbAAYl2ppwdfTaepTyCHteu1t6JiH-B9GcPwl87aysHWEnwS,快乐天使-张灵敏,1年前
关于#果葡糖浆的这些知识，现在告诉你还不算晚！#南方健康 #科普 #健康饮食 ,https://www.douyin.com/video/7031462347642260767,197,01:12,https://www.douyin.com/user/MS4wLjABAAAAdlussbDBwsKumP2HZsqwI-m-FLzVy8Hbb2j1y5w0niQ,考拉育儿,1月前
近视眼不易吃的三类饮食#医学科普 #眼科常识 @优视视界,https://www.douyin.com/video/6835893895302221067,43,00:49,https://www.douyin.com/user/MS4wLjABAAAAC-803RgDqgW-aqZ0oKU7nHMm2eKG4NRHO-a2JuTuK0Jtx84yDoTu_Mfv-RuS0Lbk,戴眼镜的眼博士,1年前
这些药孩子千万不要用#儿童健康 @DOU+小助手,https://www.douyin.com/video/7019773384686914849,1473,00:46,https://www.douyin.com/user/MS4wLjABAAAAIh4PYQ_S9jTg-G8nImuO45jgN9OPP13ESSaeADxrNMvHoIdKDc6LF3XA3P0zie72,晓光说药,2月前
不吃油炸，不吃糖，多运动，把体重减下来，配合中医药调腑脏功能,https://www.douyin.com/video/7006562843449445646,2543,00:31,https://www.douyin.com/user/MS4wLjABAAAApzqQdtEIKTDezqQGq5HyjACEDTYr3TcG4YETv8NqYvI,血管专家彭玉清,3月前
水煮大白菜，常吃好处多多#医学科普 #养生,https://www.douyin.com/video/6910095876731997455,1402,00:24,https://www.douyin.com/user/MS4wLjABAAAAR0xQ_H0vvmr5CGf-dI5V-HQffF27uAwnjU_l2a00Kpc,中医林博士,1年前
男性朋友们建议收藏起来#健康 #科普 #涨知识 ,https://www.douyin.com/video/7031038027812130056,2862,00:22,https://www.douyin.com/user/MS4wLjABAAAAAYMWa0h_Fa3bFcltegkcO8q4OhjZHAn9sOGh8-M5c3vLiA7QxSnnz4UVoNerHFih,中医男科卞博士,1月前
低血糖原因大揭秘#医学科普 #医学小常识 #低血糖 ,https://www.douyin.com/video/6985874743593422080,186,02:21,https://www.douyin.com/user/MS4wLjABAAAANofKaE1XyvlRWbApQHX8sLCQkzeD0q0H2I1jzt79k6Q,李医生说糖尿病,5月前
如何缓解抑制乙肝病毒？日常这个习惯很关键 #世界肝炎日  #乙肝  @抖音小助手,https://www.douyin.com/video/6854512886392425742,325,01:26,https://www.douyin.com/user/MS4wLjABAAAAYcQ8O3eqErbTWNPQZaul4VLLwcg5GEoqn1ugll6R-Vo,CCTV生活圈,1年前
胰岛素是越多越好吗？#糖尿病 #糖尿病科普,https://www.douyin.com/video/6884523139817098511,955,00:48,https://www.douyin.com/user/MS4wLjABAAAAXfHO1My4IccC9NutDj7_7W5GFjSqWHKlKk5Ju_MgPGI9p3PSQIu0FLtLLR4T8f0S,邹大进医生,1年前
#减肥 #问诊 #减脂 糖分使你快乐，但吃糖多了对健康非常不利。,https://www.douyin.com/video/6989556609030704415,19,00:54,https://www.douyin.com/user/MS4wLjABAAAAOSQnN5KmR4pbNbvp3Ez8elc153vdidRWo0QB4z0DzB8,赵天豫主任治肥胖,5月前
如何选择他汀！#血脂 #健康 #医生,https://www.douyin.com/video/6846301667625913615,8058,00:38,https://www.douyin.com/user/MS4wLjABAAAA4vZ4ChzzbZW2-bI733aY7uqCMqh5aRnpbEvyuXUAHbg,周大亮医生,1年前
不良生活习惯造成的结果 #门诊故事,https://www.douyin.com/video/6955405151263870221,773,00:23,https://www.douyin.com/user/MS4wLjABAAAAvtqZQoh09CXUOtnMotwM1WQu6_qnon1MLW2pEEsgjLD2eb9e-lcBRghA8sCGDVEi,中山一院教授张诗军,8月前
高血压朋友尽量少吃的十种食物！#全民健康计划 @河豚健康 #高血压 #医学科普,https://www.douyin.com/video/6881557500940782861,9127,00:52,https://www.douyin.com/user/MS4wLjABAAAAPulo6ke7FsVoi7ncz-tvPm1Tq8YkQhTQEE7IlgV63QA,药师小石头,1年前
秋冬季节躺在被窝的你，痒不痒？#知识创作人 #医学科普 #痒,https://www.douyin.com/video/6906463012824059150,103,00:49,https://www.douyin.com/user/MS4wLjABAAAAs36GKQbqA-1edissjCSoyBEP7HbBQ5epr5xv9_3NLtM,中医皮肤张大夫,1年前
#体检 不查这3项，等于白查，尤其是中老年人要注意！ #健康  #三高人群  #老年人,https://www.douyin.com/video/6901235429148855560,1.2w,00:51,https://www.douyin.com/user/MS4wLjABAAAA9xt5IukTFG8ViQYUEwCF0AnkAIiVFynIIFEU5zHtsPTl1welGZUJDfdLIchXhtkz,中医脑病科谢博士,1年前
#糖尿病肾病 #医学科普 ,https://www.douyin.com/video/7005863770916408612,4116,00:26,https://www.douyin.com/user/MS4wLjABAAAAjG5iqlHrg-6ttwiYjOUUSoBKG6UlCjoLi4ZY8s0t4XK5V4Z4WxBNmajqFH7KLkQh,内分泌专家李爱国,4月前
我院普外科焦志刚主任医师和您分享胆囊结石疾病相关知识及治疗。,https://www.douyin.com/video/6800323131174161671,20,08:24,https://www.douyin.com/user/MS4wLjABAAAAz1V1fZkaA0QMPNkJ05sWRz5Al0XRWwa7tO5gJHLiS-c,南京市高淳中医院,1年前
这8类心脑血管病常用药，服用前须了解清楚#健康 #科普 #涨知识 #中医心内科涂秀华 ,https://www.douyin.com/video/6995735522492599582,8822,01:35,https://www.douyin.com/user/MS4wLjABAAAAn4WiLLthoyYJOMjha2ckjeOG-oL32DrAH9Cds88o_uo,心血管专家涂秀华,4月前
二甲双胍并不伤肝也不伤肾 ,https://www.douyin.com/video/7048879628466867464,2352,00:46,https://www.douyin.com/user/MS4wLjABAAAAVS5OBFKG6xgtEu5IoUHBYNz5zt6yM1qwPa56m1gb2qg,孙苏欣讲糖,6天前
#糖尿病 #健康 #科普 ,https://www.douyin.com/video/7016140832918998280,1.2w,00:48,https://www.douyin.com/user/MS4wLjABAAAAjG5iqlHrg-6ttwiYjOUUSoBKG6UlCjoLi4ZY8s0t4XK5V4Z4WxBNmajqFH7KLkQh,内分泌专家李爱国,3月前
吃降糖药伤肾吗？肝肾功能正常的情况下不会受影响#糖尿病 #降糖药 #医学科普 ,https://www.douyin.com/video/6990174526495640839,216,00:31,https://www.douyin.com/user/MS4wLjABAAAAjG5iqlHrg-6ttwiYjOUUSoBKG6UlCjoLi4ZY8s0t4XK5V4Z4WxBNmajqFH7KLkQh,内分泌专家李爱国,5月前
#十万个怎么做 警惕！痛风的朋友要少吃这些东西！@DOU+小助手,https://www.douyin.com/video/6888562410068659469,52,00:29,https://www.douyin.com/user/MS4wLjABAAAANptVriOz7C7m6FgTs3De6S-zKULEvNnvqm3wPGU_k4DkGq70n7TzjLjEz87KbtCp,风湿病科孟庆良,1年前
#医说到底  #减肥  跑步能减肥，但为何有人跑步瘦了，你却没瘦？专家给你答案！,https://www.douyin.com/video/6859563153550822670,58,00:54,https://www.douyin.com/user/MS4wLjABAAAAM_0q2GnHrpnSXdzji0NqAdhNGVzhRJy5jKBYRiT7e1M,人卫约健康,1年前
多囊如何备孕，才能怀得快#备孕 #医学科普 #多囊,https://www.douyin.com/video/6956146822939151647,957,00:25,https://www.douyin.com/user/MS4wLjABAAAAjYpnp5lZUdf_so1xpaHejZ4RcgeN4kEg0GkDjDVz69qBSpOO60kktlOy2yOHiVjE,许心杰教授,8月前
甜食有哪些危害？#中医养生 #健康,https://www.douyin.com/video/6868919969783106829,186,00:40,https://www.douyin.com/user/MS4wLjABAAAAp7EKYSLLf_cMoY5G9rTsERfEBERE9SJQzLZ5scEkCNA,肝博士杨明博大夫,1年前
这些疾病可能会出现肾病，一定要注意！#肾病 #健康科普 @抖音小助手,https://www.douyin.com/video/6967645990589435173,1021,00:47,https://www.douyin.com/user/MS4wLjABAAAAI9BwvMQItRe4jO-s8C2nT9sOLS5iJT68uA61dqxoEaypVs5OBygPbzas3dvFsvsA,中医肾病科医生周静威,7月前
有脂肪肝的人就是代谢慢吗？,https://www.douyin.com/video/6941307213541641485,6174,00:30,https://www.douyin.com/user/MS4wLjABAAAAiRoLZF5a_i2GVfzGUfkXN8RfzmBVXoEzoUWNlJx4zZmLLNcBA5RTrfiZZXeoeRr9,肝胆内科尤医生,9月前
#6-10个月宝宝辅食制作 #肝泥菠菜粥 #土豆泥 #宝宝辅食,https://www.douyin.com/video/6850358686628531464,32,02:18,https://www.douyin.com/user/MS4wLjABAAAA4g39RroD9uVFusH3svQoDfagVJAVRxjR48wJFwiqswht1jJdY2J5AsoD679CNVO7,金山妇幼,1年前
肥胖、糖nb外科门诊，你们了解了吗？#肥胖 #糖尿病 #减重代谢手术 @抖音小助手 #科普,https://www.douyin.com/video/6862932713758821643,418,00:37,https://www.douyin.com/user/MS4wLjABAAAA2uebU1ZNTDQCJQKB-4_kVNsoYU1HQ_FpRM6totQj6Og,减重代谢手术喜哥,1年前
家人们呐，有些检查真的不能够忽视掉的啊，说了好多了呢？#检查 #健康 ,https://www.douyin.com/video/7050303285118455071,1.0w,01:22,https://www.douyin.com/user/MS4wLjABAAAAWvlvZDPNgm_TDV_q-YS20jTqTIw3cKi7gDeb0TWEvQY,史浩医生,2天前
医生：体检至少查这四项,https://www.douyin.com/video/7029546118522342688,2351,01:43,https://www.douyin.com/user/MS4wLjABAAAAGVVmlvrS5AX1CnKAzUy00AUVj4t1W9aP94l7qI2bUWI,陈晨脑科医生,1月前
学会初步看懂#血脂 报告单。,https://www.douyin.com/video/6989143633534389542,5996,00:55,https://www.douyin.com/user/MS4wLjABAAAA2yhgpLCLibphdQ7TUBlfxZ0_tSbaa3dmBv2l4epGC72X-N_CNgYPCEYrSscQcCjZ,肾内林中军医生,5月前
得了脂肪肝，就不要吃晚饭？千万不要信#医者名片 #健康真相官@抖音辟谣,https://www.douyin.com/video/6891935903074340104,7,00:34,https://www.douyin.com/user/MS4wLjABAAAA73YUaVX_zcXGB9DzV7-T-JO3jFYz0ub6NLbWVOzcErM,三五分钟健康,1年前
高考当天饮食攻略，建议收藏！#高考加油站 #饮食 #健康dou起来 #医学科普,https://www.douyin.com/video/6845936560316206350,292,00:55,https://www.douyin.com/user/MS4wLjABAAAAlCxWfvdGFEOP1gsh5bIiR_4vN9JHTHkZHoQ5Mo1KT_lxPi33K29JQQ9Ovvq2O_1A,张涛医生说肝,1年前
教你一招，预防老年痴呆！#中医 #知识创作人 #健康养生 #健康科普,https://www.douyin.com/video/6887173037259541763,42,00:33,https://www.douyin.com/user/MS4wLjABAAAAlCxWfvdGFEOP1gsh5bIiR_4vN9JHTHkZHoQ5Mo1KT_lxPi33K29JQQ9Ovvq2O_1A,张涛医生说肝,1年前
内分泌科史双伟,https://www.douyin.com/video/7018836973255167272,374,01:04,https://www.douyin.com/user/MS4wLjABAAAAE6N2Ua7sC3oYFBtJWdnF0hLh5nXhoDGQcIhLCawqKaw-0bxdKrj5zWHkyytAOISu,内分泌科史双伟,2月前
#南方健康这个知识，你一定要知道！#坚果#宅春节涨知识#健康,https://www.douyin.com/video/6932370252609244430,1275,00:30,https://www.douyin.com/user/MS4wLjABAAAAq4C_mUPNBMKa0r4yBVPl-uVjk2awtqK8J3hFNibuALg,胡医生,10月前
脂肪肝通过运动能恢复吗？,https://www.douyin.com/video/6828427792196128012,25,00:59,https://www.douyin.com/user/MS4wLjABAAAAbsKyFKb-g-Vw6Rlxjjh3QyEfArfmU1W7E9uRnR9NC40,广医三院,1年前
关于甘油三酯的知识点#医学科普 #健康科普 #食物 @DOU+小助手  #抖音学习课代表,https://www.douyin.com/video/7042976229451992333,1.3w,01:00,https://www.douyin.com/user/MS4wLjABAAAADpTiEpkjX_fXgDZudeIOTE1fqPky6GK_mbCF0-8jYTA,聊健康的崔主任,3周前
#医学生 专用#手机壁纸 （一）都说当#医生 容易#头秃 ，那还不快划重点存手机壁纸背下来,https://www.douyin.com/video/6900388896169856264,1471,00:09,https://www.douyin.com/user/MS4wLjABAAAAuYOHr4L7j7A1B3zrbBSmKqzcI1FOqEExqZ4AMj-k-pM,本硕博医小曼,1年前
对于激素药，有乙肝或者肝病的患者需要谨慎用药！#乙肝 #肝硬化 #医学科普,https://www.douyin.com/video/6900830363938032899,1067,00:56,https://www.douyin.com/user/MS4wLjABAAAA2qaVxzuHTSch968ewieL-bgdo9yfv-pSlPEREXKFyzde9p5DfKqMin7P5kZ8DaS4,黄叔 论肝,1年前
高尿酸怎么办？一定记住这五点！#高尿酸 ,https://www.douyin.com/video/6998792070899027235,2.1w,00:57,https://www.douyin.com/user/MS4wLjABAAAA4vZ4ChzzbZW2-bI733aY7uqCMqh5aRnpbEvyuXUAHbg,周大亮医生,4月前
长期用降糖药如何避免肾损害？#这个视频有点料 #健康 #科普 @南方健康 @头条健康 @抖音小助手,https://www.douyin.com/video/6825965041628564739,3868,00:58,https://www.douyin.com/user/MS4wLjABAAAAyUYSI-jS6EXKebiIDJb10RITQ7iK_hHGnBy6gJaSxHg,李青大夫,1年前
常年吃一种降压药，会不会产生耐药性#争渡健康 #医学科普 #趣看医生 #高血压,https://www.douyin.com/video/6944235030134721822,15,00:27,https://www.douyin.com/user/MS4wLjABAAAAq5_kflNF3V6wJJSVx0hVSlY3Z84ybCISMNYXnxWm5y4,吕军医生,9月前
目前治疗白癜风的方法@DOU+小助手 #医学科普 #健康真相官,https://www.douyin.com/video/6896370346979560711,36,00:44,https://www.douyin.com/user/MS4wLjABAAAAOsega8Vlrl61dG9ikiOfbhN4RWvsuqWHW5QbG5JUNvONcOHHAAKGR7O0VwIHBIs1,我的一天,1年前
关于低血糖的那些事，你一定要知道！#科普 #低血糖,https://www.douyin.com/video/6994261453217795365,92,02:59,https://www.douyin.com/user/MS4wLjABAAAAlK36X8zHczhnbuAN5u0DKhYn5bGXCMA-xM18z_WPeu1fwtjuU0PBRuLrKYPnf0Jc,乐山市中医医院,5月前
注意啦！这五类人群容易患冠心病快来看看有你吗？#科普 #健康  #健康知识宝典,https://www.douyin.com/video/6954263995482230052,156,01:00,https://www.douyin.com/user/MS4wLjABAAAABaZejiHXFI9ZGM_thNkOmh9EsWiOm0SFwbGRAftJ8I_Bam_H8GGs4EJzgxCWwgZc,中医钟博士,8月前
张涛医生说肝,https://www.douyin.com/video/6824462958794411267,180,00:26,https://www.douyin.com/user/MS4wLjABAAAAlCxWfvdGFEOP1gsh5bIiR_4vN9JHTHkZHoQ5Mo1KT_lxPi33K29JQQ9Ovvq2O_1A,张涛医生说肝,1年前
胰岛素在这种情况下可以停用,https://www.douyin.com/video/6993582268170210567,1174,00:23,https://www.douyin.com/user/MS4wLjABAAAAHlcaf1uBZjM0O-Kk-qm5cc_myObLst_VC5raotIdUfiulUIZew2o3R_ElOcbhte5,肾病科安海燕医生,5月前
这些人是不能做双眼皮的！这千万可要记清楚了！ #双眼皮 #变美@抖音小助手,https://www.douyin.com/video/6865224706841120013,573,00:37,https://www.douyin.com/user/MS4wLjABAAAAdobFhj-53mUj-l_VOGM3LOMxlWaE2n7xo1OmH76HPrJhUjNADdhoGYoKDuiQ_5bc,申霄医生,1年前
天天吃这五种食物，让你越活越年轻！建议收藏！#中医养生 #健康养生 #中医,https://www.douyin.com/video/6876275131585449216,292,01:03,https://www.douyin.com/user/MS4wLjABAAAA0iJ3s3SQmP1K47lK8wMxTKeuAeoj6zIqesKH4El25Nc,结节专家石青,1年前
二甲双胍如何降糖#控糖 #糖尿病 @DOU+小助手 @河豚健康,https://www.douyin.com/video/6969481007745568011,1.6w,01:10,https://www.douyin.com/user/MS4wLjABAAAAIh4PYQ_S9jTg-G8nImuO45jgN9OPP13ESSaeADxrNMvHoIdKDc6LF3XA3P0zie72,晓光说药,7月前
肝功能检查时何时抽血好？,https://www.douyin.com/video/6777931305226095872,652,00:38,https://www.douyin.com/user/MS4wLjABAAAAp7EKYSLLf_cMoY5G9rTsERfEBERE9SJQzLZ5scEkCNA,肝博士杨明博大夫,2年前
中秋佳节，大家都会食用月饼这种传统美食，#肝胆 病友们来看看自己适合吃月饼吗#李蕴铷#明月千里共婵娟@南方健康,https://www.douyin.com/video/7009978947316256014,79,00:52,https://www.douyin.com/user/MS4wLjABAAAApOJxHWN7BC79Ed9dtkpgHuCiPD7G3cG85Th1pwdDbeLxG7DpZqrmIzPXPGfoPGDn,李蕴铷,3月前
血糖控制的不好，可以住院吗？#糖尿病 #血糖,https://www.douyin.com/video/6980576238893026567,288,00:54,https://www.douyin.com/user/MS4wLjABAAAAiCLlJaIyM0wiU4c4mLD2Yx6d5DmAM1z_cOTQ6aogpMatzupUQTqtn12PCNZISvu3,群聊卒中,6月前
糖尿病S术是微创S术吗？#糖尿病手术 ,https://www.douyin.com/video/6980277928483360011,7072,01:04,https://www.douyin.com/user/MS4wLjABAAAAKPaaexAufLUJg8THbc-nEQLLL6T76BC594xcuNsx4oY,孟化医学在线,6月前
#感冒药你知多少，天气变化，赶紧收藏起来#医学科普 #健康 #科普,https://www.douyin.com/video/6878809311166942477,103,01:03,https://www.douyin.com/user/MS4wLjABAAAAe_j9ufkb33ueP5sLx0_coBd70YU04EfWVfDVe9YDvPU,小杨药师,1年前
 喝酒能降血糖吗？ #糖尿病 ,https://www.douyin.com/video/6979527834964364581,1036,00:46,https://www.douyin.com/user/MS4wLjABAAAAVS5OBFKG6xgtEu5IoUHBYNz5zt6yM1qwPa56m1gb2qg,孙苏欣讲糖,6月前
#控糖  远离“小糖人”,https://www.douyin.com/video/6968731699941330189,211,03:09,https://www.douyin.com/user/MS4wLjABAAAAcjlJcTZpHSBxhz-BxVyvTk6jSIJJoCfHZx8PdyhKNI4eUGpRISeyVaSol6nf9FkG,苏北人民医院,7月前
消退黄褐斑，吃它#中医 #医学科普 #国庆 #中秋 #健康,https://www.douyin.com/video/6878969302297365771,292,00:33,https://www.douyin.com/user/MS4wLjABAAAAlCxWfvdGFEOP1gsh5bIiR_4vN9JHTHkZHoQ5Mo1KT_lxPi33K29JQQ9Ovvq2O_1A,张涛医生说肝,1年前
后频繁去厕所，是shen不好？#dou出百万健康 #国庆中秋双节同庆 #聚会 #喝酒 @DOU+小助手,https://www.douyin.com/video/6878982622685498639,101,00:25,https://www.douyin.com/user/MS4wLjABAAAAAuD9zrNCUHCkZK3yh57xsWcvDpk2UecH8b1KEU_oEFNoUIjE4ZyqyOn6RcPjR2ce,中医樊晓鹏,1年前
肝功能白蛋白的意义,https://www.douyin.com/video/6781265841066478863,683,00:45,https://www.douyin.com/user/MS4wLjABAAAAp7EKYSLLf_cMoY5G9rTsERfEBERE9SJQzLZ5scEkCNA,肝博士杨明博大夫,1年前
吃红枣、红豆、红糖补血吗？#补血,https://www.douyin.com/video/6885655423609867527,4400,00:43,https://www.douyin.com/user/MS4wLjABAAAADpTiEpkjX_fXgDZudeIOTE1fqPky6GK_mbCF0-8jYTA,聊健康的崔主任,1年前
"#春节 春节喝酒需小心不止抗生素和酒""八字不合""！ @抖音小助手",https://www.douyin.com/video/6784285946473893127,336,00:39,https://www.douyin.com/user/MS4wLjABAAAA9BoUj5V8BAnPRzyewUVbTcEA_OIcucBkmfDFNBqKTJY,lntv健康一身轻,1年前
被医生列入黑名单的零食！你家孩子还在吃吗？ #科学育儿 #零食,https://www.douyin.com/video/6858173934265765133,51,00:46,https://www.douyin.com/user/MS4wLjABAAAATyC98tgN5hDL_VXhhAbIJSbu7slYoHHts5-aSmPqY26wiiF539o5vVe6j3Z8JUUA,中医余君,1年前
xue糖控制达标后，仍然有显著的饥饿感，该怎么办？#健康 #医学科普,https://www.douyin.com/video/6935977572882746661,235,00:38,https://www.douyin.com/user/MS4wLjABAAAAqAXbegB8g_ZuDLDHNGekdVWH_MkpgRBcXFYex4N64ZbLXX19r_6_jPmx3bLP7Kzq,王世东主任,10月前
分享一个缓解更年期出汗、燥热的小方法,https://www.douyin.com/video/6963547993165384997,478,00:34,https://www.douyin.com/user/MS4wLjABAAAAXVikz2yl_p_w2HXt4yq2i-O32cTXFbOmEH0XRj8mg4yDE0IAjjnpZhy29ibvEdYI,医生张吉金,7月前
大量或长期吃西瓜副作用不可轻忽 #中医  #健康,https://www.douyin.com/video/6848051011878128904,469,00:53,https://www.douyin.com/user/MS4wLjABAAAAgMb3DW1GtRBFpt5G4hche8uRlbL2DplVlippKZ9oMkGbC6YQJEW-gWNV5r6vAaFs,中医朝霞谈肝论胃,1年前
#碳酸饮料#糖分#骨质疏松#医学科普,https://www.douyin.com/video/6944975427941272872,43,00:33,https://www.douyin.com/user/MS4wLjABAAAAiiZdeBmBcucnzODQ24a3ACglMOnb9cguh-2n6XpUaoNUM_z1Q_XBVdEKGgiC86J8,骨科姚若愚医生,9月前
常见饭前服用药物#健康#药物,https://www.douyin.com/video/6830692775122570509,213,00:16,https://www.douyin.com/user/MS4wLjABAAAAau4yjoprZghVKM2Mo3vaa4MTaISmqspoOHQ1jfQCulw,小田医生,1年前
#六院骨科 #糖尿病足 #老烂腿 #糖尿病足预防,https://www.douyin.com/video/6943891985195339042,131,01:22,https://www.douyin.com/user/MS4wLjABAAAArFazR-Gxk4dCAUMhTFD7mh5G4PXxZb_McvBJmo6jAv8,六院骨科陈华,9月前
小伙长期入睡难是什么问题？ #世界睡眠日  #健康科普,https://www.douyin.com/video/6942746641476685086,3155,00:51,https://www.douyin.com/user/MS4wLjABAAAAfwq0yuDqn232MXXHAN3MpG8GJE71R3u-8GqpN993bdQ,内科吴金荣医生,9月前
没有胃肠镜的体检项目都是不完整的！#健康科普 #医学科普 @抖音小助手 @DOU+小助手,https://www.douyin.com/video/6862917114798378255,1007,00:49,https://www.douyin.com/user/MS4wLjABAAAAGf-6jYJtqcYrA5vOZXXDULP-P1Bgah5uWoudqgd-lZBUfE8G6BqX9zPUIUZ0kOGj,暖胃大叔田艳涛主任,1年前
#合理用药 #科普 吃药一定要喝水吗？@抖音小助手,https://www.douyin.com/video/6837068867165113615,38,00:49,https://www.douyin.com/user/MS4wLjABAAAAhvR7mo76b4GVNtWigDfNKU-UpeT4kKqGKaZ45cwdDIk,陕西省宝鸡市人民医院,1年前
腰部出现蛇缠腰疼痛难忍，该怎么处理呢？,https://www.douyin.com/video/6942754604325129480,4.5w,00:29,https://www.douyin.com/user/MS4wLjABAAAAYx-kCcDuiJ9fYXKNYI63CXG6CaLNq6KdLZhwrOO9fNKcz5PCaDwhGHumcoWM65I_,董秀芹教授讲皮肤,9月前
解酒不难，可以甜！ #用药科普•遇见药师# ,https://www.douyin.com/video/6964290084061367555,58,01:27,https://www.douyin.com/user/MS4wLjABAAAAMrgP2p_LGwhAMTqlrYssf357W3koJCCOcvvnpnQQpsw,小胡药师,7月前
最全#孕检 时间表下集，准爸妈一定要记牢这些时间#女性 #男性 #医学科普  #怀孕,https://www.douyin.com/video/6941666675825642759,1976,00:45,https://www.douyin.com/user/MS4wLjABAAAARUYXSZlkA3shUuqse7L8Gat6N7WUFSlogxEa86VsapA,妇产科许主任,9月前
患者大便干燥40年，#腰痛不止去医院拍CT后竟发现得了肺ai！身体不适，一定要多加注意，千万不要忽视。#健康,https://www.douyin.com/video/6941302183958777102,146,01:01,https://www.douyin.com/user/MS4wLjABAAAA5N-ek43f5ebbk0l629JIMCLSI_JOlQzVZKMwOXHPMwI,赵田雍教授,9月前
cuo疮患者有必要刻意去补充维生素吗 #维生素  #皮肤病  #健康,https://www.douyin.com/video/6849263204586114317,231,00:20,https://www.douyin.com/user/MS4wLjABAAAAyBCiCpaiXm9g1QwnMcv9eGwSzF15olHo8iXh4HJBUh0,姜立伟大夫,1年前
#糖尿病科普 #血脂异常#柚子，降脂药与柚子不能同时服用,https://www.douyin.com/video/6941364368122662144,74,00:59,https://www.douyin.com/user/MS4wLjABAAAANofKaE1XyvlRWbApQHX8sLCQkzeD0q0H2I1jzt79k6Q,李医生说糖尿病,9月前
胶原蛋白肽抗糖丸美白丸这些都靠谱么？都是套路,https://www.douyin.com/video/6875266008379034893,2.0w,00:56,https://www.douyin.com/user/MS4wLjABAAAAMqsBIZGfVFDWYE-Ll7MB7Dluw-2NczQA_aChqPye0qbcMgyGbHjpyBtGL55tGJ-k,心中有术,1年前
吃降压药能吃柚子吗#暑期知识大作战 医学#科普 仅供参考,https://www.douyin.com/video/6867442372951690508,531,00:28,https://www.douyin.com/user/MS4wLjABAAAArvPc2GHZqwoXxr740BgVIkKz8pIOuul2V6ixJJnnJJRA9OTN3f0QNOFNsND69nii,暖医阿邱,1年前
啤酒肚怎么来的，这下终于知道了#啤酒肚 #健康dou起来 #科普健康知识,https://www.douyin.com/video/6845096239554366728,215,00:25,https://www.douyin.com/user/MS4wLjABAAAAlCxWfvdGFEOP1gsh5bIiR_4vN9JHTHkZHoQ5Mo1KT_lxPi33K29JQQ9Ovvq2O_1A,张涛医生说肝,1年前
#女性健康  #十万个怎么做 女生#喝红糖水 真的有用吗？,https://www.douyin.com/video/6829227892476513544,1445,01:00,https://www.douyin.com/user/MS4wLjABAAAA5ISASt91185T23YemR-5uxdIdwuS-axYE7XKNWSXYL8,妇产科—杨媛媛,1年前
祛湿，一招就灵！,https://www.douyin.com/video/6872643268614606093,28,00:19,https://www.douyin.com/user/MS4wLjABAAAAd2WDg-lVAdZ1gZHX846RC4vgHU-vLpc6DFRrUE9VcaUsC6cUE0MMWKlhcxt0lc0C,刘春云医生,1年前
“9.20”全国爱牙日，听我院张绍伟教授教您如何在日常生活中护牙。 #爱牙dou来秀,https://www.douyin.com/video/6873629623658302733,49,06:25,https://www.douyin.com/user/MS4wLjABAAAA3ZAf4oH2qHlbJrT8emR7C1gnzJApGHf1hTcLKViSyLM,遵义医科大学附属口腔医院,1年前
NO.26 骨折以后吃什么恢复得快？#健康 #医学科普 #骨折 @DOU+小助手,https://www.douyin.com/video/6874011266424392964,4.9w,00:59,https://www.douyin.com/user/MS4wLjABAAAAd4-IxvJqrK1OtpdjZRCTfyGkcViJ7jLime4iIfvDMPE,北大医院骨科孙浩林医生,1年前
不吃#主食 控制住了血糖，是假象！#糖尿病 到底应该怎么治？,https://www.douyin.com/video/6843322154751233295,5258,00:42,https://www.douyin.com/user/MS4wLjABAAAA-9RDtCKbgT40O0R-oBSbhHvdCKTKcYXNXcr-cYh_4kmwZUZXuU9TWXQrTTrrfyf_,马欣教授,1年前
睡眠不足的危害！,https://www.douyin.com/video/6776207108611247375,474,00:56,https://www.douyin.com/user/MS4wLjABAAAAp7EKYSLLf_cMoY5G9rTsERfEBERE9SJQzLZ5scEkCNA,肝博士杨明博大夫,2年前
第11期|喝奶茶都长痘痘的吗？ #痘痘  #奶茶  @DOU+小助手,https://www.douyin.com/video/6866370886920948999,244,00:38,https://www.douyin.com/user/MS4wLjABAAAAD2pfbhfjZJlUrhU90TKawB0OkDHAjL0Rc7ZJZJBKxCk,皮肤科徐小风医生,1年前
季肋区疼痛，按着不痛，贴膏药效果不大，病根在哪里？#季肋区疼痛 #病根在哪里,https://www.douyin.com/video/6843029926690508047,1153,00:59,https://www.douyin.com/user/MS4wLjABAAAA2Wqi3gNvl8O9OSnBCMBp_2gyeXAMQlzPrBaLCEhVHKc,疼痛科岳剑宁医生,1年前
高血糖病人来看看,https://www.douyin.com/video/6786071237073358095,28,00:46,https://www.douyin.com/user/MS4wLjABAAAAFbtroW2PLv78v-vtSZ1_GNHZzEA3lshzN8B2MJHuHFbuFHCxK_ce2sFqTHeX8R9m,老年病科医生王越晖,1年前