标题,标题链接,_04b09e32a7964282872626a4aff3353bscss,d170ababc38fdbf760ca677dbaa9206ascss,caa4fd3df2607e91340989a2e41628d8scss_链接,_31dc42fa6181927e1afa821a0db10ed0scss,b32855717201aaabd3d83c162315ff0ascss
脂代谢紊乱的症状   @震洋健康  #知识创作人  #健康真相官,https://www.douyin.com/video/6896751510521138440,87,01:03,https://www.douyin.com/user/MS4wLjABAAAA3hnn1FW4LwmfPmRWX4KOk7JeAZ-5_qg3LuZd5A6-8ZY,彭李妉医生,1年前
脂肪肝不知道怎么办的患者，可以参考一下#脂肪肝 #肝 ,https://www.douyin.com/video/7002779192056237342,1.1w,00:41,https://www.douyin.com/user/MS4wLjABAAAA38-EDyJGCnK5UGf460sSV-f0UfwVwr-l1dX4OWh6xJL6t17JU4m1BBqKt_DZ22XZ,广安门陈长怀主任,3月前
手掌红、肥厚的朋友要注意自身脂肪代谢可能存在异常！#手诊 #dou出新知 #代谢 #中医,https://www.douyin.com/video/6845109520021130504,3852,00:47,https://www.douyin.com/user/MS4wLjABAAAAHB8mtMzC1e3EY1z0pH871BDg8sOE0ugW8G9rN1rtlGs,中国中医科学院-韩学杰,1年前
关于高血脂的八个健康谣言 #科普健康中国新媒体,https://www.douyin.com/video/6969472423125175588,6069,01:52,https://www.douyin.com/user/MS4wLjABAAAAtuDOOW5KSrm2TaKAVU2Vp2smhvaSSqlbGqD6Q-f3YtQ,神经内科宋璞医生,6月前
什么是基础代谢差#减肥 #涨知识 #医学科普 #dou出新知 #科普 ,https://www.douyin.com/video/6979514674349870367,3.4w,01:25,https://www.douyin.com/user/MS4wLjABAAAAFGjc-yWHSxgrY900fcAXhFGnPj4OThBhCrv5XNcr_As,医学减重专家陈伟,5月前
肥胖只是因为吃太多？,https://www.douyin.com/video/6590591485291269379,2023,00:17,https://www.douyin.com/user/MS4wLjABAAAAPjEMcBcE1Tf84nDeaem5ecVuT0vhn4uqj3zBEeHVZl0,减重外科姚琪远主任,3年前
脂肪肝就一定是胖子得吗？还有5类人也是高发人群，看看有你吗？,https://www.douyin.com/video/6967274823764430084,1,01:29,https://www.douyin.com/user/MS4wLjABAAAAau0ZwINgBOBhiQkH2-b9NnKtRU3xTpDRAfPBWMunVHk,尚医健康,1年前
肚子里的脂肪堆积，脂肪代谢异常，成了脂肪肝#大肚腩 #脂肪肝 #减重手术 ,https://www.douyin.com/video/7025948133259562254,1147,00:06,https://www.douyin.com/user/MS4wLjABAAAAzm8XjRS8-YIEXgj4TEhJoKtTTzEcDGoIIUMVXMiuqI8,瘦医张涵,1月前
代谢不好怎么通过饮食改善？#减肥冷知识 #饮食减肥 #逆袭,https://www.douyin.com/video/6962090006634695967,4559,00:29,https://www.douyin.com/user/MS4wLjABAAAA4DNLulO6SQlIwEV5TiDaXGBEVKow8n6lUCQmCdyA1LUPpaIxdUROTOmsgfN7ctuf,减重代谢温较瘦,6月前
任何的#减重 方式都建立在长久保持一个良好的生活方式上#减重手术 #袖状胃 #胃折叠,https://www.douyin.com/video/6969383440319892772,1133,01:28,https://www.douyin.com/user/MS4wLjABAAAAPjEMcBcE1Tf84nDeaem5ecVuT0vhn4uqj3zBEeHVZl0,减重外科姚琪远主任,6月前
你有什么好的方法吗？ #医学科普,https://www.douyin.com/video/6939812725455408392,878,00:38,https://www.douyin.com/user/MS4wLjABAAAA5lZi3rt2J5DMOQferklkpGc-29A1VxQ5jeFcc1zLSRxgsBiq5-CiqVldiN3O5Pho,毛凤仙,8月前
脂肪肝不控制住那么代谢问题始终不好爵爵解决#脂肪肝 #糖尿病 #代谢,https://www.douyin.com/video/6936155454057762088,9,00:24,https://www.douyin.com/user/MS4wLjABAAAAZEj2oIn0Wj3toB2W-7U7UrJtbqTCXDagqNGzSKkoq08,中医内分泌专家杨波医生,9月前
网友质询：徐医生，我代谢慢（基础代谢低下）怎么办？#减脂#减重,https://www.douyin.com/video/6942754946337017125,1048,00:44,https://www.douyin.com/user/MS4wLjABAAAAqfHkuBx3PzTA_hVwBg0Gl2t9UHcc4Z0TRttQMMIx_JA,减重专家徐东升医生,8月前
脂肪肝产生的7大原因！#中医 #健康 #健康真相官 #创作灵感,https://www.douyin.com/video/6915260468089113870,648,01:34,https://www.douyin.com/user/MS4wLjABAAAAjrDnWGlYlwFGAFER3NoEyFGQ00Z2Okbs8F6NAWVHrQhDuDRo2Fsh-TbAjSmE5Do8,中医马萍教授,11月前
孕吐不是病，吐起来真要命！担心影响宝宝？听听杨主任怎么说！#孕期#胎儿#怀孕,https://www.douyin.com/video/6802025721167351054,1554,00:47,https://www.douyin.com/user/MS4wLjABAAAAxvPCzT_FJWQPbKJR-75fBXb3nZ0oFbSiIFNtEsJc0qY,杨苏安,1年前
肥胖引起的脂代谢异常，是糖尿病、高血压以及心血管疾病的根本原因，所以防病治病首先要减重！#肥胖 #心血管,https://www.douyin.com/video/6847740896260246791,1.1w,00:08,https://www.douyin.com/user/MS4wLjABAAAAo53WHma7BlCEQ9-XY3Pf_EeWcGG5NumSVoWojzGhg4fJq0bK9LSehcQYZVJ_EsyS,外科医生董星,1年前
小孩子也得这病得小心点儿了#育儿 ,https://www.douyin.com/video/7006517818703252751,259,00:34,https://www.douyin.com/user/MS4wLjABAAAAO3unr0Uf1ixrhUIuk3zhStmBUKRO94cOTTSSyx6GRuc,儿科张均喜大夫,3月前
#一叶知秋秋意浓 #基础代谢 #减肥 什么是基础代谢差？,https://www.douyin.com/video/6760421049730469127,2.5w,01:25,https://www.douyin.com/user/MS4wLjABAAAAFGjc-yWHSxgrY900fcAXhFGnPj4OThBhCrv5XNcr_As,医学减重专家陈伟,2年前
你的肥胖也许是肝脏出了问题！#医学科普 #健康养生 #肝脏保健,https://www.douyin.com/video/6888902302359358735,123,00:57,https://www.douyin.com/user/MS4wLjABAAAATMZ8Xyhocw4UKq6VvS-q58EbZ9MlRzvIcvNPbSykmCQ,张文华医生,1年前
#肝教授 瘦子也会得脂肪肝？脂肪肝也会发展为肝硬化？#医学科普 #黄叔论肝,https://www.douyin.com/video/7039971477948550440,1036,01:18,https://www.douyin.com/user/MS4wLjABAAAA2qaVxzuHTSch968ewieL-bgdo9yfv-pSlPEREXKFyzde9p5DfKqMin7P5kZ8DaS4,黄叔 论肝,2天前
有患者疑问“吃的也不多也不怎么吃肥甘厚味，怎么会得这些问题？”可能是自身代谢的问题#代谢慢 #不吸收 #医学科普 ,https://www.douyin.com/video/7000254753225706765,47,00:34,https://www.douyin.com/user/MS4wLjABAAAAErGtRvUXVriQY2KzVqZSCqeurwgEu133yg610_fDLorMzqmwnkV1AzsRFEU9_B2c,中医内科胡国臣主任,3月前
爱打麻将的人，您的身体正在被它慢慢透支#dou出新知 #健康科普 #健康 #医学科普,https://www.douyin.com/video/6845833728002936064,8546,00:52,https://www.douyin.com/user/MS4wLjABAAAAdYtP1Z_AMyIG5z1fPmprxD4GFInsj0-m6pschuQwfQaYTA4CS1k1G-eEs4nmFat5,黄晶聊骨科,1年前
不要以为减的快就是好事，#减肥 也要适量#医学科普,https://www.douyin.com/video/6910505613764136196,50,00:56,https://www.douyin.com/user/MS4wLjABAAAAouN7YikKm1ugKs3TugNDyqNZmebUSC-CaR0D9JyuBkposXPR9qiWI5OSULIERuhf,暨南减重董志勇,11月前
妊娠脂肪肝,https://www.douyin.com/video/6783481471815421184,411,00:37,https://www.douyin.com/user/MS4wLjABAAAAp7EKYSLLf_cMoY5G9rTsERfEBERE9SJQzLZ5scEkCNA,肝博士杨明博大夫,1年前
减肥反成易胖体质？你可能是基础代谢受损！#医学科普 #减肥 #易胖体质 #基础代谢 ,https://www.douyin.com/video/6982863136843926821,37,00:43,https://www.douyin.com/user/MS4wLjABAAAA2HDlV56G8rsszAvLIlc4USFohMkfwsoGYlgk6AcCRQ4,整形外科医生马杰,5月前
有脂肪肝的人就是代谢慢吗？,https://www.douyin.com/video/6941307213541641485,6179,00:30,https://www.douyin.com/user/MS4wLjABAAAAiRoLZF5a_i2GVfzGUfkXN8RfzmBVXoEzoUWNlJx4zZmLLNcBA5RTrfiZZXeoeRr9,肝胆内科尤医生,8月前
代谢综合征有哪些表现？#减重代谢手术 #减肥 #糖尿病 #牛皮癣银屑病,https://www.douyin.com/video/6941737068573887756,3154,00:36,https://www.douyin.com/user/MS4wLjABAAAAKPaaexAufLUJg8THbc-nEQLLL6T76BC594xcuNsx4oY,孟化医学在线,8月前
什么是糖尿病，你真的了解吗？#健康 #健康科普 #科普 #科普一下 #涨知识 #医学科普 @抖音小助手 ,https://www.douyin.com/video/7029236539175603464,553,00:46,https://www.douyin.com/user/MS4wLjABAAAA89k3tifCpG7sJpUhk_VFhAHUWMEJQtw1r4lSdItx4-CalFQJW-vSgyot33Azazr5,神经外科徐保锋,1月前
减轻脂肪肝，只能靠节食吗？ #医学科普  #dou出新知 ,https://www.douyin.com/video/6976073868389731592,8756,01:09,https://www.douyin.com/user/MS4wLjABAAAAy6E9c63Salc6LZCp2K3fvaO-e8FuLGj5eozrtNLj6iI,肝病科刘燕玲教授,5月前
#爱眼  #中医 肥胖不仅会胖身上，还会胖眼睛上，各位要记得合理饮食哦。,https://www.douyin.com/video/6917178653537324302,172,00:28,https://www.douyin.com/user/MS4wLjABAAAApbHXJyFlTwEXtu8mg7Fl52x1-zlTbQ0yTAi5kSW4Dhcb9dnGAtApFRxyYwNon_Od,眼科刘静主任,10月前
减肥期间，代谢指标出现波动，问题出在哪了？#云上大课堂 #减肥,https://www.douyin.com/video/6815126909354036487,236,00:46,https://www.douyin.com/user/MS4wLjABAAAA3biBISc7fCHLwEKZvietLcY-nFEUZErTyZ_LFxhjtIk,临床营养窦攀,1年前
#肝教授 脂肪肝患者不能吃荤菜吗？#黄叔论肝 #医学科普,https://www.douyin.com/video/7000631744705744140,2991,01:05,https://www.douyin.com/user/MS4wLjABAAAA2qaVxzuHTSch968ewieL-bgdo9yfv-pSlPEREXKFyzde9p5DfKqMin7P5kZ8DaS4,黄叔 论肝,3月前
可怕！代谢出了问题，竟然也可能导致癌症？#科普 #健康 #代谢,https://www.douyin.com/video/6911173678139018511,4281,00:21,https://www.douyin.com/user/MS4wLjABAAAAbu6IlXnInbzcMl2efNmegiWUrOXeUQi6vIgh3pXyTa4,凤凰大健康,11月前
#定制你的2021 为什么瘦子也难逃脂肪肝大劫？#全民健康计划 #抖音小助手 #脂肪肝 #dou热门 @河豚健,https://www.douyin.com/video/6918334710028487948,54,00:48,https://www.douyin.com/user/MS4wLjABAAAA925xfVizjA9Hv6s6D8NLJHoDkyukJO1bKuV-xItJpsE,小药师夏夏,10月前
#血脂 调脂葯系列科普（10） 为什么有些人不吃荤也血脂高 @南方健康,https://www.douyin.com/video/6827950431617010955,6102,01:45,https://www.douyin.com/user/MS4wLjABAAAAtuDOOW5KSrm2TaKAVU2Vp2smhvaSSqlbGqD6Q-f3YtQ,神经内科宋璞医生,1年前
眼睑出现黄色斑块，#睑黄瘤可以这样处理#医学科普 #健康科普 #皮肤 ,https://www.douyin.com/video/6998039289506417927,3270,00:22,https://www.douyin.com/user/MS4wLjABAAAA9idTgV5oaf-aAuMf8uuwNtxKJw5_ErV2EAsDNjeUtCu0B0m3YzKCOHFSd-3Sfo37,皮肤科主任吴良才,3月前
学会这样 #喝水 不会胖！ #医学科普 #减肥@健康中国 ,https://www.douyin.com/video/6976934869519568132,381,01:17,https://www.douyin.com/user/MS4wLjABAAAAWfJAY-f6wL24_mMBSA3Jk3d80zmHjKm2yj1DSYguUbY,首都医科大学宣武医院,5月前
医生，体检发现脂肪肝，体重减下去脂肪肝能消失吗？#肥胖 #医学科普 #减重手术,https://www.douyin.com/video/6919803626789604611,4420,00:30,https://www.douyin.com/user/MS4wLjABAAAA2uebU1ZNTDQCJQKB-4_kVNsoYU1HQ_FpRM6totQj6Og,减重代谢手术喜哥,10月前
越来越多的人查出脂肪肝，都是因为这几个原因！,https://www.douyin.com/video/6909036562068032781,32,00:51,https://www.douyin.com/user/MS4wLjABAAAAu6wHuoad2b6xjtPsb_G-BV4G5_LOZ_qrTCJ_P9-ZMW0P2TF-DiNjBO4yGfeqrIPD,消化科王医生,11月前
怎样判断自己属于哪一种肥胖的胖纸吗？ #胖  #变美变瘦变好看  #健康真相官,https://www.douyin.com/video/6900074776665001223,60,00:33,https://www.douyin.com/user/MS4wLjABAAAARlCB3mC-RTLLTPmMepWXs5hKty47hBkzp-MXi1uKTy75ouMUzRvRFRUVPbVbrEEa,整形医生齐红莉,1年前
减肥成功的关键是减脂而不是减重！#健康减脂 ,https://www.douyin.com/video/6996929794038320397,229,00:24,https://www.douyin.com/user/MS4wLjABAAAAqfHkuBx3PzTA_hVwBg0Gl2t9UHcc4Z0TRttQMMIx_JA,减重专家徐东升医生,3月前
代谢#健康的肥胖也需要减肥吗？#健康科普 @抖音小助手 ,https://www.douyin.com/video/6986461421458574623,7,01:18,https://www.douyin.com/user/MS4wLjABAAAAO1jP0FHpShpQClEPWbx15W7U7A54yaosdedtD6-LPMAVq7n26XszY2xjk6hBi6NF,减重手术专家李良辉,4月前
脂肪肝在年轻人中越来越普遍，那么是哪些原因引起的脂肪肝呢？如果你也有这些问题，记得赶紧纠正哦~#脂肪肝,https://www.douyin.com/video/6898291213510757646,88,00:45,https://www.douyin.com/user/MS4wLjABAAAAu6wHuoad2b6xjtPsb_G-BV4G5_LOZ_qrTCJ_P9-ZMW0P2TF-DiNjBO4yGfeqrIPD,消化科王医生,1年前
有没有健康的胖子？#减脂 #减重,https://www.douyin.com/video/6937201073534831876,417,00:59,https://www.douyin.com/user/MS4wLjABAAAAqfHkuBx3PzTA_hVwBg0Gl2t9UHcc4Z0TRttQMMIx_JA,减重专家徐东升医生,9月前
轻度脂肪肝变中度，竟是节食惹得祸！#节食减肥,https://www.douyin.com/video/6854135929645436172,2.1w,01:26,https://www.douyin.com/user/MS4wLjABAAAAYGzkiXoanlk-DR1Wcky_7DTuqiCXir2LgZXpOh6uLB4,养生堂,1年前
脂肪肝是怎么治疗,https://www.douyin.com/video/6967279138189118734,4,02:04,https://www.douyin.com/user/MS4wLjABAAAAau0ZwINgBOBhiQkH2-b9NnKtRU3xTpDRAfPBWMunVHk,尚医健康,2年前
吃饱就困不是懒，小心身体#危机 ！你还以为这是正常现象吗？#代谢综合征#内分泌,https://www.douyin.com/video/6872189745758342408,352,00:30,https://www.douyin.com/user/MS4wLjABAAAApmCxkrR5RwkgmHbjyqkoYV53AfS8WhzWCsE0ssBz1Wg,连博士说内分泌,1年前
平时应该如何预防心脑血管疾病呢@震洋健康 #医学科普 ,https://www.douyin.com/video/7003132622805290279,108,00:56,https://www.douyin.com/user/MS4wLjABAAAArSyaArOX77OGs_xlNTDp_0TPGvjsZp6U3zhoPVR_Qis,心血管内科王磊医生,3月前
#涨知识体重卡住不掉秤，一直瘦不下来？这条视频告诉你如何#突破减肥平台期 ,https://www.douyin.com/video/7017015703177923852,75,00:42,https://www.douyin.com/user/MS4wLjABAAAAp7VybYz-PGhcrBfiXBWgd84L0OTDJGBRrxT20gHpmKo,斯雨医生,2月前
妊娠急脂肪肝与胎儿线粒体脂肪酸代谢异常和孕妇体内激素水平有关,https://www.douyin.com/video/6986782401791823135,29,01:04,https://www.douyin.com/user/MS4wLjABAAAAcdEbZjPxx5bQ5mR9ogaMDoB2-6NUgZ2CF1OLXE9Gn93bwXTkjbnddJDdNDGvg_k8,王炳元,4月前
脂肪肝是代谢出了问题，更容易引起心脑血管疾病#脂肪肝 #心脑血管 #中医,https://www.douyin.com/video/6982536429213633807,164,00:19,https://www.douyin.com/user/MS4wLjABAAAASPpCd8Z6MyHvA5yaCB81WMxujyhAH4p67b6NG4PeYp4,北京中医院肝病戚团结,5月前
如何提高基础代谢率？#瘦体重 #运动,https://www.douyin.com/video/6822781592134487299,1387,00:24,https://www.douyin.com/user/MS4wLjABAAAA2uebU1ZNTDQCJQKB-4_kVNsoYU1HQ_FpRM6totQj6Og,减重代谢手术喜哥,1年前
#南方健康 眼霜不是yao，别信有奇效！你们都中招了吗？#健康养生 #健康科普,https://www.douyin.com/video/6920423803143179534,2674,00:38,https://www.douyin.com/user/MS4wLjABAAAApRz445ntYjz4SG3RQb2-DgXdupiHEbwRe1qpnAIdhVY,黎明医生,10月前
为啥叫减重代谢手术？#减重手术 #健康 #减肥#医学科普,https://www.douyin.com/video/6968391610203655435,39,00:49,https://www.douyin.com/user/MS4wLjABAAAAuf6Nr2aF1saphsx7mfmxwtOpSUx4ge3xxVY_PPGQygY,湘雅减重手术医生李伟正,6月前
脂肪肝严重会演变成肝癌？专家向大家科普误区，竟会引发这种疾病@抖音小助手 #健康 #咬出闪耀感 #万物皆可盘,https://www.douyin.com/video/6682640087504784651,3320,00:56,https://www.douyin.com/user/MS4wLjABAAAAYcQ8O3eqErbTWNPQZaul4VLLwcg5GEoqn1ugll6R-Vo,CCTV生活圈,2年前
内脏脂肪过量堆积危害大！#肥胖 #减重代谢手术,https://www.douyin.com/video/6997606894118440206,1.1w,00:38,https://www.douyin.com/user/MS4wLjABAAAAWQD4QrP__13V0bq9C0WqS279DEMPtocBxrFGrptb8mWkAwpiHOdtR8zELxrugPM3,医学减重专家刘雁军,3月前
张景明讲中医：阳气亏虚，会导致代谢障碍，引起身体浮肿  #肥胖  #减肥  #中医  @抖音小助手 ,https://www.douyin.com/video/6980250965232471310,1.5w,06:16,https://www.douyin.com/user/MS4wLjABAAAAyk4wGC26aYiSuBCSAbnlfFKzQhlISLidbDzfjk82zZY,健康大问诊,5月前
肥胖vs甲状腺，大基数的你应该学会#减重手术 #袖状胃 #胃折叠,https://www.douyin.com/video/6936748048009678111,464,00:55,https://www.douyin.com/user/MS4wLjABAAAAPjEMcBcE1Tf84nDeaem5ecVuT0vhn4uqj3zBEeHVZl0,减重外科姚琪远主任,9月前
我们应该怎么认识肥胖？#肥胖 #科普知识 #睡眠呼吸暂停综合征 #多囊减肥,https://www.douyin.com/video/6881591144883473667,328,00:52,https://www.douyin.com/user/MS4wLjABAAAA2uebU1ZNTDQCJQKB-4_kVNsoYU1HQ_FpRM6totQj6Og,减重代谢手术喜哥,1年前
瘦子也会脂肪肝？#暑期大作战 #七夕 #医学科普 #健康科普 #肝,https://www.douyin.com/video/6864852794088705293,27,00:44,https://www.douyin.com/user/MS4wLjABAAAAlCxWfvdGFEOP1gsh5bIiR_4vN9JHTHkZHoQ5Mo1KT_lxPi33K29JQQ9Ovvq2O_1A,张涛医生说肝,1年前
肥胖的中医调理与辨证！#健康养生 #肥胖 #减肥 #脾胃,https://www.douyin.com/video/6920849141727808775,95,00:40,https://www.douyin.com/user/MS4wLjABAAAAWgT7rh5lMzgyCuRyMsa5U6SqCtWPRWpDVVUf5XqkcJqmdko6EzXz1q4gdpBPK-2n,乔医生讲肝肾亚健康,10月前
减肥为什么要合理控制速度，小心痛风找上门！,https://www.douyin.com/video/6796948555878698254,5891,01:24,https://www.douyin.com/user/MS4wLjABAAAAYGzkiXoanlk-DR1Wcky_7DTuqiCXir2LgZXpOh6uLB4,养生堂,1年前
肥胖也是病！肥胖与代谢病的危害你了解多少呢？,https://www.douyin.com/video/6967539238883609893,2,00:26,https://www.douyin.com/user/MS4wLjABAAAACUHPIp1X-Uxj8vYA4ausAjVWJu8kfyqG0uS80J2iinI,胃肠外科刘主任,1年前
乙G健身，加油！,https://www.douyin.com/video/6994028377086709007,543,01:54,https://www.douyin.com/user/MS4wLjABAAAAleg9QrmDax0Iuqe6-0HY5oiXt2yQCTAxDvpQAlWX-Ko,感染科龙医生,4月前
减肥，减肥，减肥！#肥胖 #肥胖人群平均少活8年 #肥胖是种病 肥胖#健康科普 #医学科普 ,https://www.douyin.com/video/6984045598139862272,132,00:41,https://www.douyin.com/user/MS4wLjABAAAAGZaO_gnlBQKxF0OP5yCNoJQF6KTOJPyYrgKEaTYs02E,周岩医肾,5月前
#肥胖患者常伴有#代谢综合征 ，那#代谢综合征是什么？#减重手术 #袖状胃  ,https://www.douyin.com/video/7012810396335705351,365,00:20,https://www.douyin.com/user/MS4wLjABAAAAPjEMcBcE1Tf84nDeaem5ecVuT0vhn4uqj3zBEeHVZl0,减重外科姚琪远主任,2月前
,,536,00:48,https://www.douyin.com/user/MS4wLjABAAAAHvTGecFA363Lsr1x3Nra3OyihIB4r9tdln7jZQStdyUw9wc271mGW25Me8ULy4zs,高建东主任,8月前
这就是你脱发的原因！#头发 #健康 #科普 #创作灵感 #上热门 @DOU+小助手 ,https://www.douyin.com/video/7039531631635418398,50,00:08,https://www.douyin.com/user/MS4wLjABAAAASkEi05_NQlL38DzdNJKc0Z1LfdM8bMXXQVuYEHeDY_M,皮肤科蔡玲玲医生,3天前
什么样的人适合做减重代谢手术。#医疗科普 #减重手术 @DOU+小助手,https://www.douyin.com/video/6852276170101247247,3426,01:30,https://www.douyin.com/user/MS4wLjABAAAAKPaaexAufLUJg8THbc-nEQLLL6T76BC594xcuNsx4oY,孟化医学在线,1年前
5招教你代谢综合征~快来看看你是否中招！#减重手术#袖状胃@抖音小助手,https://www.douyin.com/video/6902421675111943432,1638,00:56,https://www.douyin.com/user/MS4wLjABAAAAPjEMcBcE1Tf84nDeaem5ecVuT0vhn4uqj3zBEeHVZl0,减重外科姚琪远主任,1年前
#瘦人 为啥也会得#脂肪肝,https://www.douyin.com/video/6920425110159609092,313,00:30,https://www.douyin.com/user/MS4wLjABAAAADSVwVQ1UC7E8Xftk5BQ2tXEvYS_DUo8hfUXXNvz8OsQ,脾胃科张大夫,10月前
脂肪肝会转化成肝癌、肝硬化吗？（1）#肝癌 #肝硬化,https://www.douyin.com/video/6828091594709732620,13,00:58,https://www.douyin.com/user/MS4wLjABAAAAbsKyFKb-g-Vw6Rlxjjh3QyEfArfmU1W7E9uRnR9NC40,广医三院,1年前
减肥减重就能治好脂肪肝吗？#脂肪肝 #科普 ,https://www.douyin.com/video/6996850580840877326,16,00:25,https://www.douyin.com/user/MS4wLjABAAAAu6wHuoad2b6xjtPsb_G-BV4G5_LOZ_qrTCJ_P9-ZMW0P2TF-DiNjBO4yGfeqrIPD,消化科王医生,3月前
有哪些疾bing会诱发脂肪肝?#医学科普 #dou出新知 ,https://www.douyin.com/video/6984676055755869447,112,00:30,https://www.douyin.com/user/MS4wLjABAAAAy6E9c63Salc6LZCp2K3fvaO-e8FuLGj5eozrtNLj6iI,肝病科刘燕玲教授,4月前
肥胖、高血压、糖尿病，也许你患上了代谢综合症！#健康减肥,https://www.douyin.com/video/6989575591146065155,61,00:33,https://www.douyin.com/user/MS4wLjABAAAAa93mx-QSoPe_BUkJ8v2PKWNDs1Zcu3eO_wqLZDj-vISU5bDcmNPOFG5bPodDn49p,减重外科刘少壮,4月前
#脂肪肝 是怎么造成的呢？奶茶西式甜点会对你很不利#肝医生 #黄叔论肝#医学科普,https://www.douyin.com/video/6917158554910706955,2290,00:57,https://www.douyin.com/user/MS4wLjABAAAA2qaVxzuHTSch968ewieL-bgdo9yfv-pSlPEREXKFyzde9p5DfKqMin7P5kZ8DaS4,黄叔 论肝,10月前
肝病患者为什呢会表现为消化道症状？,https://www.douyin.com/video/6854514847485381902,63,00:51,https://www.douyin.com/user/MS4wLjABAAAAp7EKYSLLf_cMoY5G9rTsERfEBERE9SJQzLZ5scEkCNA,肝博士杨明博大夫,1年前
#减重代谢手术 #减重#中心型肥胖  脂肪堆积在腰腹部，背厚腿细，更容易发生脂肪抵抗胰岛素，糖代谢异常。,https://www.douyin.com/video/6979503016911129888,653,00:07,https://www.douyin.com/user/MS4wLjABAAAADAMV_tJcaiN_2o5gTpGw_7epkgSaqn_9TcYzORm2eBumicpWQl0T_rKvbKLbb-uF,减重降糖-肝胆手术廖春红医生,5月前
非酒精性脂肪肝是代谢综合征发生发展的核心病变，减肥才能逆转脂肪肝。#肥胖 #减肥 #脂肪肝 #袖状胃 ,https://www.douyin.com/video/7031181870935067937,158,00:18,https://www.douyin.com/user/MS4wLjABAAAA1V8ZVmtyBLfVPRvvF1E_ZI6f9G0W1uHs3MyOskZhPgfn4E3_Vy3b84fcKBEHBGOl,华西微创减重龙飞伍,3周前
人体认为你在挨饿会启动困难模式，然后居然....#十万个怎么做 #挨饿 #减肥 #基础代谢,https://www.douyin.com/video/6877742646161444109,18,00:35,https://www.douyin.com/user/MS4wLjABAAAASoTFmLs7DHPu9i88F1PhKAnUjS_XHtQoTNQsfDNPRkdgtlYcyRIl6jCdNjgl9B6r,刘翔宇医生,1年前
#十万个怎么做 脂肪肝，了解一下！@DOU+小助手,https://www.douyin.com/video/6964697509151198464,756,00:42,https://www.douyin.com/user/MS4wLjABAAAAjfOWzMeFKXwF6Ojh7ZCPTJp0mCrNy8DKhFdMBwNfIUSi7NuqHxzTzIVCDhwPg4FP,心血管内科董静,6月前
阻塞性睡眠呼吸暂停伴低通气综合征，导致肥胖、高雪压、糖代谢异常、脂代谢异常。#肥胖 #健康中国 ，远离肥胖！,https://www.douyin.com/video/6858517701745233163,238,00:15,https://www.douyin.com/user/MS4wLjABAAAA2uebU1ZNTDQCJQKB-4_kVNsoYU1HQ_FpRM6totQj6Og,减重代谢手术喜哥,1年前
这个病人由于肥胖造成的代谢综合征的症状全有了。高血压，脑梗，痛风结石，糖尿病…#减肥 #减重代谢手术,https://www.douyin.com/video/6941286391301098756,1.8w,00:56,https://www.douyin.com/user/MS4wLjABAAAAKPaaexAufLUJg8THbc-nEQLLL6T76BC594xcuNsx4oY,孟化医学在线,8月前
脂肪肝的误区有哪些#医学科普,https://www.douyin.com/video/6925682000150023437,141,01:28,https://www.douyin.com/user/MS4wLjABAAAAleg9QrmDax0Iuqe6-0HY5oiXt2yQCTAxDvpQAlWX-Ko,感染科龙医生,10月前
代谢健康肥胖需不需要减肥#医学科普 #涨知识 #减肥 ,https://www.douyin.com/video/6986566816420187429,5895,01:29,https://www.douyin.com/user/MS4wLjABAAAAz1lOStxwzCZF5cJ3h8Sa2FPQ_8_l_vQdpdKEm1oEF_k,薄世宁医生,4月前
每天吃的也不多，体重还是蹭蹭蹭的往上涨？ #痰湿 #中医 #医学科普,https://www.douyin.com/video/6941253898086731015,1073,02:59,https://www.douyin.com/user/MS4wLjABAAAAl-qOANULh2iWWGt2QzSufJiLOf6YMABWt1-nNfDxyaJHzdDyO7MaeojzCXjKCIZx,王小云女性调养,8月前
我国糖尿病三大特点#糖尿病 #糖尿病科普,https://www.douyin.com/video/6880812831684480256,2961,00:50,https://www.douyin.com/user/MS4wLjABAAAAXfHO1My4IccC9NutDj7_7W5GFjSqWHKlKk5Ju_MgPGI9p3PSQIu0FLtLLR4T8f0S,邹大进医生,1年前
肥胖真的能引起胆结石吗 #胆结石  #肥胖  @南方健康,https://www.douyin.com/video/6826340151590014212,94,00:54,https://www.douyin.com/user/MS4wLjABAAAApOJxHWN7BC79Ed9dtkpgHuCiPD7G3cG85Th1pwdDbeLxG7DpZqrmIzPXPGfoPGDn,李蕴铷,1年前
你知道为什么减肥能治糖尿病吗？#糖尿病#减肥#dou是知识点,https://www.douyin.com/video/6855266241339329800,5933,00:39,https://www.douyin.com/user/MS4wLjABAAAAw257HayU1jFpGeVi2q03JbVU_Ly035tsZj5jYccoCtvrhwcTPD3cu0EqZg7aE7ea,宣武医院神经外科,1年前
重度肥胖，别再吸脂了！#肥胖 #减重代谢手术 ,https://www.douyin.com/video/6976193540405710083,3878,00:43,https://www.douyin.com/user/MS4wLjABAAAA2uebU1ZNTDQCJQKB-4_kVNsoYU1HQ_FpRM6totQj6Og,减重代谢手术喜哥,5月前
引起#脂肪肝原因不同，需要注意的地方也不同#健康科普 #减肥,https://www.douyin.com/video/6969859913317174536,878,00:39,https://www.douyin.com/user/MS4wLjABAAAAtR1VByr38eMGQiWv-7e1tnX5sI9FIXcaMFH8KspuTq5lrTlp9kMpcn4zH9s7N9RS,肥胖与代谢科李辉主任（直播中）,6月前
#抗击疫情 可以通过跑步，把脂肪肝跑掉吗@神经内科何主任,https://www.douyin.com/video/6808456553113357576,589,00:36,https://www.douyin.com/user/MS4wLjABAAAAzW6p4sh2xCWY50ogzZXQ5q8IPD_9BTEZEQPFUZXWdlU,心脏科吴主任,1年前
#减肥 给上期中招的朋友们出出招,https://www.douyin.com/video/7021846826953231652,143,00:48,https://www.douyin.com/user/MS4wLjABAAAANKnjHUlMR9QoYdenSDlhHz_1NG47PcLNeV--Qq3Gfck,广东省中医院林医生,1月前
#肝病患者为什么常有腹泻和消瘦的情况呢@抖音小助手  #科普  #健康 ,https://www.douyin.com/video/7005776562939383054,820,00:50,https://www.douyin.com/user/MS4wLjABAAAAZg3VLjL9P0DGwWUmIFLLpfjW_7qK6kat15Ty7ybutRU,肝病专家杨民,3月前
#减脂 那么难#脂肪 动员有什么前提？#减重代谢手术 ,https://www.douyin.com/video/7012890300335000843,3241,00:43,https://www.douyin.com/user/MS4wLjABAAAA4DNLulO6SQlIwEV5TiDaXGBEVKow8n6lUCQmCdyA1LUPpaIxdUROTOmsgfN7ctuf,减重代谢温较瘦,2月前
上面瘦下面胖#肥胖 #运动 #健康 #中医 #科普 #饮食,https://www.douyin.com/video/7010938863904509216,923,02:17,https://www.douyin.com/user/MS4wLjABAAAAM5L2xchIcglJsxPSDRB5KIJMGAr2i2nlkM2kwwoolMhOh2FOg3zLh3q_eLokMISg,郑茂斌教授,2月前
高血脂是因为肉吃多了引起的吗？#健康 #高血脂 ,https://www.douyin.com/video/7031785864657112328,1594,00:29,https://www.douyin.com/user/MS4wLjABAAAAqF08j5kNNtZUjEw1svkNXU1vKKrhmrf0ppcF25IIJEIB-oi_PZo1eUsB4iGpNBpy,中日友好医院王燕,3周前
脂肪肝的第五大误区来了，今天更新完毕！#我要上热门 #医学科普 #脂肪肝 #代谢,https://www.douyin.com/video/6887510497491520781,18,00:42,https://www.douyin.com/user/MS4wLjABAAAAx_GvhdY93YUjFsYP8Sy28_95x-8CRAJ1RNaoAx0YH-w,肝铁侠翁勰医生,1年前
#肥胖 是会影响到我们身体#健康 的方方面面，千万不要掉以轻心。最后祝看到这条视频的人都会#变瘦！ #肥胖与代谢科李辉主任 #脂肪肝 #睡眠呼吸暂停综合征  @营养师小君叫你减肥啦...... 版本过低，升级后可展示全部信息,https://www.douyin.com/video/7018109778186521886,644,00:40,https://www.douyin.com/user/MS4wLjABAAAAtR1VByr38eMGQiWv-7e1tnX5sI9FIXcaMFH8KspuTq5lrTlp9kMpcn4zH9s7N9RS,肥胖与代谢科李辉主任（直播中）,2月前
脂肪肝不是胖子们的专利哦,https://www.douyin.com/video/6934539357751610627,350,01:34,https://www.douyin.com/user/MS4wLjABAAAAMncDv689NgXx6d6F1j_-w0Ozoh8GcEmDCvJXSCu6bQY,胡博文 肝胆医生,9月前
喝酒可以增肥你知道吗？人体代谢不好，会造成高血脂，高血压等问题#喝酒会不会长胖 #高血压 #代谢不好 ,https://www.douyin.com/video/7011792554932882725,40,01:26,https://www.douyin.com/user/MS4wLjABAAAAErGtRvUXVriQY2KzVqZSCqeurwgEu133yg610_fDLorMzqmwnkV1AzsRFEU9_B2c,中医内科胡国臣主任,2月前
减脂的方法千万种，但原理只有一条，科学告诉你脂肪是这样被消耗的#科普 #减脂,https://www.douyin.com/video/6947485210674007327,13.4w,02:06,https://www.douyin.com/user/MS4wLjABAAAAIyntXQW5prS3875me49fEGWyUNYBCH0YuqOewkGa6u351lVi5VxdRTzTwlsMiOYU,脂肪教授徐扬阳,8月前
肥胖是营养过剩吗？,https://www.douyin.com/video/6945270813172043038,1168,00:50,https://www.douyin.com/user/MS4wLjABAAAAqfHkuBx3PzTA_hVwBg0Gl2t9UHcc4Z0TRttQMMIx_JA,减重专家徐东升医生,8月前
来为瘦瘦的#脂肪肝 朋友们答疑解惑啦#李蕴铷#肝病专家 ,https://www.douyin.com/video/7022570750145989925,115,00:53,https://www.douyin.com/user/MS4wLjABAAAApOJxHWN7BC79Ed9dtkpgHuCiPD7G3cG85Th1pwdDbeLxG7DpZqrmIzPXPGfoPGDn,李蕴铷,1月前
#健康养生 #中医养生,https://www.douyin.com/video/6910892531358240004,468,00:49,https://www.douyin.com/user/MS4wLjABAAAAz-9S0p_1K6kvEQr9Oi9VNmf_I3ygD4HzCMA-5ycC7hg,肿瘤科王芳医生,11月前
术后恢复也很重要哦，除了这四点你知道还有什么需要注意的吗？#减重 #瘦身 ,https://www.douyin.com/video/7010689680920399118,288,00:38,https://www.douyin.com/user/MS4wLjABAAAAPD-34FUKu_zm9BTz92k0i1l7b_7G9IsmuyrGae663w4,张建成,2月前
减肥真的会减出脂肪肝，这个坑你千万别踩！,https://www.douyin.com/video/6857099671668641035,6316,01:28,https://www.douyin.com/user/MS4wLjABAAAAYGzkiXoanlk-DR1Wcky_7DTuqiCXir2LgZXpOh6uLB4,养生堂,1年前
#易胖体质 怎么破？三个原因各个击破#减肥,https://www.douyin.com/video/6867445070791068943,613,00:24,https://www.douyin.com/user/MS4wLjABAAAA-9RDtCKbgT40O0R-oBSbhHvdCKTKcYXNXcr-cYh_4kmwZUZXuU9TWXQrTTrrfyf_,马欣教授,1年前
出现这三种情况，有可能血脂高，建议化验一下血脂,https://www.douyin.com/video/6933031547935214851,9411,00:27,https://www.douyin.com/user/MS4wLjABAAAAGVVmlvrS5AX1CnKAzUy00AUVj4t1W9aP94l7qI2bUWI,陈晨脑科医生,9月前
#健康 #健康减脂 #减肥 不同的胖，区别对待,https://www.douyin.com/video/6962824582633966848,29,02:14,https://www.douyin.com/user/MS4wLjABAAAAOSQnN5KmR4pbNbvp3Ez8elc153vdidRWo0QB4z0DzB8,赵天豫主任治肥胖,6月前
三高应尽量接近于正常，而不是越低越好。#中医 #三高,https://www.douyin.com/video/6930009306955926797,2865,00:26,https://www.douyin.com/user/MS4wLjABAAAAqAXbegB8g_ZuDLDHNGekdVWH_MkpgRBcXFYex4N64ZbLXX19r_6_jPmx3bLP7Kzq,王世东主任,9月前
健康中国，远离肥胖。#肥胖,https://www.douyin.com/video/6819999618391215363,673,00:29,https://www.douyin.com/user/MS4wLjABAAAA2uebU1ZNTDQCJQKB-4_kVNsoYU1HQ_FpRM6totQj6Og,减重代谢手术喜哥,1年前
过度节食减肥可致卵巢早衰，一定要制定科学的减肥计划#减肥 #代谢综合征 #肥胖,https://www.douyin.com/video/7000272377301044487,1.2w,00:06,https://www.douyin.com/user/MS4wLjABAAAAOsbvqT_M1hx4PwO3pcnWgogZQXvPseZO5Or0rUWrFYaxCQHRChhRK2lPh4mp0ZWI,中医内分泌科专家卫兰香,3月前
体重不见少？这些食物帮你预防减脂瓶颈期！,https://www.douyin.com/video/6854781786275204360,58,00:53,https://www.douyin.com/user/MS4wLjABAAAA3biBISc7fCHLwEKZvietLcY-nFEUZErTyZ_LFxhjtIk,临床营养窦攀,1年前
#喝水都胖 #医学科普 #减肥 ,https://www.douyin.com/video/6975809207433989413,857,00:31,https://www.douyin.com/user/MS4wLjABAAAAtR1VByr38eMGQiWv-7e1tnX5sI9FIXcaMFH8KspuTq5lrTlp9kMpcn4zH9s7N9RS,肥胖与代谢科李辉主任（直播中）,5月前
#提高基础代谢,https://www.douyin.com/video/6861814666943892750,3275,00:35,https://www.douyin.com/user/MS4wLjABAAAAaG3-ZRyXBz7CCe_JPITwtKTsolPTXThcspYIQz45XPg,新疆逆龄努医生,1年前
老是减不下去，有没有想过是代谢除了问题？ #减肥  #减肥减肥减肥,https://www.douyin.com/video/6835075846093475076,77,01:10,https://www.douyin.com/user/MS4wLjABAAAASX1Zrw142x_4sl3fcvg4WkdnWDZFzdJuOvgVfYTo0cz1XcFGGjaJ9WTHhdpMpq09,郑州大学附属郑州中心医院,1年前
#肝教授 患 #脂肪肝 严重吗？脂肪肝有哪些危害呢？#医学科普 #健康科普,https://www.douyin.com/video/6935709098130361633,1352,00:44,https://www.douyin.com/user/MS4wLjABAAAAZ2yxUxgAMIL0EPD_Dqj7_XcG6m65A7UyzfuHUxiRywDHTLMzNt33E4saoMo2s_9g,感染科郑毅医生,9月前
所以说还是要坚持运动，养成好的习惯 #减肥  #基础代谢 ,https://www.douyin.com/video/6976193045989428494,890,00:40,https://www.douyin.com/user/MS4wLjABAAAA2uebU1ZNTDQCJQKB-4_kVNsoYU1HQ_FpRM6totQj6Og,减重代谢手术喜哥,5月前
想减肥？先搞清楚基础代谢~#减肥 #基础代谢 #健康科普,https://www.douyin.com/video/6944175960094723336,1666,01:39,https://www.douyin.com/user/MS4wLjABAAAAd2SoOO020RyRJI8wJGJt5oH8CwqixxAQmd7138DMSZo,丁香医生,8月前
《消化病科普》脂肪肝(一)，收藏，转发#全民健康计划,https://www.douyin.com/video/6817395455748574467,2663,00:57,https://www.douyin.com/user/MS4wLjABAAAAzScEV2WSoqYxEQluYrfxm-mJn3XppAKiTDuZlZ9LRdk,消化科邹欣,1年前
,,385,00:16,https://www.douyin.com/user/MS4wLjABAAAAwJzSJSscQVtJQ_mo2tMkSoug7hnJ8qQ9eIT90Xn6W6qhf5bk8FoEV2i1WljQeQHj,暴志国医生,1年前
#减肥 #抖知加油站 #健康  上楼喘大气，有可能是气虚,https://www.douyin.com/video/6786170136496819463,344,00:31,https://www.douyin.com/user/MS4wLjABAAAANKnjHUlMR9QoYdenSDlhHz_1NG47PcLNeV--Qq3Gfck,广东省中医院林医生,1年前
同样是脂肪填充，存活率却不一样，听医生的话真的很重要,https://www.douyin.com/video/6780638554855968007,6920,00:31,https://www.douyin.com/user/MS4wLjABAAAAIyntXQW5prS3875me49fEGWyUNYBCH0YuqOewkGa6u351lVi5VxdRTzTwlsMiOYU,脂肪教授徐扬阳,1年前
有的人明明很瘦，为什么会血脂高？#健康 #科普 #健康dou起来,https://www.douyin.com/video/6949416397860539651,251,00:42,https://www.douyin.com/user/MS4wLjABAAAAsbnxLOQ_NHGJOXRj2thO8LE_k8xWHHxRLLm9QpoCYEk,周围血管杨博华教授,8月前
内脏脂肪过多严重影响健康，做到这两点，让你高效率减掉内脏脂肪#减重 #肥胖 #瘦身 ,https://www.douyin.com/video/7013637939183881508,1400,00:29,https://www.douyin.com/user/MS4wLjABAAAAPD-34FUKu_zm9BTz92k0i1l7b_7G9IsmuyrGae663w4,张建成,2月前
#减重 #医学科普  肚子大可能有病，不要忽视身体预警信号~,https://www.douyin.com/video/6959529346193231134,567,00:36,https://www.douyin.com/user/MS4wLjABAAAAouN7YikKm1ugKs3TugNDyqNZmebUSC-CaR0D9JyuBkposXPR9qiWI5OSULIERuhf,暨南减重董志勇,7月前
吃素和瘦人为啥也会得脂肪肝？#健康小知识 #医学科普 @认真健康 @辟屁谣,https://www.douyin.com/video/6881554708645907712,265,00:34,https://www.douyin.com/user/MS4wLjABAAAAcP1Y98d4VRhLz0RYDQhdHpUqIYpxXM9zS2Ls4A2D5tc,全科明兴,1年前
糖代谢和脂代谢相互促进，造成了脂肪肝和糖尿病的这种关系。#减重手术,https://www.douyin.com/video/7035161002022849799,3363,00:30,https://www.douyin.com/user/MS4wLjABAAAAWQD4QrP__13V0bq9C0WqS279DEMPtocBxrFGrptb8mWkAwpiHOdtR8zELxrugPM3,医学减重专家刘雁军,2周前
腹腔镜下，#啤酒肚内脂肪过量堆积。#肥胖 #减重手术 ,https://www.douyin.com/video/7006955594942844197,299,00:31,https://www.douyin.com/user/MS4wLjABAAAA4DNLulO6SQlIwEV5TiDaXGBEVKow8n6lUCQmCdyA1LUPpaIxdUROTOmsgfN7ctuf,减重代谢温较瘦,3月前
【拍摄现场讲解】铁元素和脂肪的关系#相声万宇 #袖状胃手术,https://www.douyin.com/video/6949074422317763851,539,00:56,https://www.douyin.com/user/MS4wLjABAAAAKPaaexAufLUJg8THbc-nEQLLL6T76BC594xcuNsx4oY,孟化医学在线,8月前
这就是为什么苦大仇深逼着你们减F的原因啊，多囊会引发一系列代谢的问题，一定要控制好体重#多囊 #减肥,https://www.douyin.com/video/6858559057423551752,3458,00:45,https://www.douyin.com/user/MS4wLjABAAAAetrO0o45zw6xC5TlNDZo_yOaZ5JLfc5Gh_DZTX7nGts,妇产科刘义,1年前
luan巢早衰的危害太可怕了！各位女性朋友一定不要熬夜！！伤luan巢！ #关爱女性健康  #早衰,https://www.douyin.com/video/6897410205210955016,55,00:45,https://www.douyin.com/user/MS4wLjABAAAASYZdNLSR9gEXdHazQhPv8v7is5zdDSfReOCnudfANlNYt7ooqqCxy9egDKNIj6Qu,中南医院周春,1年前
消除#脂肪肝 ，拍打这两个#穴位 。#穴位按摩 #肝 @抖音小助手,https://www.douyin.com/video/6858435013332012303,8747,00:52,https://www.douyin.com/user/MS4wLjABAAAAfhefL7bHahXQeyefF_JwGBceQdgsUiVqTt7qcczLwaA,非常中医,1年前
减重代谢手术会有哪些不良反应，会有哪些改变#减重手术 #健康 #糖尿病 #肥胖,https://www.douyin.com/video/7003227808214355237,508,00:45,https://www.douyin.com/user/MS4wLjABAAAAMTXOGc102peTFUZ9SH7jDbWDAtvCjNjEW0sQOAp2VfowJkIFVx4dqvBKpJHxy-i_,张能维医生,3月前
肥胖对皮肤的影响#健康科普 #家庭医生在线,https://www.douyin.com/video/6946488107101408549,106,00:58,https://www.douyin.com/user/MS4wLjABAAAAv-uPF8b2CarHN5RJzYTC-A67Y8ZW28qZJ5F-rIoRFLY,减重医生杨景哥,8月前
第379集｜中年发福与代谢变慢无关 #健康 #医学科普 #冷知识,https://www.douyin.com/video/7007196455005932803,4.0w,00:47,https://www.douyin.com/user/MS4wLjABAAAAd4-IxvJqrK1OtpdjZRCTfyGkcViJ7jLime4iIfvDMPE,北大医院骨科孙浩林医生,2月前
肥胖体质 到底什么原因#湿气肥胖 #肥胖原因,https://www.douyin.com/video/6871181760496028942,407,00:32,https://www.douyin.com/user/MS4wLjABAAAAv1qCqkiw-VYh6sj_ubWUDjBME1mVYBGOPTPzIPGGRmmvi3avsrpjtD-svrb3KKNW,中医苑惠清主任,1年前
多囊不是肥胖者的专利，瘦子也会得多囊！#抖出新知识,https://www.douyin.com/video/6780257632650415367,203,00:59,https://www.douyin.com/user/MS4wLjABAAAA3biBISc7fCHLwEKZvietLcY-nFEUZErTyZ_LFxhjtIk,临床营养窦攀,1年前
苹果型身材#肥胖 ,https://www.douyin.com/video/7030386100149488910,2.3w,00:12,https://www.douyin.com/user/MS4wLjABAAAA2uebU1ZNTDQCJQKB-4_kVNsoYU1HQ_FpRM6totQj6Og,减重代谢手术喜哥,4周前
高脂血症 多数是因为脾虚 教你一个降脂方#中医 #健康科普,https://www.douyin.com/video/6867089037996395784,675,00:29,https://www.douyin.com/user/MS4wLjABAAAAozA_TNg9261MwNz1sVDQRszjxPOsu0J4JSpJwrl1jRg,健康家园,1年前
糖尿病人饮食控制饿出酮症！#我是抖音vlogge #清风计划 #我的绿色生活 @南方健康 @头条健康,https://www.douyin.com/video/6699009048139894023,2140,00:57,https://www.douyin.com/user/MS4wLjABAAAAyUYSI-jS6EXKebiIDJb10RITQ7iK_hHGnBy6gJaSxHg,李青大夫,2年前
#医学科普 #减重代谢手术,https://www.douyin.com/video/6930931968905448715,193,01:47,https://www.douyin.com/user/MS4wLjABAAAAAQ9BGns-P2-IdKfZY7YQDXmJ7_fcf-pYGXv01Z8U-QU,王勇教授,9月前
体重120斤觉得自己胖也能做减重手术？#减重手术 #减重 #科普 看@减重降糖瘦术专家丁医生 怎么说？@抖音小助手,https://www.douyin.com/video/7024702705604037927,449,00:51,https://www.douyin.com/user/MS4wLjABAAAAZ_7g6yOc5TD8VatxWf1Um61IGYGEvaI_XlU39jJ5Ypw,山东大学第二医院,1月前
很难痩是有原因的。#涨知识,https://www.douyin.com/video/6962413823441538335,376,00:26,https://www.douyin.com/user/MS4wLjABAAAAqfHkuBx3PzTA_hVwBg0Gl2t9UHcc4Z0TRttQMMIx_JA,减重专家徐东升医生,6月前
#瘦肚子,https://www.douyin.com/video/6929851181334400268,3067,00:39,https://www.douyin.com/user/MS4wLjABAAAAKozs3uYLJc36SEBiVqmniy-QAx0jX9yXLUAQcdTxliE,中医博士后李树明,9月前
你吃的不多还胖，可能是这个原因！#科普 #基础代谢 #医学科普 #减肥 ,https://www.douyin.com/video/7018133406227713313,1.3w,01:16,https://www.douyin.com/user/MS4wLjABAAAAFGjc-yWHSxgrY900fcAXhFGnPj4OThBhCrv5XNcr_As,医学减重专家陈伟,2月前
低碳、断碳饮食，违背代谢规律，不利于减肥，还危害健康。 #肥胖  #减肥  #减重  #减重手术  #袖状胃,https://www.douyin.com/video/6953452769214795038,6136,00:15,https://www.douyin.com/user/MS4wLjABAAAA1V8ZVmtyBLfVPRvvF1E_ZI6f9G0W1uHs3MyOskZhPgfn4E3_Vy3b84fcKBEHBGOl,华西微创减重龙飞伍,7月前
30岁之后#代谢就变慢了吗？#南方健康 #涨知识 #科普 ,https://www.douyin.com/video/7002143627556277511,77,01:14,https://www.douyin.com/user/MS4wLjABAAAAmBkNJ3YDvrCDmGrfBLO124US4lPrBacSXiWe2QVdMKx4wkL8ig6s8PyXG5NMxCye,皮肤科大黄医生,3月前
我们都要学着缓解压力，放过自己。@抖音小助手,https://www.douyin.com/video/6911887860379520264,69,00:20,https://www.douyin.com/user/MS4wLjABAAAA0iJ3s3SQmP1K47lK8wMxTKeuAeoj6zIqesKH4El25Nc,中医石青,11月前
有脂肪肝别着急，中医来解决 #中医 #健康 #医学科普 #创作灵感,https://www.douyin.com/video/6916690588754627848,619,00:38,https://www.douyin.com/user/MS4wLjABAAAAjrDnWGlYlwFGAFER3NoEyFGQ00Z2Okbs8F6NAWVHrQhDuDRo2Fsh-TbAjSmE5Do8,中医马萍教授,11月前
减肥产品勿乱吃#健康科普 #减肥 #减重门诊 ,https://www.douyin.com/video/6997561722294865167,183,00:44,https://www.douyin.com/user/MS4wLjABAAAAu8rPzy_bgM2lFPai6cJnW5ArIXpxpbwF1qEHqR7zO2g,湖北减重李震教授,3月前
看看你肚子里的脂肪长这样？舍得减掉它么？#脂肪  #减重  #医路有你 #医者仁心 ,https://www.douyin.com/video/6990611473005366564,301,00:23,https://www.douyin.com/user/MS4wLjABAAAAZmTvelPbmrr34t12AEi7yFYJT_4uWj8wy8rcoMw7zXw,暨南减重王存川教授,4月前
关于脂肪肝你知道多少呢？#脂肪肝 #胃 #肝 #医学科普,https://www.douyin.com/video/6877852307984321800,122,01:17,https://www.douyin.com/user/MS4wLjABAAAAIW3TC7RXrqarR0SuYAysyTIebKl9COKVH-P1nWMv8AAM6zhbiZT0qg2Ul9BwLVnV,消化内科王雪梅医生,1年前
前几天有个网友私信说，他减肥减出了脂肪肝。忙里偷闲给大家简单讲解一下#减肥 #脂肪肝,https://www.douyin.com/video/6882639475814583565,21,00:41,https://www.douyin.com/user/MS4wLjABAAAAu6wHuoad2b6xjtPsb_G-BV4G5_LOZ_qrTCJ_P9-ZMW0P2TF-DiNjBO4yGfeqrIPD,消化科王医生,1年前
在减重期间少吃一点这三类食物#减肥 #反式脂肪 #糖 ,https://www.douyin.com/video/7006224152587799839,10.6w,00:58,https://www.douyin.com/user/MS4wLjABAAAAtR1VByr38eMGQiWv-7e1tnX5sI9FIXcaMFH8KspuTq5lrTlp9kMpcn4zH9s7N9RS,肥胖与代谢科李辉主任（直播中）,3月前
#快速减肥 #趣味测试 你不知道的抽Z真相！,https://www.douyin.com/video/6934967317105282335,1206,00:31,https://www.douyin.com/user/MS4wLjABAAAAOaLQ-KKEfB-allNburN1naxjxIGKrU_E_YLaJsV4jKrsA2RFBoM1nwV-fnCp5SwL,陶然医生,9月前
科普贴：一分钟了解脂肪@徐扬阳生活号 #医学科普 #脂肪,https://www.douyin.com/video/6954663575025634592,278,01:24,https://www.douyin.com/user/MS4wLjABAAAAIyntXQW5prS3875me49fEGWyUNYBCH0YuqOewkGa6u351lVi5VxdRTzTwlsMiOYU,脂肪教授徐扬阳,7月前
脂肪肝可怕吗？关注张大夫，教你怎么治疗#十万个怎么做 #健康 #脂肪肝,https://www.douyin.com/video/6824085835898522892,99,00:56,https://www.douyin.com/user/MS4wLjABAAAAlCxWfvdGFEOP1gsh5bIiR_4vN9JHTHkZHoQ5Mo1KT_lxPi33K29JQQ9Ovvq2O_1A,张涛医生说肝,1年前
#脂肪  #医学科普 你的脂肪细胞天天都在刷存在感，你感受到了吗？,https://www.douyin.com/video/6937955789080382757,34,00:27,https://www.douyin.com/user/MS4wLjABAAAAOaLQ-KKEfB-allNburN1naxjxIGKrU_E_YLaJsV4jKrsA2RFBoM1nwV-fnCp5SwL,陶然医生,9月前
饮食不均衡会出现什么后果？专家科学分析，对身体影响竟这么大@抖音小助手 #健康 #21天vlog挑战 #美食,https://www.douyin.com/video/6682196837207723278,471,00:56,https://www.douyin.com/user/MS4wLjABAAAAYcQ8O3eqErbTWNPQZaul4VLLwcg5GEoqn1ugll6R-Vo,CCTV生活圈,2年前
2021第一天，四台。健康中国，远离肥胖！#肥胖 #糖尿病 #减重代谢手术,https://www.douyin.com/video/6912612280223960323,354,00:24,https://www.douyin.com/user/MS4wLjABAAAA2uebU1ZNTDQCJQKB-4_kVNsoYU1HQ_FpRM6totQj6Og,减重代谢手术喜哥,11月前
出现这些障碍时，身体会发出预警 #医学科普  #健康男性  #dou出新知,https://www.douyin.com/video/6934869880504159496,454,00:36,https://www.douyin.com/user/MS4wLjABAAAA1XXLwhEFVHeL9WtM06XWbCpsfG78VfaGj6SqdP3teW1LYH1F3X4_Py8dTb3xfYE9,泌尿外科王医生,9月前
#减重 遇到平台期，心态要放平！#健康 #饮食 @DOU+小助手 ,https://www.douyin.com/video/6986517651480743205,160,00:58,https://www.douyin.com/user/MS4wLjABAAAAn44NR08H4969FJehEqPL-hBzOSI1xovT1ObQ-WEvumfTMYJvQAYMWLZY0NvWXPdd,胃肠外科王志凯,4月前
甲减，肥胖不掉秤？苦不堪言。#甲减 #甲减饮食注意事项 #科普 #张先慧 #肥胖,https://www.douyin.com/video/6959369178096700686,597,00:44,https://www.douyin.com/user/MS4wLjABAAAAhXRr_xfKYKS0lOLhwAxGfFIIg3Acg0UVggUMxk0dZ8Q8uuk0hWFwToVJtV1R4ONw,甲状腺医生张先慧,7月前
腰围为什么这么重要，因为大肚子提示内脏脂肪多，对代谢影响坏，可酌情提高手术推荐等级。#减重手术 #剪出幸福年,https://www.douyin.com/video/6784749926841650445,781,00:42,https://www.douyin.com/user/MS4wLjABAAAAmhebMiFUNM2SY1QoshDws-JhGbMUEW0agjs8zXLuz94,减重手术医生孙许龙,1年前
想要越吃越 #掉秤？首先代谢调理好！ #减脂   #营养  #南方健康,https://www.douyin.com/video/6902686684559838472,2136,01:01,https://www.douyin.com/user/MS4wLjABAAAAaG3-ZRyXBz7CCe_JPITwtKTsolPTXThcspYIQz45XPg,新疆逆龄努医生,1年前
通过这次#减重手术，让大家看看肥胖引起的重度脂肪肝，这可是导致肝硬化的重要原因,https://www.douyin.com/video/6960298444237917477,350,00:16,https://www.douyin.com/user/MS4wLjABAAAAv-uPF8b2CarHN5RJzYTC-A67Y8ZW28qZJ5F-rIoRFLY,减重医生杨景哥,7月前
注意自己的自身习惯，对于高脂血症患者很重要。#高血脂 #健康 #涂秀华 ,https://www.douyin.com/video/7012421733546233096,2650,00:59,https://www.douyin.com/user/MS4wLjABAAAAn4WiLLthoyYJOMjha2ckjeOG-oL32DrAH9Cds88o_uo,心血管专家涂秀华,2月前
有脂肪肝的朋友，要重视日常的饮食，高热量，高脂肪，高糖等食品尽量少吃！#脂肪旰 ,https://www.douyin.com/video/7024413009929882910,137,00:08,https://www.douyin.com/user/MS4wLjABAAAAgk-QWmZTc_4xDGylocPPMwFmTwf0XD32WWY8A0r2Jsw,肝胆科林帆教授,1月前
总吃水果和素食，体检怎么还是脂肪肝？#脂肪肝 #果糖 @抖音广告助手,https://www.douyin.com/video/6970209585571400968,4751,01:53,https://www.douyin.com/user/MS4wLjABAAAAblHDQVv7xTIQG1CjWW3eyPYbunlyLj6G15ry0bJrK9uU5YQKnm3trymJazeTvj6L,木愚医生,6月前
节食减肥的后果，还有…#减脂 #减重,https://www.douyin.com/video/6941268184754408734,270,00:42,https://www.douyin.com/user/MS4wLjABAAAAqfHkuBx3PzTA_hVwBg0Gl2t9UHcc4Z0TRttQMMIx_JA,减重专家徐东升医生,8月前
为什么瘦人也会得脂肪肝?#老中医 #dou出新知 ,https://www.douyin.com/video/7018077307478773006,140,00:29,https://www.douyin.com/user/MS4wLjABAAAAfwq0yuDqn232MXXHAN3MpG8GJE71R3u-8GqpN993bdQ,内科吴金荣医生,1月前
第332集 | 压力会引发肥胖 #健康 #医学科普 #冷知识 @抖音小助手 ,https://www.douyin.com/video/6990889171028118822,1042,01:30,https://www.douyin.com/user/MS4wLjABAAAAd4-IxvJqrK1OtpdjZRCTfyGkcViJ7jLime4iIfvDMPE,北大医院骨科孙浩林医生,4月前
“吃素”十年却得了脂肪肝，原因到底出在哪儿？#养肝 #肝健康 #护肝养肝,https://www.douyin.com/video/6870342960966421774,73,01:04,https://www.douyin.com/user/MS4wLjABAAAAlCxWfvdGFEOP1gsh5bIiR_4vN9JHTHkZHoQ5Mo1KT_lxPi33K29JQQ9Ovvq2O_1A,张涛医生说肝,1年前
如你节食健身跑步等，用尽方法减肥都失败怎么办？#减肥 #肥胖 #节食 #健身 #跑步 #喝水都胖 @抖音小助手,https://www.douyin.com/video/6864136935737150727,10,00:15,https://www.douyin.com/user/MS4wLjABAAAAEijf07TSun6mNv0ipg2kcFdV1tgifRgVCtWJk9hSn1vvGPNzRXH_8EgTEUaJ-JFl,杨所说健康,1年前
只有胖子才会得 #脂肪肝？体检查出脂肪肝，别不当回事儿～,https://www.douyin.com/video/6902211616624938244,7,01:46,https://www.douyin.com/user/MS4wLjABAAAA785O83a_zcUhJGDTMCJ0NIcCJs_8_1U_zRISrA9AhHI,熊猫医生,1年前
胖友们是否有疑惑？到底该怎样吃才能瘦？ #减脂 #减重,https://www.douyin.com/video/6936061732737617165,337,00:54,https://www.douyin.com/user/MS4wLjABAAAAqfHkuBx3PzTA_hVwBg0Gl2t9UHcc4Z0TRttQMMIx_JA,减重专家徐东升医生,9月前
脂肪一天的变化过程是怎样的，看完你就知道了#脂肪,https://www.douyin.com/video/6848898941711355144,1.5w,00:24,https://www.douyin.com/user/MS4wLjABAAAAIyntXQW5prS3875me49fEGWyUNYBCH0YuqOewkGa6u351lVi5VxdRTzTwlsMiOYU,脂肪教授徐扬阳,1年前
脂肪肝不是胖人“专病”，爱吃素的瘦子的会得，医生告诉你因为啥,https://www.douyin.com/video/6967273853957442819,4,02:13,https://www.douyin.com/user/MS4wLjABAAAAau0ZwINgBOBhiQkH2-b9NnKtRU3xTpDRAfPBWMunVHk,尚医健康,1年前
#减肥不吃晚饭或者只吃水煮菜，行吗#减脂 #减重,https://www.douyin.com/video/6950158038808464670,722,00:51,https://www.douyin.com/user/MS4wLjABAAAAqfHkuBx3PzTA_hVwBg0Gl2t9UHcc4Z0TRttQMMIx_JA,减重专家徐东升医生,8月前
#减肥 这三类食物要少吃#反式脂肪 #医学科普 ,https://www.douyin.com/video/6990224329451572516,4243,01:30,https://www.douyin.com/user/MS4wLjABAAAAtR1VByr38eMGQiWv-7e1tnX5sI9FIXcaMFH8KspuTq5lrTlp9kMpcn4zH9s7N9RS,肥胖与代谢科李辉主任（直播中）,4月前
很多人以为手术和药物能减重和治疗脂肪肝，但伤害也不小，而且并没有从根本上解决问题,https://www.douyin.com/video/7012077588277447969,1589,01:53,https://www.douyin.com/user/MS4wLjABAAAA9RVMAniSbxko7MNl5n9UYjAOefJAaHoaz_mKTcuxHu4,北方健康,2月前
,,139,00:59,https://www.douyin.com/user/MS4wLjABAAAAPjEMcBcE1Tf84nDeaem5ecVuT0vhn4uqj3zBEeHVZl0,减重外科姚琪远主任,3年前
#脂肪肝 也会导致#肝纤维化，甚至#肝硬化 也不少见，瘦人同样应该重视！@南方健康,https://www.douyin.com/video/6919448672627428623,264,00:47,https://www.douyin.com/user/MS4wLjABAAAApOJxHWN7BC79Ed9dtkpgHuCiPD7G3cG85Th1pwdDbeLxG7DpZqrmIzPXPGfoPGDn,李蕴铷,10月前
#脂肪肝 改善脂肪肝，这样吃才有效。听一听肝胆外科王鹏飞医生是怎么建议的#低盐饮食挑战,https://www.douyin.com/video/6727933807145585931,345,00:22,https://www.douyin.com/user/MS4wLjABAAAAM_0q2GnHrpnSXdzji0NqAdhNGVzhRJy5jKBYRiT7e1M,人卫约健康,2年前
别再节食减肥了！！看视频#营养 #健康 #减肥 #瘦身减肥,https://www.douyin.com/video/6927228438491221263,12,01:12,https://www.douyin.com/user/MS4wLjABAAAAmcNXfToiuj6Z3YmyQ8ano7vCbjoYTXgRB-YZmYO3ZGx_3k1fxdOlxOTzCGH59z2v,蔡蔡说营养,10月前
这类人可能喝凉水都会胖，而且还懒不爱动。#甲状腺 #健康科普 #查房 #诊室日常 #甲减 ,https://www.douyin.com/video/7034767982983138597,150,00:10,https://www.douyin.com/user/MS4wLjABAAAAF266Z02hjfLidXhVMV3geBdwR5RNSomYXjLDzA3LK_sOLEXqnkFz63vqwvQ9rBjk,内分泌科张主任,2周前
专家讲解，治疗脂肪肝可以通过以下几种方法 #脂肪肝  @抖音小助手,https://www.douyin.com/video/6844728526940163332,358,00:51,https://www.douyin.com/user/MS4wLjABAAAAYcQ8O3eqErbTWNPQZaul4VLLwcg5GEoqn1ugll6R-Vo,CCTV生活圈,1年前
棕色脂肪是什么？聊聊,https://www.douyin.com/video/6997286332653505829,1243,00:43,https://www.douyin.com/user/MS4wLjABAAAAucYP6OJSq3uOEVRSJaPfckljK3jxuCT-urQ_GTJ1IEmwd_mGhalFdv4Txxzu04G8,中医董博士,3月前
#瘦 下来很难吗？其实这不怪你#科普 #减重 @DOU+小助手 ,https://www.douyin.com/video/6983911072029838605,390,00:32,https://www.douyin.com/user/MS4wLjABAAAAn44NR08H4969FJehEqPL-hBzOSI1xovT1ObQ-WEvumfTMYJvQAYMWLZY0NvWXPdd,胃肠外科王志凯,5月前
你肚子里的脂肪长这样？舍得减掉它么？ #脂肪  #减重  #医路有你  ,https://www.douyin.com/video/6979129054423207181,2.2w,00:23,https://www.douyin.com/user/MS4wLjABAAAAZmTvelPbmrr34t12AEi7yFYJT_4uWj8wy8rcoMw7zXw,暨南减重王存川教授,5月前
,,121,02:04,https://www.douyin.com/user/MS4wLjABAAAAAQ9BGns-P2-IdKfZY7YQDXmJ7_fcf-pYGXv01Z8U-QU,王勇教授,9月前
肥胖引起的重度脂肪肝、非酒精性脂肪行肝炎，进一步可导致肝硬化，肝艾#肥胖 #减重代谢手术 ,https://www.douyin.com/video/7001835622646271236,1.7w,00:23,https://www.douyin.com/user/MS4wLjABAAAA2uebU1ZNTDQCJQKB-4_kVNsoYU1HQ_FpRM6totQj6Og,减重代谢手术喜哥,3月前
"高脂血症不能吃动物油,这是真的吗？ @震洋健康  @中医谭医生",https://www.douyin.com/video/6839250373933354254,270,01:04,https://www.douyin.com/user/MS4wLjABAAAAwgcA8NnI8Z2oJXDTCQRYPHKAmSyg4gPvGxJ-o9UT3Ne6znK14gX4k46DKiPJSgMN,杨尚达医生,1年前
#减重 S后#多喝水 ，喝水就能瘦，可以有效提高代谢！#袖状胃 @抖音小助手,https://www.douyin.com/video/6947627036714290462,210,00:34,https://www.douyin.com/user/MS4wLjABAAAAn44NR08H4969FJehEqPL-hBzOSI1xovT1ObQ-WEvumfTMYJvQAYMWLZY0NvWXPdd,胃肠外科王志凯,8月前
别让身体开启“饥饿模式”，你真的伤不起！,https://www.douyin.com/video/6828496334471957775,2714,01:15,https://www.douyin.com/user/MS4wLjABAAAAYGzkiXoanlk-DR1Wcky_7DTuqiCXir2LgZXpOh6uLB4,养生堂,1年前
腹型肥胖对人带来的伤害更大 #肥胖  #减肥 ,https://www.douyin.com/video/6982120661158251790,3.7w,00:25,https://www.douyin.com/user/MS4wLjABAAAA2uebU1ZNTDQCJQKB-4_kVNsoYU1HQ_FpRM6totQj6Og,减重代谢手术喜哥,5月前
控制饮食，有一些运动是不会出现反弹的#医学科普 #双眼皮 #抖来涨知识,https://www.douyin.com/video/6966907378021190947,221,00:40,https://www.douyin.com/user/MS4wLjABAAAABcOBQs41TSsTjWBj_AfOUsJSlxipae9sp4zgxyaGvk0HBtkJ-KkTz5Vr8xFbEE6G,高文杰,6月前
多喝水的好处，比你想的更多 #糖尿病 #糖尿病饮食 ,https://www.douyin.com/video/6976810361882217759,3115,00:33,https://www.douyin.com/user/MS4wLjABAAAAXfHO1My4IccC9NutDj7_7W5GFjSqWHKlKk5Ju_MgPGI9p3PSQIu0FLtLLR4T8f0S,邹大进医生,5月前
脂肪肝患者需不需要药物治疗？#健康 #肝脏 #脂肪肝 #全民健康计划,https://www.douyin.com/video/6859684667696696590,388,00:46,https://www.douyin.com/user/MS4wLjABAAAAau4yjoprZghVKM2Mo3vaa4MTaISmqspoOHQ1jfQCulw,小田医生,1年前
胰岛素抵抗？这六点可以缓解 #糖尿病 #胰岛素抵抗 #医学科普,https://www.douyin.com/video/6899024636445576461,3378,00:39,https://www.douyin.com/user/MS4wLjABAAAAXfHO1My4IccC9NutDj7_7W5GFjSqWHKlKk5Ju_MgPGI9p3PSQIu0FLtLLR4T8f0S,邹大进医生,1年前
#减肥 #抖知加油站 #健康 脂肪最怕什么？,https://www.douyin.com/video/6775305453917293831,740,00:27,https://www.douyin.com/user/MS4wLjABAAAANKnjHUlMR9QoYdenSDlhHz_1NG47PcLNeV--Qq3Gfck,广东省中医院林医生,1年前
影响基础代谢率的因素有哪些呢？#营养 #涨知识 #健康 ,https://www.douyin.com/video/7027007070981377288,159,01:14,https://www.douyin.com/user/MS4wLjABAAAAzgKI5-7qGoQVess8_U_OccvsBb0_wcZmiCKNKD-gbT3mhOm64afA4ncg1nNWV9ql,丁医生营养课,1月前
面食虽好吃，但可不要多贪哦#减肥 #健康真相官 #医者名片,https://www.douyin.com/video/6894579347395562755,1.3w,00:18,https://www.douyin.com/user/MS4wLjABAAAAnvdTSZaBKyYd6JAFxc7m0FrBsxGUZoUMCHTCqtIOjJZHPCU-URJDE1ypr6bZfDKF,神经外科杨波教授,1年前
体重指数41，术中所见，重度脂肪gan情况，可以逆转。#肥胖 #减重代谢手术,https://www.douyin.com/video/6885176399007730956,8270,00:11,https://www.douyin.com/user/MS4wLjABAAAA2uebU1ZNTDQCJQKB-4_kVNsoYU1HQ_FpRM6totQj6Og,减重代谢手术喜哥,1年前
到底什么是脂肪肝，你真的知道吗？#脂肪肝 #肝 #脂肪 #胖 #医学科普,https://www.douyin.com/video/6886393214786489612,389,01:07,https://www.douyin.com/user/MS4wLjABAAAAIW3TC7RXrqarR0SuYAysyTIebKl9COKVH-P1nWMv8AAM6zhbiZT0qg2Ul9BwLVnV,消化内科王雪梅医生,1年前
日常手术分享-男胖友302斤 重度脂肪肝、高尿酸、高血脂。#手术室日常 #减脂 #减重,https://www.douyin.com/video/6951592377379228965,93,00:15,https://www.douyin.com/user/MS4wLjABAAAAqfHkuBx3PzTA_hVwBg0Gl2t9UHcc4Z0TRttQMMIx_JA,减重专家徐东升医生,7月前
为什么不吃油血脂反而会高呢？原来血脂高早已经不是胖人专利！,https://www.douyin.com/video/6720387560260046083,255,00:30,https://www.douyin.com/user/MS4wLjABAAAAzFvqW8CzifipxGTVreHhJ2_N1C2sMnuOA35J9JzGsCw,首都医科大学附属北京中医医院,2年前
低碳水减肥法，为啥能够快速减重？#减肥 #低碳水,https://www.douyin.com/video/6963602347838754055,1.1w,02:08,https://www.douyin.com/user/MS4wLjABAAAAa93mx-QSoPe_BUkJ8v2PKWNDs1Zcu3eO_wqLZDj-vISU5bDcmNPOFG5bPodDn49p,减重外科刘少壮,6月前
s结石怎么来的？还不了解下#肾病 #健康科普 ,https://www.douyin.com/video/7037400192575868168,2811,00:32,https://www.douyin.com/user/MS4wLjABAAAAucYP6OJSq3uOEVRSJaPfckljK3jxuCT-urQ_GTJ1IEmwd_mGhalFdv4Txxzu04G8,中医董博士,1周前
查体发现尿酮体阳性是什么意思#这个视频有点料 #健康 #科普 @抖音小助手 @南方健康,https://www.douyin.com/video/6849321235487264004,1098,00:52,https://www.douyin.com/user/MS4wLjABAAAAyUYSI-jS6EXKebiIDJb10RITQ7iK_hHGnBy6gJaSxHg,李青大夫,1年前
肥胖的人是不是都有营养过剩？减重教授：是否过剩得看这1个地方,https://www.douyin.com/video/6983590248798326048,4,01:39,https://www.douyin.com/user/MS4wLjABAAAAQCR07An3XHO6W4VH8HUls2AYxM2ZCCYwTmdZ5g2cpAM,减重代谢外科罗衡桂教授,5月前
努力减肥，体重不动，是失败吗？#减脂 #哈尔滨减重 #减重代谢手术,https://www.douyin.com/video/6917899145118371072,49,00:55,https://www.douyin.com/user/MS4wLjABAAAAqfHkuBx3PzTA_hVwBg0Gl2t9UHcc4Z0TRttQMMIx_JA,减重专家徐东升医生,10月前
肥胖人群赶紧过来看看，“肥胖”—影响健康的第五大危险因素！,https://www.douyin.com/video/6967276454677597478,1,01:13,https://www.douyin.com/user/MS4wLjABAAAAau0ZwINgBOBhiQkH2-b9NnKtRU3xTpDRAfPBWMunVHk,尚医健康,2年前
腹型肥胖，有啥风险？#腹部肥胖更容易得糖尿病 #医问到底,https://www.douyin.com/video/7035544495873625382,1183,00:54,https://www.douyin.com/user/MS4wLjABAAAAAqI0-ArMCKn1hhdtBk2LcAesdX9k_hNiNSbuVYh25OovczaOfz_Gw6mhhagsBZZQ,风湿小医生谢榆,2周前
感谢大家的支持，让我知道在健康减重的道路上并不孤单，感谢相遇！#暑期知识大作战 #减肥 @DOU+小助手,https://www.douyin.com/video/6863748301162908932,6.7w,00:41,https://www.douyin.com/user/MS4wLjABAAAAzm8XjRS8-YIEXgj4TEhJoKtTTzEcDGoIIUMVXMiuqI8,瘦医张涵,1年前
30岁，高血压，身高172，体重260多斤，典型的腹型肥胖。腹腔脂肪危害多多！#肥胖 #健康中国，远离肥胖！,https://www.douyin.com/video/6849256107664264452,1.3w,00:12,https://www.douyin.com/user/MS4wLjABAAAA2uebU1ZNTDQCJQKB-4_kVNsoYU1HQ_FpRM6totQj6Og,减重代谢手术喜哥,1年前
超级肥胖还会出现这种问题？#肥胖 #医学科普,https://www.douyin.com/video/6916076592368225547,381,00:18,https://www.douyin.com/user/MS4wLjABAAAA2uebU1ZNTDQCJQKB-4_kVNsoYU1HQ_FpRM6totQj6Og,减重代谢手术喜哥,11月前
减肥过程中一定要注意这一点#肥胖 #减肥 #糖尿病 #减重手术,https://www.douyin.com/video/6942413458516299039,678,00:22,https://www.douyin.com/user/MS4wLjABAAAAUx4_TDpdljQ3tluKKvvVu20BxSK1WYGMTAWxa6qGLQFzcvi-TrWEQK3Pb0IVxg0J,减重医生 姚立彬,8月前
吃得不多还胖的原因找到了！做好3点，踢走减肥路上的“绊脚石”,https://www.douyin.com/video/6909384847119142152,125,02:15,https://www.douyin.com/user/MS4wLjABAAAArus7jEDX6L0MTOj-Z9Pf-4pWwKKWzlNFMlXFj31ZbdE,健康plus,11月前
体检发现甘油三酯高需要治疗吗，怎么治疗#科普健康中国新媒体 ,https://www.douyin.com/video/7034441135716158750,8660,02:01,https://www.douyin.com/user/MS4wLjABAAAAtuDOOW5KSrm2TaKAVU2Vp2smhvaSSqlbGqD6Q-f3YtQ,神经内科宋璞医生,2周前
谁说减肥就得只吃草，吃肉减肥了解一下，@给正在减肥的ta吧,https://www.douyin.com/video/6766161874519215363,1.5w,01:04,https://www.douyin.com/user/MS4wLjABAAAAd2SoOO020RyRJI8wJGJt5oH8CwqixxAQmd7138DMSZo,丁香医生,2年前
#减重代谢手术 重度肥胖的她，被肥胖困扰的十年#一个女孩的十年 @减重与代谢科董博士,https://www.douyin.com/video/6889721401616420104,77,00:54,https://www.douyin.com/user/MS4wLjABAAAAZmTvelPbmrr34t12AEi7yFYJT_4uWj8wy8rcoMw7zXw,暨南减重王存川教授,1年前
治疗糖尿病的手术和减重手术是不是一个手术？术后会有什么不良反应#健康 #糖尿病 #减重手术#肥胖,https://www.douyin.com/video/7009909693371993358,933,00:50,https://www.douyin.com/user/MS4wLjABAAAAMTXOGc102peTFUZ9SH7jDbWDAtvCjNjEW0sQOAp2VfowJkIFVx4dqvBKpJHxy-i_,张能维医生,2月前
遇到减肥瓶颈期，能量补偿了解一下#减肥减不下来系列 ,https://www.douyin.com/video/7021848119948086542,167,00:40,https://www.douyin.com/user/MS4wLjABAAAANKnjHUlMR9QoYdenSDlhHz_1NG47PcLNeV--Qq3Gfck,广东省中医院林医生,1月前
为什么会这么胖，原来是这个在作怪 #健康 #医生 #肥胖 #减肥  @抖音小助手,https://www.douyin.com/video/6845576332592663815,294,01:00,https://www.douyin.com/user/MS4wLjABAAAAYO3WaMkdq2gWMMu484ad2EMS1YtW5uIt4nSEFDMq8-0,湘雅唐教授,1年前
减肥时候怎么吃？看完就知道#科普 #涨知识 #营养 ,https://www.douyin.com/video/7033237052078443813,180,01:05,https://www.douyin.com/user/MS4wLjABAAAAzgKI5-7qGoQVess8_U_OccvsBb0_wcZmiCKNKD-gbT3mhOm64afA4ncg1nNWV9ql,丁医生营养课,2周前
体重指数权威解析，快来看看你是否属于肥胖 #肥胖 #养生 #dou出新知,https://www.douyin.com/video/6857710100296060164,298,00:42,https://www.douyin.com/user/MS4wLjABAAAAjrDnWGlYlwFGAFER3NoEyFGQ00Z2Okbs8F6NAWVHrQhDuDRo2Fsh-TbAjSmE5Do8,中医马萍教授,1年前
脂肪肝青睐哪些人？,https://www.douyin.com/video/6844433519691697422,405,00:34,https://www.douyin.com/user/MS4wLjABAAAAp7EKYSLLf_cMoY5G9rTsERfEBERE9SJQzLZ5scEkCNA,肝博士杨明博大夫,1年前
肥胖是导致不孕的因素吗？#不孕 #试管 ,https://www.douyin.com/video/7030692981376158990,244,00:23,https://www.douyin.com/user/MS4wLjABAAAAOC0nNOwX1FwY9aR7gN15WGKLufqAa-c8-2SWCB-PTdk,生殖医学中心马玲主任,3周前
多囊卵巢患者想要#怀孕 只能通过#试管之路 来#备孕 吗,https://www.douyin.com/video/6819214190356565256,55,01:00,https://www.douyin.com/user/MS4wLjABAAAASYZdNLSR9gEXdHazQhPv8v7is5zdDSfReOCnudfANlNYt7ooqqCxy9egDKNIj6Qu,中南医院周春,1年前
辟谷减重，越减越肥。看到最后，医生教你科学断食法。#辟谷 #减肥 #轻断食,https://www.douyin.com/video/6818097635652553987,3032,01:00,https://www.douyin.com/user/MS4wLjABAAAA-9RDtCKbgT40O0R-oBSbhHvdCKTKcYXNXcr-cYh_4kmwZUZXuU9TWXQrTTrrfyf_,马欣教授,1年前
经常吃左旋肉碱的小伙伴你要看看了！#药葫芦娃#左旋肉碱#减肥,https://www.douyin.com/video/6886400276278938887,2429,00:37,https://www.douyin.com/user/MS4wLjABAAAAt0y38WKtm4mEXPYsE2G6tCvpASAOHJJ12RM5cqFkcLQ,药葫芦娃,1年前
很多人说，高脂血症不能吃动物油，这是真的吗？ @震洋健康  @中医陈其华医生,https://www.douyin.com/video/6844867079313640718,2250,01:07,https://www.douyin.com/user/MS4wLjABAAAAIWrqtjZIcosga2_-czt6XAHsNoFIfbgxdDow_IxhNeHK3kqMP9Bp8JFj0OQ8gk8g,袁光雄医生,1年前
#减肥 #健康 减重，要讲究科学~,https://www.douyin.com/video/7026970287082196232,400,00:51,https://www.douyin.com/user/MS4wLjABAAAAKgEfKBY7lJICJA3zAZ5r0sWwR5tRpK2Dob0gmyqS-mA,广东省中医院郭主任,1月前
晚饭时间到啦，吃吧！#健康 #减肥,https://www.douyin.com/video/6863717533036416260,1886,00:35,https://www.douyin.com/user/MS4wLjABAAAAGVVmlvrS5AX1CnKAzUy00AUVj4t1W9aP94l7qI2bUWI,陈晨脑科医生,1年前
警惕糖尿病低龄化！有明显乏力、呼吸困难、呕吐症状要注意～#医学科普 #糖尿病 #乏力,https://www.douyin.com/video/6963462642857970944,2680,00:43,https://www.douyin.com/user/MS4wLjABAAAAQt1fySPka0QGqbOLu7F_a5RZeE8AokqEtKHeJvKNkeY5n2x3X3xw41v392pvHYyw,急诊室涛哥,6月前
吃的少，为什么减肥还不成功？#减肥 #女性 #健康 #健康养生 #饮食,https://www.douyin.com/video/7015920829460516104,82,02:16,https://www.douyin.com/user/MS4wLjABAAAAVtpvrQ5AVGvNSzlpFAUqU9-PvEHwA9PlwtaGeRaATGCPPnQTA23VGJXvFSxkj25V,中医姚主任,2月前
震惊！胖友的腹腔所见之处全是脂肪 #健康科普  #肥胖  #山大二院 ,https://www.douyin.com/video/6980239991993699615,142,00:18,https://www.douyin.com/user/MS4wLjABAAAAe0QobdTCbDnCnQn3jSOxQZHk_HkTw4yOGdWArfSvqTo,减重降糖专家丁印鲁医生,5月前
脂肪肝只要控制体重是可逆的，如何把吃进去的脂肪肝吃回去？干货全在这个视频里@减肥营养师小君 #健康科普 #医学科普 ,https://www.douyin.com/video/7030696794111642917,2.3w,01:51,https://www.douyin.com/user/MS4wLjABAAAAtR1VByr38eMGQiWv-7e1tnX5sI9FIXcaMFH8KspuTq5lrTlp9kMpcn4zH9s7N9RS,肥胖与代谢科李辉主任（直播中）,3周前
胆固醇高的”元凶“是谁？#医学科普 #体检 #健康科普 #健康 ,https://www.douyin.com/video/7028068102919261454,336,00:55,https://www.douyin.com/user/MS4wLjABAAAAinT4yIToJ4uxYWza15SwlrbRrFL4aitAnsezC2He-BnLYdbQ9VmFfQXtNILdOU1E,肿瘤介入科刘玉金,4周前
重度肥胖怎么办？#肥胖 #减重代谢手术 #科普 @抖音小助手,https://www.douyin.com/video/6862981990677761284,801,00:41,https://www.douyin.com/user/MS4wLjABAAAA2uebU1ZNTDQCJQKB-4_kVNsoYU1HQ_FpRM6totQj6Og,减重代谢手术喜哥,1年前
脂肪真的可以随流汗被消耗掉吗？ #脂肪  #医生  #医学科谱,https://www.douyin.com/video/6893054460587822349,44,00:43,https://www.douyin.com/user/MS4wLjABAAAARlCB3mC-RTLLTPmMepWXs5hKty47hBkzp-MXi1uKTy75ouMUzRvRFRUVPbVbrEEa,整形医生齐红莉,1年前
#健康#营养#皮肤 对照一下，皮肤黏膜出现这些表现，当心营养不良！@皮肤潘教授 @抖音小助手 @,https://www.douyin.com/video/7030063042704592168,473,00:52,https://www.douyin.com/user/MS4wLjABAAAADSZWYgRhkwdF2BSBu8RMPqksK0JMltDhKBXr2CM918I,皮肤科潘卫利教授,4周前
对于过度肥胖患者而言，减重对健康有益#健康 #减重手术 #减重代谢手术 #肥胖 ,https://www.douyin.com/video/7025495994943016222,1.6w,00:07,https://www.douyin.com/user/MS4wLjABAAAAMTXOGc102peTFUZ9SH7jDbWDAtvCjNjEW0sQOAp2VfowJkIFVx4dqvBKpJHxy-i_,张能维医生,1月前
减肥反弹的实质原因是什么？为什么越减越肥？#减重手术,https://www.douyin.com/video/6959834750886464779,3.8w,00:57,https://www.douyin.com/user/MS4wLjABAAAAKPaaexAufLUJg8THbc-nEQLLL6T76BC594xcuNsx4oY,孟化医学在线,7月前
糖尿病和脂肪肝经常一起出现，糖尿病为啥更容易引起脂肪肝？#脂肪肝 #重视脂肪肝 #健康科普 ,https://www.douyin.com/video/7002996931593030951,3158,00:41,https://www.douyin.com/user/MS4wLjABAAAAoSxHz7HhhQhEQEu3NOycuz6vfG44y0YR2ZBTxx0QT7nStEJgLri2cFFndnmjTb_F,听我说血糖,3月前
体内脂肪消失过程#减脂,https://www.douyin.com/video/7013932395565010206,1165,00:09,https://www.douyin.com/user/MS4wLjABAAAAOsbvqT_M1hx4PwO3pcnWgogZQXvPseZO5Or0rUWrFYaxCQHRChhRK2lPh4mp0ZWI,中医内分泌科专家卫兰香,2月前
大体重减肥，减少碳水类食物的摄入会不会没劲儿，导致无法工作？#减重  #医学科普 #减重代谢手术 ,https://www.douyin.com/video/6996526286936100126,1491,00:45,https://www.douyin.com/user/MS4wLjABAAAA4DNLulO6SQlIwEV5TiDaXGBEVKow8n6lUCQmCdyA1LUPpaIxdUROTOmsgfN7ctuf,减重代谢温较瘦,3月前
高X脂不能吃什么食物#健康科普 #涨知识 @震洋健康 @中医李山山医生 ,https://www.douyin.com/video/6988066964178472228,44,00:53,https://www.douyin.com/user/MS4wLjABAAAAyVvV58Cc2Dm6zzqinZLo9Vw6k_6g97LIBMXcWHmkVk-eDSCzWIbC7mFUJJHE0kMs,中医何文医生,4月前
#科普 #涨知识 #dou出新知 ,https://www.douyin.com/video/6983155603946409252,49,00:24,https://www.douyin.com/user/MS4wLjABAAAAj5x9WdqQJrO_2exaczaTwSpdaJc1tU-180SbO7Du1Xn8a4lpTfhiQauyTWKpKtM8,柯明辉医生,5月前
什么是青春期肥胖。三个易发生肥胖的敏感期：婴儿期，青春期和中年期。#干货 #减脂,https://www.douyin.com/video/6938218095760706853,149,01:00,https://www.douyin.com/user/MS4wLjABAAAAqfHkuBx3PzTA_hVwBg0Gl2t9UHcc4Z0TRttQMMIx_JA,减重专家徐东升医生,9月前
肚子大，有可能是这个原因导致的#诊室日常 #减脂 ,https://www.douyin.com/video/7007998925571411213,1736,00:53,https://www.douyin.com/user/MS4wLjABAAAAspZc2xPSB4MKCpCK0DOGDMa3pqVqn0QfixMB6u26uxg,童医生叫你减肥啦！,2月前
#基础代谢 慢的人，更容易长胖,https://www.douyin.com/video/6738697039946747143,2223,00:25,https://www.douyin.com/user/MS4wLjABAAAA3pN_rGzk3IsM75rt9XEn0etL55MTzNmu5ZXr0CJv4s4,消化科郭医生,2年前
看看你肚子里的脂肪长这样？舍得减掉它么？#脂肪  #减肥  ,https://www.douyin.com/video/7018387365223730463,3722,00:20,https://www.douyin.com/user/MS4wLjABAAAAZmTvelPbmrr34t12AEi7yFYJT_4uWj8wy8rcoMw7zXw,暨南减重王存川教授,1月前
今天五台袖胃，一台胃转流，体重指数超过35，很难自己减下来并维持。#肥胖#糖尿病,https://www.douyin.com/video/6832457848929275139,664,00:59,https://www.douyin.com/user/MS4wLjABAAAA2uebU1ZNTDQCJQKB-4_kVNsoYU1HQ_FpRM6totQj6Og,减重代谢手术喜哥,1年前
脂肪肝小贴士#医学科普 #脂肪肝 #科普健康知识,https://www.douyin.com/video/6898663367049841933,37,00:52,https://www.douyin.com/user/MS4wLjABAAAAx_GvhdY93YUjFsYP8Sy28_95x-8CRAJ1RNaoAx0YH-w,肝铁侠翁勰医生,1年前
胖友们减肥失败最重要的原因就是无法克服饥饿感，减重手术就是把分泌饥饿素的组织切除，从根本上改变！你想不想改变呢,https://www.douyin.com/video/6893450260442664204,937,00:19,https://www.douyin.com/user/MS4wLjABAAAA2uebU1ZNTDQCJQKB-4_kVNsoYU1HQ_FpRM6totQj6Og,减重代谢手术喜哥,1年前
胖人多湿多痰，或多或少有#脾虚，改善的办法居然是这个#许凤全主任 #医学科普 #心身医学 @抖音小助手 ,https://www.douyin.com/video/6983974606558350630,239,00:38,https://www.douyin.com/user/MS4wLjABAAAA4ui_1_k2IY-H9fVjWBeZ_ltAiLMur4kNZ5zIYdhowxA,心身医学科许凤全,5月前
#三十而已 #脂肪肝 #果汁 @医道 果蔬汁居然可以引起脂肪肝！！,https://www.douyin.com/video/6858173889781042432,32,00:27,https://www.douyin.com/user/MS4wLjABAAAAnH1JZcUe7OjTPGZIslpLxIBxyaZU_BWu8XIk_8YqCIYtryOwsKGtLB3_yxoBp5bZ,陆文良医生,1年前
"15岁,127公斤，胰岛素抵抗，多囊卵巢，糖耐量异常。#肥胖 #减重代谢 ",https://www.douyin.com/video/6985383596538301735,5.3w,00:28,https://www.douyin.com/user/MS4wLjABAAAA2uebU1ZNTDQCJQKB-4_kVNsoYU1HQ_FpRM6totQj6Og,减重代谢手术喜哥,4月前
别再幻想当个健康的胖子啦！长了脂肪还能伤了肾@抖音小助手 @DOU+小助手,https://www.douyin.com/video/6937511621992451335,2177,00:54,https://www.douyin.com/user/MS4wLjABAAAA9BoUj5V8BAnPRzyewUVbTcEA_OIcucBkmfDFNBqKTJY,lntv健康一身轻,9月前
挽回胰岛功能，减轻内脏脂肪很重要#糖尿病 #糖尿病科普 ,https://www.douyin.com/video/7018067240562019616,4175,00:43,https://www.douyin.com/user/MS4wLjABAAAAXfHO1My4IccC9NutDj7_7W5GFjSqWHKlKk5Ju_MgPGI9p3PSQIu0FLtLLR4T8f0S,邹大进医生,1月前
十个胖人八个有！#减重 #瘦身 #脂肪肝 ,https://www.douyin.com/video/7013628443287883040,212,00:38,https://www.douyin.com/user/MS4wLjABAAAAPD-34FUKu_zm9BTz92k0i1l7b_7G9IsmuyrGae663w4,张建成,2月前
维生素e可以去黑头和去脂肪粒？ #护肤  #维生素e  @抖音小助手,https://www.douyin.com/video/6894831924070681869,614,00:56,https://www.douyin.com/user/MS4wLjABAAAATxP-ItN5RL_1N3_X5OECJOKhjanDZmgd-hb33nmwx4Y,三甲医院皮肤科徐敏丽,1年前
合理的优质脂肪摄入竟然可以帮助减肥？#体重管理 #我为医者 #袖状胃 #医路有你,https://www.douyin.com/video/6855886410596093191,2326,02:45,https://www.douyin.com/user/MS4wLjABAAAAPjEMcBcE1Tf84nDeaem5ecVuT0vhn4uqj3zBEeHVZl0,减重外科姚琪远主任,1年前
小伙子4个月复查，体脂减得特别好！#减重手术 #逆袭,https://www.douyin.com/video/6988028405656702244,670,00:25,https://www.douyin.com/user/MS4wLjABAAAAWQD4QrP__13V0bq9C0WqS279DEMPtocBxrFGrptb8mWkAwpiHOdtR8zELxrugPM3,医学减重专家刘雁军,4月前
高脂血症能不能吃动物油 @震洋健康  @中医谭医生 #健康真相官  #知识创作人,https://www.douyin.com/video/6891520159517822221,780,01:07,https://www.douyin.com/user/MS4wLjABAAAAIWrqtjZIcosga2_-czt6XAHsNoFIfbgxdDow_IxhNeHK3kqMP9Bp8JFj0OQ8gk8g,袁光雄医生,1年前
#科普 #中医 #水果不能多吃 ,https://www.douyin.com/video/7028445261294882055,4.4w,00:32,https://www.douyin.com/user/MS4wLjABAAAA81nAD_9W0iF_N7BQcSOrGzWIEX4U9ApRVBGeeAWQO80,肿瘤科关念波,1月前
#减肥最难的是你迈不出改变的第一步#心理 #涨知识 ,https://www.douyin.com/video/6996364612006366471,2756,00:47,https://www.douyin.com/user/MS4wLjABAAAAtR1VByr38eMGQiWv-7e1tnX5sI9FIXcaMFH8KspuTq5lrTlp9kMpcn4zH9s7N9RS,肥胖与代谢科李辉主任（直播中）,3月前
#问答c计划 #南方健康 易得脂肪肝的四类人，看看你中枪了没？,https://www.douyin.com/video/6725333102375308558,141,00:25,https://www.douyin.com/user/MS4wLjABAAAAM_0q2GnHrpnSXdzji0NqAdhNGVzhRJy5jKBYRiT7e1M,人卫约健康,2年前
不吃晚餐体重“涨”更快，真相来了！#科普 #涨知识 #吃不胖的瘦子,https://www.douyin.com/video/6939448413251570956,4215,00:50,https://www.douyin.com/user/MS4wLjABAAAAYGzkiXoanlk-DR1Wcky_7DTuqiCXir2LgZXpOh6uLB4,养生堂,8月前
糖尿病患者要减少脂肪的摄入！听听医生怎么说！ #糖尿病#脂肪#高血糖,https://www.douyin.com/video/6885301057069567236,144,00:25,https://www.douyin.com/user/MS4wLjABAAAAeRd9ihp42EJvc01CKLkiES9ZBeNVFcSIB_Tycjq2wtnkEUYikw4wPggH7h1aqUZQ,刘博士谈健康,1年前
聊聊减肥，视频比较长分两段了#减肥 #中医减肥 #医学科普 ,https://www.douyin.com/video/6997280854921858334,948,00:51,https://www.douyin.com/user/MS4wLjABAAAAucYP6OJSq3uOEVRSJaPfckljK3jxuCT-urQ_GTJ1IEmwd_mGhalFdv4Txxzu04G8,中医董博士,3月前
#儿童肥胖的危害有哪些？#减脂 #减重,https://www.douyin.com/video/6939018348650925320,557,01:00,https://www.douyin.com/user/MS4wLjABAAAAqfHkuBx3PzTA_hVwBg0Gl2t9UHcc4Z0TRttQMMIx_JA,减重专家徐东升医生,8月前
做脂肪填充之前你不得不知道的三件事！ #dou出新知  #医学科普,https://www.douyin.com/video/6911213165921488141,2243,00:44,https://www.douyin.com/user/MS4wLjABAAAAaQ2uXhb-yZiJdF1RNz91dmHpL_DIurM8soCqjqzUD5aeFGWpNuad8Jyla308hToX,八大处 解芳,11月前
不吃主食并不能控制血糖升高！#养生#主食#保健,https://www.douyin.com/video/6940068287317347622,1.2w,00:28,https://www.douyin.com/user/MS4wLjABAAAAeRd9ihp42EJvc01CKLkiES9ZBeNVFcSIB_Tycjq2wtnkEUYikw4wPggH7h1aqUZQ,刘博士谈健康,8月前
#科普 维生素对人体很重要，不同的维生素缺乏，都能造成哪些疾病？#健康科普 #科普 @抖音小助手,https://www.douyin.com/video/6970256697982045477,9732,03:35,https://www.douyin.com/user/MS4wLjABAAAAlIoKCdFUqqq-qFZ-_1i31A2qfNQqtMqzu8fK1uPBjMI,心血管内科王占胜,6月前
"""饥饿疗法""能对抗脂肪肝吗？听听专家怎么说，脂肪肝改善秘籍在这里！#轻知识计划",https://www.douyin.com/video/6744230821055515912,2391,00:20,https://www.douyin.com/user/MS4wLjABAAAAM_0q2GnHrpnSXdzji0NqAdhNGVzhRJy5jKBYRiT7e1M,人卫约健康,2年前
肚子大，能不能只瘦肚子？#肚腩 #减重 #减脂,https://www.douyin.com/video/6936417791943757087,3265,00:53,https://www.douyin.com/user/MS4wLjABAAAAqfHkuBx3PzTA_hVwBg0Gl2t9UHcc4Z0TRttQMMIx_JA,减重专家徐东升医生,9月前
第四集｜大众科普。减重期间遇到平台期了该怎么办？平台期是我们减肥期间必经的一个阶段，保持良好的心态，通过科学的方法度过才能让我们减肥成功！#平台期不掉秤怎么办 #仁心医生 #医学科...... 版本过低，升级后可展示全部信息,https://www.douyin.com/video/7001675591854361894,37,00:39,https://www.douyin.com/user/MS4wLjABAAAAPePsUtxJyGMkMpUvsJQT8I_lL4IdX3m44knvuwmTrxZWxskXoLwZy3cLkvVKJnMT,安医大二附院胃肠与减重代谢外科贾医生,3月前
减肥到底是多喝水好，还是不喝水好？你知道吗？ #减肥  #喝水  #健康真相官,https://www.douyin.com/video/6893794249607810311,30,00:54,https://www.douyin.com/user/MS4wLjABAAAARlCB3mC-RTLLTPmMepWXs5hKty47hBkzp-MXi1uKTy75ouMUzRvRFRUVPbVbrEEa,整形医生齐红莉,1年前
#减肥 不仅要靠意志力，还要用对方法，和胃作斗争。#减重 #健康科普 ,https://www.douyin.com/video/6997283714866777375,1091,00:46,https://www.douyin.com/user/MS4wLjABAAAA4DNLulO6SQlIwEV5TiDaXGBEVKow8n6lUCQmCdyA1LUPpaIxdUROTOmsgfN7ctuf,减重代谢温较瘦,3月前
肥胖，脂肪gan，gan硬化（非精性脂肪性肝gan炎），到这个程度已经不可逆转了。#肥胖 #脂肪肝,https://www.douyin.com/video/6934199164037303563,508,00:26,https://www.douyin.com/user/MS4wLjABAAAA2uebU1ZNTDQCJQKB-4_kVNsoYU1HQ_FpRM6totQj6Og,减重代谢手术喜哥,9月前
#肥胖#营养不良 #碳水 #主食 一定控制好主食的量，补充必须的优质蛋白氨基酸等…后面继续@抖音小助手,https://www.douyin.com/video/6920432572925218051,7.6w,01:14,https://www.douyin.com/user/MS4wLjABAAAA-LhgvDp5FSanbSPDuvQRRwsHGeRnCRpa6WXD10FFs_U,安贞医院郝大夫,10月前
养生堂录制现场讲解减重代谢手术方式。#减重手术,https://www.douyin.com/video/6895696565919304971,1177,00:31,https://www.douyin.com/user/MS4wLjABAAAAKPaaexAufLUJg8THbc-nEQLLL6T76BC594xcuNsx4oY,孟化医学在线,1年前
来了！分享超有效的减肥小技巧！#减肥 #健康科普,https://www.douyin.com/video/6954194596821798151,2.7w,00:55,https://www.douyin.com/user/MS4wLjABAAAAd2SoOO020RyRJI8wJGJt5oH8CwqixxAQmd7138DMSZo,丁香医生,7月前
你应该了解的ZF真相5 抽Z不能改变喝水就胖的事实 #十万个怎么做  #脂肪,https://www.douyin.com/video/6878188245620903182,76,00:15,https://www.douyin.com/user/MS4wLjABAAAASoTFmLs7DHPu9i88F1PhKAnUjS_XHtQoTNQsfDNPRkdgtlYcyRIl6jCdNjgl9B6r,刘翔宇医生,1年前
第55集 | 人在睡觉时比看电视燃烧更多卡路里 #健康 #医学科普 #冷知识 #知识创作人 @抖音小助手,https://www.douyin.com/video/6892139900028620044,838,00:51,https://www.douyin.com/user/MS4wLjABAAAAd4-IxvJqrK1OtpdjZRCTfyGkcViJ7jLime4iIfvDMPE,北大医院骨科孙浩林医生,1年前
 #脂肪 是如何离开身体的？ #科普  #减重  @DOU+小助手 ,https://www.douyin.com/video/6982018721460047118,8598,00:38,https://www.douyin.com/user/MS4wLjABAAAAn44NR08H4969FJehEqPL-hBzOSI1xovT1ObQ-WEvumfTMYJvQAYMWLZY0NvWXPdd,胃肠外科王志凯,5月前
营养不良性脂肪肝是怎么回事？,https://www.douyin.com/video/6782758366511910159,397,00:24,https://www.douyin.com/user/MS4wLjABAAAAp7EKYSLLf_cMoY5G9rTsERfEBERE9SJQzLZ5scEkCNA,肝博士杨明博大夫,1年前
甘油三酯高的4个原因#甘油三酯,https://www.douyin.com/video/6895675068408483080,2.5w,01:08,https://www.douyin.com/user/MS4wLjABAAAADpTiEpkjX_fXgDZudeIOTE1fqPky6GK_mbCF0-8jYTA,聊健康的崔主任,1年前
腹型#肥胖 内脏脂肪形成的原因#减重手术 @抖音小助手,https://www.douyin.com/video/7012178575403126051,959,00:54,https://www.douyin.com/user/MS4wLjABAAAAmhebMiFUNM2SY1QoshDws-JhGbMUEW0agjs8zXLuz94,减重手术医生孙许龙,2月前
超级肥胖，重度脂肪gan并gan硬化，非精性脂肪性gan炎，不可逆。天天科普，重视了吗？#肥胖,https://www.douyin.com/video/6887549463171206412,194,00:40,https://www.douyin.com/user/MS4wLjABAAAA2uebU1ZNTDQCJQKB-4_kVNsoYU1HQ_FpRM6totQj6Og,减重代谢手术喜哥,1年前
你是不是吃的很少！却依然容易长胖呢！其实真正的原因是这样的！#健康真相官 #医学科普,https://www.douyin.com/video/6896766048507268366,121,00:42,https://www.douyin.com/user/MS4wLjABAAAAIjLArwtCOYP-8cABiTejrWkBgOvfhgSkrFMQ_asxoJ8EU-A9FBdJjX95-pyVnT_u,AHTV医道健康,1年前
倡导低脂饮食#健康 #健康饮食 #抖音小助手,https://www.douyin.com/video/6926461636903505164,261,00:27,https://www.douyin.com/user/MS4wLjABAAAAXz_ktu7Lp84dMlnyYeLek-nInUAcynlmiPO92ku3ap8HkTvdIQ43UDNpQi5F0jFi,魏主任 主任医师,10月前
 #蛋白质 饮食 #食谱 ，还不知道蛋白质的作用吗？快来看看 #减重  @DOU+小助手 ,https://www.douyin.com/video/6979502885356752141,1947,00:32,https://www.douyin.com/user/MS4wLjABAAAAn44NR08H4969FJehEqPL-hBzOSI1xovT1ObQ-WEvumfTMYJvQAYMWLZY0NvWXPdd,胃肠外科王志凯,5月前
脂肪的功能，一起来了解一下#科普 #涨知识  @徐扬阳生活号,https://www.douyin.com/video/6954987023530790157,157,00:46,https://www.douyin.com/user/MS4wLjABAAAAIyntXQW5prS3875me49fEGWyUNYBCH0YuqOewkGa6u351lVi5VxdRTzTwlsMiOYU,脂肪教授徐扬阳,7月前
#体检 出来了吗？#脂肪肝 必须干预！#生活方式医学 #中华生活方式医学 #健康 @DOU+小助手,https://www.douyin.com/video/6893821775155596544,1.6w,00:27,https://www.douyin.com/user/MS4wLjABAAAA-9RDtCKbgT40O0R-oBSbhHvdCKTKcYXNXcr-cYh_4kmwZUZXuU9TWXQrTTrrfyf_,马欣教授,1年前
患上脂肪肝有很多种，比如比较胖的，胡吃海喝，高油高脂的。但是也有一类人群，特别要注意饮食。#医学科谱 #健康,https://www.douyin.com/video/6981716537753357576,238,00:35,https://www.douyin.com/user/MS4wLjABAAAAvtqZQoh09CXUOtnMotwM1WQu6_qnon1MLW2pEEsgjLD2eb9e-lcBRghA8sCGDVEi,中山一院教授张诗军,5月前
明明亚洲人看着不胖，但是微胖竟可能比欧美人的肥胖还危险！#医学科普  #健康dou起来,https://www.douyin.com/video/6915706297308466445,268,00:39,https://www.douyin.com/user/MS4wLjABAAAAbu6IlXnInbzcMl2efNmegiWUrOXeUQi6vIgh3pXyTa4,凤凰大健康,11月前
老年人如何预防代谢性异常？#岭南名医 ,https://www.douyin.com/video/7035907914170649868,0,01:50,https://www.douyin.com/user/MS4wLjABAAAAZHJFGWF6HdLvXynKTqYvJZO0ceMfPKa0lHpI3QD_gaE,岭南名医,1周前
脂肪肝怎么调养和治疗 @震洋健康  #暑期知识大作战,https://www.douyin.com/video/6872337076264750348,101,01:23,https://www.douyin.com/user/MS4wLjABAAAAyzLdFACZ65_5sRAn4UnbbiOMhepE0afa1-7Mb7ZGl4q1SpaGr4Ddy22zpu4MwbOa,普外科张医生,1年前
喝水可以饱腹吗？#喝水 #减重 #肥胖 @抖音小助手,https://www.douyin.com/video/7000948086247869696,408,00:35,https://www.douyin.com/user/MS4wLjABAAAAn44NR08H4969FJehEqPL-hBzOSI1xovT1ObQ-WEvumfTMYJvQAYMWLZY0NvWXPdd,胃肠外科王志凯,3月前
"痰湿引起结节、息肉、囊肿,中医辨析病因病机#健康科普 #中医 #结节 #息肉 ",https://www.douyin.com/video/6991354161799384351,2.0w,01:11,https://www.douyin.com/user/MS4wLjABAAAANSxJnoiMK1pn9_2oExDJrJ-zkHwbFgVZNVzWKQXuDqE,肿瘤专家储真真教授,4月前
饥饿减肥，减掉的是肌肉，留下的是脂肪，把你的基础代谢率都减掉了，反弹更快！#减肥 #医院 #医生,https://www.douyin.com/video/6897141867503193356,2593,00:17,https://www.douyin.com/user/MS4wLjABAAAAKPaaexAufLUJg8THbc-nEQLLL6T76BC594xcuNsx4oY,孟化医学在线,1年前
准妈妈们有这样的疑惑吗？每次去医院医生都要求做尿检…原来这些个指标都和宝宝有关哦#女性 #健康 #孕妇,https://www.douyin.com/video/6817753004494572800,49,00:48,https://www.douyin.com/user/MS4wLjABAAAApBaEohXTgh7CDeV0FB35ALslgiUOPsDqCnbxRN48kJ0MJMTKq6FJIzn4Oz1PCXdM,浙江妇幼中心,1年前
吃素为什么血脂还是居高不下？#健康 #亮出你的元气值 #胃我养你啊,https://www.douyin.com/video/6733471867908263180,8,00:51,https://www.douyin.com/user/MS4wLjABAAAA6YsHALHAEu5oX02-MIq_jSabxcKu4oadEfyLu5yLemA,全民健康学院,2年前
#南方健康反式脂肪酸，谁碰谁受伤。#健康科普  #育儿,https://www.douyin.com/video/6916068753386032397,46,00:40,https://www.douyin.com/user/MS4wLjABAAAAPxQbkg7Fyjkpu1QxlPKkxnb0eSpQUkv0gqcUj7vdE90,陈医生说怀孕,11月前
#脂肪肝只要控制好体重就可逆#医学科普#dou出新知#学霸秘籍@抖音小助手,https://www.douyin.com/video/6844887218595564813,20.2w,00:21,https://www.douyin.com/user/MS4wLjABAAAAA1AIi58aJKzRz7T8EsHY0SOOVJozzM-0sKfQ4PoqX2cm9VgRCd9uEUoRL8M0SPH9,医生妈妈王氏,1年前
#减肥 #周刊君说 #政媒原创作者联盟,https://www.douyin.com/video/6998462240399625502,696,01:37,https://www.douyin.com/user/MS4wLjABAAAAVyNkRXTaoSpq4n3TgoQpAX-VnuSfAazbD8UaBHg7RWo,中国新闻周刊,3月前
减重减脂#减重 #减脂 #哈尔滨减重 @DOU+小助手,https://www.douyin.com/video/6921652657325165839,409,01:29,https://www.douyin.com/user/MS4wLjABAAAAqfHkuBx3PzTA_hVwBg0Gl2t9UHcc4Z0TRttQMMIx_JA,减重专家徐东升医生,10月前
蛋白质！蛋白质！蛋白质！重要的事情说三遍 #减肥 #体重管理 #我为医者,https://www.douyin.com/video/6849493848062790920,5929,03:00,https://www.douyin.com/user/MS4wLjABAAAAPjEMcBcE1Tf84nDeaem5ecVuT0vhn4uqj3zBEeHVZl0,减重外科姚琪远主任,1年前
脂肪肝不抓紧治疗，别因小失大，这些疾病找上门几率超乎常人,https://www.douyin.com/video/6967284481346637067,5,02:07,https://www.douyin.com/user/MS4wLjABAAAAau0ZwINgBOBhiQkH2-b9NnKtRU3xTpDRAfPBWMunVHk,尚医健康,3年前
肥胖的朋友脂肪是堆积在身体里面的，连脂肪细胞都变大了，像吹气球一样变大，你想瘦几斤？#健康科普 #医学科普 #减脂 #健康减脂 #减重手术 #减肥 #减重 ,https://www.douyin.com/video/7021706594098466079,44,00:10,https://www.douyin.com/user/MS4wLjABAAAAqE7ONRfjb5lRnNAC5M-acnV7JrSFEb2IYkbSrnY10Uio2NbCEwNN_5Gx0FkeLXYc,武大人民-减重-罗建飞主任,1月前
存在肥胖并发症，酌情提高手术推荐等级。戴口罩，勤洗手，就是对医护人员最大的支持！#减重手术 #剪出幸福年,https://www.douyin.com/video/6785105896293928199,367,00:41,https://www.douyin.com/user/MS4wLjABAAAAmhebMiFUNM2SY1QoshDws-JhGbMUEW0agjs8zXLuz94,减重手术医生孙许龙,1年前
抽zhi会不会#反弹，听听#医生的#减脂原理，看完再下决定！#护肤美容,https://www.douyin.com/video/6859629161238121741,1276,00:51,https://www.douyin.com/user/MS4wLjABAAAAaQ2uXhb-yZiJdF1RNz91dmHpL_DIurM8soCqjqzUD5aeFGWpNuad8Jyla308hToX,八大处 解芳,1年前
瘦子是不是一定没有脂肪肝？#医学科普 #健康科普 #脂肪肝 #胖子胖子 #减肥等同于减脂肪肝么,https://www.douyin.com/video/6880402091840425224,213,00:54,https://www.douyin.com/user/MS4wLjABAAAAMncDv689NgXx6d6F1j_-w0Ozoh8GcEmDCvJXSCu6bQY,胡博文 肝胆医生,1年前
#医生,https://www.douyin.com/video/6820682468346170631,2.2w,01:24,https://www.douyin.com/user/MS4wLjABAAAAaG3-ZRyXBz7CCe_JPITwtKTsolPTXThcspYIQz45XPg,新疆逆龄努医生,1年前
人到中年，无论男女都容易发福，这跟激素水平下降，人体基础代谢率以及活力减退有关，需调整心态和生活方式,https://www.douyin.com/video/6963200939872242984,4660,01:30,https://www.douyin.com/user/MS4wLjABAAAA9RVMAniSbxko7MNl5n9UYjAOefJAaHoaz_mKTcuxHu4,北方健康,6月前
减肥后人体的变化#健康 #减肥 ,https://www.douyin.com/video/7017666206241000734,1444,00:07,https://www.douyin.com/user/MS4wLjABAAAAuH-NYcMSduwj5fCzHR2f60xoqLpJoERlfkkqwep8A4sAf2kqOA26IAUoqw_IjSAP,中医减肥专家吴义春博士,2月前
血脂高，看清楚哪项高 @DOU+小助手,https://www.douyin.com/video/6904935670955969795,1.1w,00:47,https://www.douyin.com/user/MS4wLjABAAAAGVVmlvrS5AX1CnKAzUy00AUVj4t1W9aP94l7qI2bUWI,陈晨脑科医生,1年前
如何治疗bo起功能障碍，能标本兼治？#医学科普 #男性 #涨知识,https://www.douyin.com/video/6946361695258397988,1860,01:13,https://www.douyin.com/user/MS4wLjABAAAAtI7hf6g009prYYx_wZT66NUt4xVBzxFPPT9XNzow8Bc,男科高勇医生,8月前
#青少年肥胖 #减重手术 ,https://www.douyin.com/video/6982926526920559908,4.6w,00:14,https://www.douyin.com/user/MS4wLjABAAAAFarcXizVAiaXEjit0ufIhsgn9lX8Hpnk4ND8HKPyDVGsKKGt3uLAgikxJVsnNYYW,荆门减重上官主任,5月前
毛病一箩筐的大肚子。#减重手术,https://www.douyin.com/video/7022551619611004191,5.3w,00:25,https://www.douyin.com/user/MS4wLjABAAAAWQD4QrP__13V0bq9C0WqS279DEMPtocBxrFGrptb8mWkAwpiHOdtR8zELxrugPM3,医学减重专家刘雁军,1月前
生活中哪些习惯会引起脂肪肝呢？ #医学科普  #脂肪肝  #健康  #医院  #生活习惯  #医学小知识,https://www.douyin.com/video/6886016774970543367,122,00:50,https://www.douyin.com/user/MS4wLjABAAAA5PVwG0CPQ1JEVnXmwq86P0i1FbXhE1t_Iz--G1ISDQo,福建医科大学孟超肝胆医院,1年前
还不知道#胃折叠对于#代谢综合征是否有缓解效果？你可能错过一个重获健康的机会。#减重手术#袖状胃#胃旁路,https://www.douyin.com/video/6920885350298684685,143,00:25,https://www.douyin.com/user/MS4wLjABAAAAPjEMcBcE1Tf84nDeaem5ecVuT0vhn4uqj3zBEeHVZl0,减重外科姚琪远主任,10月前
#减重 #涨知识了 今晚九点直播间在线#问题解答 ,https://www.douyin.com/video/7028481674212134180,5572,00:44,https://www.douyin.com/user/MS4wLjABAAAAtR1VByr38eMGQiWv-7e1tnX5sI9FIXcaMFH8KspuTq5lrTlp9kMpcn4zH9s7N9RS,肥胖与代谢科李辉主任（直播中）,1月前
19岁，300多斤，黑棘皮症，高胰岛素，胰岛素抵抗。大家说说有其他什么好办法？#肥胖 #减重代谢手术,https://www.douyin.com/video/6888633465298767116,1091,00:33,https://www.douyin.com/user/MS4wLjABAAAA2uebU1ZNTDQCJQKB-4_kVNsoYU1HQ_FpRM6totQj6Og,减重代谢手术喜哥,1年前
呼吸暂停综合症+脂肪肝，做什么样的手术更合适？#减重医生殷国志 #西安减重 #减重代谢手术 #袖状胃手术 @抖音小助手 #医学科普 #健康科普 ,https://www.douyin.com/video/7006114153924414727,49,01:11,https://www.douyin.com/user/MS4wLjABAAAA0UrW-yx3wIvC9vhQs_Q5l8zG7nj5FcsJKDxG0NZmuNU,西安减重医生殷国志,3月前
造成 #胎停育 的发生不是单方面一个原因，是有多方面原因的！ #怀孕  #胎停备孕  ,https://www.douyin.com/video/6979505993298234637,259,00:57,https://www.douyin.com/user/MS4wLjABAAAAXEpWBVOjLKZf0kDybQABCxpSPWbqxZSMo_FxaqmbkSg89gcVyEXJ6tOqTtnUwNK7,何巧花教授,5月前
#脂肪肝 #重视脂肪肝 ,https://www.douyin.com/video/7011873996014734606,2554,00:31,https://www.douyin.com/user/MS4wLjABAAAA2uebU1ZNTDQCJQKB-4_kVNsoYU1HQ_FpRM6totQj6Og,减重代谢手术喜哥,2月前
减重代谢手术后体重会下降的什么程度#减重手术 #健康 #糖尿病 ,https://www.douyin.com/video/7001340778249211143,361,00:45,https://www.douyin.com/user/MS4wLjABAAAAMTXOGc102peTFUZ9SH7jDbWDAtvCjNjEW0sQOAp2VfowJkIFVx4dqvBKpJHxy-i_,张能维医生,3月前
富贵包是肥胖引起的吗？#富贵包 #肥胖 #健康 @抖音健康 @健康中国 ,https://www.douyin.com/video/7000639699320704292,316,00:43,https://www.douyin.com/user/MS4wLjABAAAA7ZTJMd-PpUdDni8-8BXk625NLMq0mq4WIBpFTF32O-jR_MA5ZyoWhxUpw0fBFOx3,郭向飞医生,3月前
脂肪长在哪里最危险？#健康 #暑期知识大作战,https://www.douyin.com/video/6857712993115868424,80,00:37,https://www.douyin.com/user/MS4wLjABAAAAlCxWfvdGFEOP1gsh5bIiR_4vN9JHTHkZHoQ5Mo1KT_lxPi33K29JQQ9Ovvq2O_1A,张涛医生说肝,1年前
#运动 #降尿酸 #健康养生 ,https://www.douyin.com/video/7038891604001721631,1098,00:55,https://www.douyin.com/user/MS4wLjABAAAAI1YvXStvK5nHhEC1bnrPfLh2UmzZOt_V3M7-kD6DG-eXxZYQ-4A_Pu-itRfFpNP1,风湿科博士周新尧,5天前
瘦的人为什么不能做#减重代谢手术？ #减重 #减重手术 ,https://www.douyin.com/video/7031060079872953638,187,00:22,https://www.douyin.com/user/MS4wLjABAAAA4DNLulO6SQlIwEV5TiDaXGBEVKow8n6lUCQmCdyA1LUPpaIxdUROTOmsgfN7ctuf,减重代谢温较瘦,3周前
学会 #高蛋白饮食 ，减肥也不是很难嘛！#饮食 #减肥 #减重手术 ,https://www.douyin.com/video/7005150181138156836,187,00:33,https://www.douyin.com/user/MS4wLjABAAAAPD-34FUKu_zm9BTz92k0i1l7b_7G9IsmuyrGae663w4,张建成,3月前
肥胖的对肝脏的危害。#肥胖 #肝炎 #减重代谢手术 #科普 @抖音小助手,https://www.douyin.com/video/6863679019515137292,1657,00:52,https://www.douyin.com/user/MS4wLjABAAAA2uebU1ZNTDQCJQKB-4_kVNsoYU1HQ_FpRM6totQj6Og,减重代谢手术喜哥,1年前
#脂肪肝 #健康科普,https://www.douyin.com/video/6939847427050556705,9301,00:56,https://www.douyin.com/user/MS4wLjABAAAAz-9S0p_1K6kvEQr9Oi9VNmf_I3ygD4HzCMA-5ycC7hg,肿瘤科王芳医生,8月前
肥胖的原因非常复杂，希望大家养成好习惯，预防为主！健康中国，远离肥胖！#肥胖 #多囊卵巢综合征 #糖尿病 #减重代谢手术 ,https://www.douyin.com/video/7018137137124052231,4014,00:57,https://www.douyin.com/user/MS4wLjABAAAA2uebU1ZNTDQCJQKB-4_kVNsoYU1HQ_FpRM6totQj6Og,减重代谢手术喜哥,2月前
很多人为了减肥不吃肉，这样会导致缺铁等营养不良，同时蛋白质摄入不足，反而可能增加脂肪肝发病风险,https://www.douyin.com/video/7013891351603465472,2049,00:48,https://www.douyin.com/user/MS4wLjABAAAA9RVMAniSbxko7MNl5n9UYjAOefJAaHoaz_mKTcuxHu4,北方健康,2月前
很多胖友啊～都是被脂肪细胞打败了才来寻求我们的帮助。#减重手术 #减肥 #上热门,https://www.douyin.com/video/6933112649207123207,1535,01:08,https://www.douyin.com/user/MS4wLjABAAAAWQD4QrP__13V0bq9C0WqS279DEMPtocBxrFGrptb8mWkAwpiHOdtR8zELxrugPM3,医学减重专家刘雁军,9月前
清明踏青也别吃胖！选择这类食品可以辅助维持身材哦！ #科普  #健康,https://www.douyin.com/video/6947211668728335653,3145,00:30,https://www.douyin.com/user/MS4wLjABAAAAbu6IlXnInbzcMl2efNmegiWUrOXeUQi6vIgh3pXyTa4,凤凰大健康,8月前
你看起来很瘦，也有可能被脂肪肝“盯上”@DOU+小助手 @抖音小助手,https://www.douyin.com/video/6892923689885584647,716,00:57,https://www.douyin.com/user/MS4wLjABAAAA9BoUj5V8BAnPRzyewUVbTcEA_OIcucBkmfDFNBqKTJY,lntv健康一身轻,1年前
焦作第三人民医院官方抖音号——守护健康，为您护航！！！,https://www.douyin.com/video/6830998228910017800,22,00:33,https://www.douyin.com/user/MS4wLjABAAAAL_llPyMHn5Fo5rm0S9Pm-jDgsBrUX-ftYSLqYbUOTzrE6OC-7082pAmpmYr2u495,焦作市第三人民医院,1年前
又见严重黑棘皮症，是胰岛素抵抗、高胰岛素血症的表现 #黑棘皮病  #肥胖  #减重代谢手术  @孟化医学在线,https://www.douyin.com/video/6945721599320427812,3.8w,00:34,https://www.douyin.com/user/MS4wLjABAAAA2uebU1ZNTDQCJQKB-4_kVNsoYU1HQ_FpRM6totQj6Og,减重代谢手术喜哥,8月前
#痛风又称富贵病，现在生活条件越来越好，痛风反而越来越年轻化，数量也越来越多，想避免痛风，请警惕这4点#高尿酸,https://www.douyin.com/video/6937574358827158814,158,00:55,https://www.douyin.com/user/MS4wLjABAAAA4r7LT2JGQjQBRBxg-CLbbYL_IrH72hAIbbgPEQc377g,中医李自全主任,9月前
想要减肥，应详细了解导致肥胖的根本原因#今日健康真相馆 #医者名片,https://www.douyin.com/video/6900930344225082624,963,00:21,https://www.douyin.com/user/MS4wLjABAAAAfQCTatw5QD8xmRxWyzSx69EFg9V7RdyJXHaOlsX7BLw,何懿医生,1年前
脂肪肝的危害不仅仅在肝脏，其实更大的危害在于心脑血管的风险。#脂肪脂肪 #重视脂肪肝 #健康养生 @DOU+小助手 ,https://www.douyin.com/video/7020404794904923406,2243,00:29,https://www.douyin.com/user/MS4wLjABAAAAoZF-jPFJcMSeF102XgNbyjOrYknApfTGW-_ZWzfHwkasQgru7YuTJQZx050ekz3z,中医王雅,1月前
今天的视频有点长全是干货，希望大家认真看完。#多囊 #怀孕 #减肥 ,https://www.douyin.com/video/6997698498032454926,1.2w,03:26,https://www.douyin.com/user/MS4wLjABAAAAetrO0o45zw6xC5TlNDZo_yOaZ5JLfc5Gh_DZTX7nGts,妇产科刘义,3月前
#低碳饮食 的好处，你知道几个？#健康 #科普健康 ,https://www.douyin.com/video/7026629224052182308,7.3w,00:39,https://www.douyin.com/user/MS4wLjABAAAAtR1VByr38eMGQiWv-7e1tnX5sI9FIXcaMFH8KspuTq5lrTlp9kMpcn4zH9s7N9RS,肥胖与代谢科李辉主任（直播中）,1月前
脂肪肝最怕的竟然不是脂肪？#重视脂肪肝 #科普 ,https://www.douyin.com/video/6984302381718687006,4.2w,01:22,https://www.douyin.com/user/MS4wLjABAAAAd2SoOO020RyRJI8wJGJt5oH8CwqixxAQmd7138DMSZo,丁香医生,4月前
体重指数52.7，极重度肥胖，重度睡眠呼吸暂停并二型呼衰，明天几台减重代谢手术，她安排在第一台。,https://www.douyin.com/video/6769874248564624648,6359,00:15,https://www.douyin.com/user/MS4wLjABAAAA2uebU1ZNTDQCJQKB-4_kVNsoYU1HQ_FpRM6totQj6Og,减重代谢手术喜哥,1年前
脂肪肝要注意什么？#减肥 #减脂 #减重 ,https://www.douyin.com/video/7027726356045696286,293,00:30,https://www.douyin.com/user/MS4wLjABAAAA4DNLulO6SQlIwEV5TiDaXGBEVKow8n6lUCQmCdyA1LUPpaIxdUROTOmsgfN7ctuf,减重代谢温较瘦,1月前
#健康 #胖 有哪些危害？超重可一定要注意！,https://www.douyin.com/video/6759090763759471886,357,00:21,https://www.douyin.com/user/MS4wLjABAAAA2uebU1ZNTDQCJQKB-4_kVNsoYU1HQ_FpRM6totQj6Og,减重代谢手术喜哥,2年前
肝胆外科医学博士教你运动改善 #脂肪肝！左下方“完整版”  #运动  #马拉松 ,https://www.douyin.com/video/6731956507950288142,1487,05:08,https://www.douyin.com/user/MS4wLjABAAAAM_0q2GnHrpnSXdzji0NqAdhNGVzhRJy5jKBYRiT7e1M,人卫约健康,2年前
xue脂过高，应该如何控制饮食？,https://www.douyin.com/video/6777276010174909711,948,00:40,https://www.douyin.com/user/MS4wLjABAAAAM_0q2GnHrpnSXdzji0NqAdhNGVzhRJy5jKBYRiT7e1M,人卫约健康,1年前
第2集｜大众科普。肥胖是万病之源，减重改善的不仅仅是体重，更能大大降低疾病风险……#医生 #减重代谢 #仁心医生,https://www.douyin.com/video/6998339156871056644,32,00:30,https://www.douyin.com/user/MS4wLjABAAAAPePsUtxJyGMkMpUvsJQT8I_lL4IdX3m44knvuwmTrxZWxskXoLwZy3cLkvVKJnMT,安医大二附院胃肠与减重代谢外科贾医生,3月前
治疗 #脂肪肝，单靠加大运动，其实作用不大，还得#调整饮食结构。#健康 ,https://www.douyin.com/video/6982824018084711716,3348,00:36,https://www.douyin.com/user/MS4wLjABAAAAvtqZQoh09CXUOtnMotwM1WQu6_qnon1MLW2pEEsgjLD2eb9e-lcBRghA8sCGDVEi,中山一院教授张诗军,5月前
#减重代谢手术 中国减重代谢疾病外科发展二十年采访录制花絮,https://www.douyin.com/video/6999802183231311135,192,00:11,https://www.douyin.com/user/MS4wLjABAAAAAQ9BGns-P2-IdKfZY7YQDXmJ7_fcf-pYGXv01Z8U-QU,王勇教授,3月前
甘油三酯和胆固醇增高或者减少都对身体有影响，那么#血脂 的正常参考值是多少？#四川 #科普,https://www.douyin.com/video/6946460550708645161,8.7w,01:41,https://www.douyin.com/user/MS4wLjABAAAAUycHibd1unHjpguOgVbBdVPD5wcJPYa0JYCPnE-cIirvBvPsqwbhG1tZ3My5O4Us,神外甘博士,8月前
为什么有些人减肥，会越减越肥。减去负重，享“瘦”人生，减肥是一个持之以恒的过程#健康 #减重手术#肥胖,https://www.douyin.com/video/7019214600973438239,96,00:15,https://www.douyin.com/user/MS4wLjABAAAAMTXOGc102peTFUZ9SH7jDbWDAtvCjNjEW0sQOAp2VfowJkIFVx4dqvBKpJHxy-i_,张能维医生,1月前
你知道脂肪变化的阶段吗？带你来看看你的脂肪是怎么变化的.#脂肪 #漂亮  #女性 #我要上热门,https://www.douyin.com/video/6884505828846521607,123,00:20,https://www.douyin.com/user/MS4wLjABAAAASoTFmLs7DHPu9i88F1PhKAnUjS_XHtQoTNQsfDNPRkdgtlYcyRIl6jCdNjgl9B6r,刘翔宇医生,1年前
减重代谢联合妇科同时进行。#肥胖 #多囊卵巢综合征#减重代谢手术 ,https://www.douyin.com/video/7005198611533368588,299,00:25,https://www.douyin.com/user/MS4wLjABAAAA2uebU1ZNTDQCJQKB-4_kVNsoYU1HQ_FpRM6totQj6Og,减重代谢手术喜哥,3月前
虽然脂肪细胞数量是固定的，但 #抽脂 后得控制饮食，否则脂肪会膨胀 #脂肪  #减肥  #减脂  #星姐美学说,https://www.douyin.com/video/6948373703486967076,16,00:11,https://www.douyin.com/user/MS4wLjABAAAA8P1qMQrFFMHp-t3Z90ln5-9JK2MzI6oPybeSnqt6jRE,魏星医生,8月前
肥胖的三个阶段#医学科普 #哈尔滨减重 #减脂 #减重 #减肥小知识 @DOU+小助手 @减重个案管理,https://www.douyin.com/video/6923436988427193600,93,01:35,https://www.douyin.com/user/MS4wLjABAAAAqfHkuBx3PzTA_hVwBg0Gl2t9UHcc4Z0TRttQMMIx_JA,减重专家徐东升医生,10月前
你长胖不是因为脂肪细胞变多了，而是因为脂肪细胞宝宝长大了，成为脂肪姐姐了！#医学科普 #健康科普 #细胞 ,https://www.douyin.com/video/7037378519600467204,1309,00:10,https://www.douyin.com/user/MS4wLjABAAAAqE7ONRfjb5lRnNAC5M-acnV7JrSFEb2IYkbSrnY10Uio2NbCEwNN_5Gx0FkeLXYc,武大人民-减重-罗建飞主任,1周前
#胆固醇 #健康科普 #血脂高 ,https://www.douyin.com/video/7009782580413320481,1.4w,01:44,https://www.douyin.com/user/MS4wLjABAAAAeSYHLpn__d6lr0PdHIMsfc4SsjGjM76zhwyiZbUl2W7vsAKxl-tBDP8rhjdQ1Qrs,心脏科医生张晶 脱口秀,2月前
出现这六个征兆，表示肾功能下降#这个视频有点料 #健康 #科普 @肾内科陈舟医生 @抖音小助手 @南方健康,https://www.douyin.com/video/6849308981526056204,2039,00:58,https://www.douyin.com/user/MS4wLjABAAAAyUYSI-jS6EXKebiIDJb10RITQ7iK_hHGnBy6gJaSxHg,李青大夫,1年前
减肥需要注意什么 @震洋健康  @减重代谢外科罗衡桂教授 #健康科普,https://www.douyin.com/video/6974304811361504525,6,00:42,https://www.douyin.com/user/MS4wLjABAAAAvCx4jLS3YTFDWwFcpZokLdcHxoXUgTa_jEvKHFtEbJ4NqI15j6OPD9ZC2bv0AXET,普外科陈伟医生,5月前
脂肪消失后人体的变化#减脂,https://www.douyin.com/video/7012849731541994782,2.8w,00:09,https://www.douyin.com/user/MS4wLjABAAAAOsbvqT_M1hx4PwO3pcnWgogZQXvPseZO5Or0rUWrFYaxCQHRChhRK2lPh4mp0ZWI,中医内分泌科专家卫兰香,2月前
板油见过吗？#诊室日常 #减脂 ,https://www.douyin.com/video/6999564631626829086,1.2w,00:49,https://www.douyin.com/user/MS4wLjABAAAAspZc2xPSB4MKCpCK0DOGDMa3pqVqn0QfixMB6u26uxg,童医生叫你减肥啦！,3月前
让你拥有易瘦体质第二步：燃烧你的卡路里,https://www.douyin.com/video/6826321144648420620,317,01:16,https://www.douyin.com/user/MS4wLjABAAAA9_q2mZaZ3IeUYtM8iKt8uKFBls21sJqvwSt-e32I5mM,中南大学湘雅医院,1年前
#血脂 调脂葯系列科普（36） 坚持规律运动八大健康益处 @南方健康,https://www.douyin.com/video/6839155346603248903,1.8w,02:01,https://www.douyin.com/user/MS4wLjABAAAAtuDOOW5KSrm2TaKAVU2Vp2smhvaSSqlbGqD6Q-f3YtQ,神经内科宋璞医生,1年前
#脖子黑 要小心是#肥胖引起的黑棘皮征 可能是#糖尿病 前兆@营养师小君叫你减肥啦！ #肥胖与代谢科李辉主任 ,https://www.douyin.com/video/7018851695014792478,531,00:32,https://www.douyin.com/user/MS4wLjABAAAAtR1VByr38eMGQiWv-7e1tnX5sI9FIXcaMFH8KspuTq5lrTlp9kMpcn4zH9s7N9RS,肥胖与代谢科李辉主任（直播中）,1月前
BMI大于32.5就可以考虑减重代谢手术了#减重 #瘦身 #肥胖 ,https://www.douyin.com/video/7012168702812556552,297,00:37,https://www.douyin.com/user/MS4wLjABAAAAPD-34FUKu_zm9BTz92k0i1l7b_7G9IsmuyrGae663w4,张建成,2月前
"32岁女性#脂肪肝 ,#减肥 后...竟然...#锻炼锻炼  ",https://www.douyin.com/video/7012132269028543781,1132,00:30,https://www.douyin.com/user/MS4wLjABAAAAtR1VByr38eMGQiWv-7e1tnX5sI9FIXcaMFH8KspuTq5lrTlp9kMpcn4zH9s7N9RS,肥胖与代谢科李辉主任（直播中）,2月前
为什么中年女性会发胖#哈尔滨减重 #医学科普 #减脂 #减重,https://www.douyin.com/video/6932030885789240591,954,01:00,https://www.douyin.com/user/MS4wLjABAAAAqfHkuBx3PzTA_hVwBg0Gl2t9UHcc4Z0TRttQMMIx_JA,减重专家徐东升医生,9月前
#协和韩冰医生 贫血能通过运动改善吗？#血液病 #医学科普 ,https://www.douyin.com/video/7013518186830171429,131,00:53,https://www.douyin.com/user/MS4wLjABAAAAbTAzoeV9NokZOH_3df7v-76JfhPgQvRg8qlD1ArQ7rI,协和血液科韩冰医生,2月前
碳水化合物对减肥的重要性：断碳——减肥最大的深渊巨坑 #袖状胃 #体重管理,https://www.douyin.com/video/6852589072901344526,3625,05:00,https://www.douyin.com/user/MS4wLjABAAAAPjEMcBcE1Tf84nDeaem5ecVuT0vhn4uqj3zBEeHVZl0,减重外科姚琪远主任,1年前
从今天开始少吃一碗米饭，那么35天你才能减掉1kg的纯脂肪#减脂 #科普  @徐扬阳生活号,https://www.douyin.com/video/6955660326377377061,972,01:32,https://www.douyin.com/user/MS4wLjABAAAAIyntXQW5prS3875me49fEGWyUNYBCH0YuqOewkGa6u351lVi5VxdRTzTwlsMiOYU,脂肪教授徐扬阳,7月前
挨饿减不了肥哦！#减重 #减肥 #瘦身 #肥胖 ,https://www.douyin.com/video/7029587973045800203,1585,00:13,https://www.douyin.com/user/MS4wLjABAAAAPD-34FUKu_zm9BTz92k0i1l7b_7G9IsmuyrGae663w4,张建成,4周前
想知道你的#脂肪 是如何变没的吗？快来看看吧！#dou出新知 #科普,https://www.douyin.com/video/6917451879853116679,6172,00:28,https://www.douyin.com/user/MS4wLjABAAAAaQ2uXhb-yZiJdF1RNz91dmHpL_DIurM8soCqjqzUD5aeFGWpNuad8Jyla308hToX,八大处 解芳,10月前
你的肝是怎样被一步步伤害的？#重视脂肪肝 #科普 ,https://www.douyin.com/video/6984302349443517732,4603,01:27,https://www.douyin.com/user/MS4wLjABAAAAd2SoOO020RyRJI8wJGJt5oH8CwqixxAQmd7138DMSZo,丁香医生,4月前
#胰岛素抵抗 #肥胖 ,https://www.douyin.com/video/7006246255290486053,5689,01:01,https://www.douyin.com/user/MS4wLjABAAAAtR1VByr38eMGQiWv-7e1tnX5sI9FIXcaMFH8KspuTq5lrTlp9kMpcn4zH9s7N9RS,肥胖与代谢科李辉主任（直播中）,3月前
胰岛素和肥胖的关系#胰岛素 #减肥 #医学科普 ,https://www.douyin.com/video/6992462937315134756,2497,01:18,https://www.douyin.com/user/MS4wLjABAAAAtR1VByr38eMGQiWv-7e1tnX5sI9FIXcaMFH8KspuTq5lrTlp9kMpcn4zH9s7N9RS,肥胖与代谢科李辉主任（直播中）,4月前
#健康科普 #医生 #涨知识 节食JF会诱发月旦结石吗?,https://www.douyin.com/video/7035910513485810958,9,00:44,https://www.douyin.com/user/MS4wLjABAAAAAsYtzZvpejTmgqObuIvFCHt8dYNu-Wpsco7zCL5pVpo,李建军医生,1周前
#健康中国 #肥胖 很多人的经历和她相同。,https://www.douyin.com/video/6830708044658167044,938,01:46,https://www.douyin.com/user/MS4wLjABAAAA2uebU1ZNTDQCJQKB-4_kVNsoYU1HQ_FpRM6totQj6Og,减重代谢手术喜哥,1年前
第298篇，不吃药降脂的四个办法，记得双击保存哈！#云上科普日 @全国科普日,https://www.douyin.com/video/6866574016807701764,2693,00:53,https://www.douyin.com/user/MS4wLjABAAAAGVVmlvrS5AX1CnKAzUy00AUVj4t1W9aP94l7qI2bUWI,陈晨脑科医生,1年前
孟大夫说，这个跟肥胖有关，我相信，术后半年就会好了，患者半年来复查，怎么样了呢？#减重代谢手术,https://www.douyin.com/video/6953184868964568353,1072,00:39,https://www.douyin.com/user/MS4wLjABAAAAKPaaexAufLUJg8THbc-nEQLLL6T76BC594xcuNsx4oY,孟化医学在线,7月前
长胖40斤后月经就不正常了！#减重手术 #多囊 #肥胖,https://www.douyin.com/video/7010595901525757192,404,00:43,https://www.douyin.com/user/MS4wLjABAAAAWQD4QrP__13V0bq9C0WqS279DEMPtocBxrFGrptb8mWkAwpiHOdtR8zELxrugPM3,医学减重专家刘雁军,2月前
为什么你减肥容易反弹，因为是胰岛素#减肥  #胰岛素  #健康减脂,https://www.douyin.com/video/6953930934060207374,11.8w,00:46,https://www.douyin.com/user/MS4wLjABAAAAtR1VByr38eMGQiWv-7e1tnX5sI9FIXcaMFH8KspuTq5lrTlp9kMpcn4zH9s7N9RS,肥胖与代谢科李辉主任（直播中）,7月前
重度脂肪肝应该怎么办,https://www.douyin.com/video/6967279497129233702,131,02:25,https://www.douyin.com/user/MS4wLjABAAAAau0ZwINgBOBhiQkH2-b9NnKtRU3xTpDRAfPBWMunVHk,尚医健康,2年前
#脂肪肝 严重吗？#医学科普 #健康 #肝病 #暑假知识大作战 @抖音小助手,https://www.douyin.com/video/6872917524996984068,794,00:51,https://www.douyin.com/user/MS4wLjABAAAA2qaVxzuHTSch968ewieL-bgdo9yfv-pSlPEREXKFyzde9p5DfKqMin7P5kZ8DaS4,黄叔 论肝,1年前
震惊！吃素竟然也能血脂高！#血脂 #吃素 #健康dou起来 #健康科普 #降脂,https://www.douyin.com/video/6882553583380876559,2442,00:44,https://www.douyin.com/user/MS4wLjABAAAAbu6IlXnInbzcMl2efNmegiWUrOXeUQi6vIgh3pXyTa4,凤凰大健康,1年前
如何给脂肪肝“瘦瘦身”呢?#医学科普 #dou出新知 ,https://www.douyin.com/video/6983174665959181582,4939,01:03,https://www.douyin.com/user/MS4wLjABAAAAy6E9c63Salc6LZCp2K3fvaO-e8FuLGj5eozrtNLj6iI,肝病科刘燕玲教授,5月前
瘦体重包括肌肉和骨骼，瘦体重比例越高，影响我们的基础代谢率。#减重 #乳清蛋白,https://www.douyin.com/video/6822034422615772420,1061,00:28,https://www.douyin.com/user/MS4wLjABAAAA2uebU1ZNTDQCJQKB-4_kVNsoYU1HQ_FpRM6totQj6Og,减重代谢手术喜哥,1年前
减重代谢手术的风险#减重手术 #减肥 #健康,https://www.douyin.com/video/6933138458034687243,200,00:38,https://www.douyin.com/user/MS4wLjABAAAAMTXOGc102peTFUZ9SH7jDbWDAtvCjNjEW0sQOAp2VfowJkIFVx4dqvBKpJHxy-i_,张能维医生,9月前
脂肪是如何燃烧的，掌握这几个技能，减肥就变得容易一些#健康科普 #减脂  @徐扬阳生活号,https://www.douyin.com/video/6963896759584034084,282,00:49,https://www.douyin.com/user/MS4wLjABAAAAIyntXQW5prS3875me49fEGWyUNYBCH0YuqOewkGa6u351lVi5VxdRTzTwlsMiOYU,脂肪教授徐扬阳,6月前
"今晚10月29日7:30直播,欢迎粉丝们来交流哇@减肥营养师小君 #减重 #瘦 ",https://www.douyin.com/video/7024439748957670687,923,00:58,https://www.douyin.com/user/MS4wLjABAAAAtR1VByr38eMGQiWv-7e1tnX5sI9FIXcaMFH8KspuTq5lrTlp9kMpcn4zH9s7N9RS,肥胖与代谢科李辉主任（直播中）,1月前
一天瘦一斤，高兴吗？#减重#减脂#哈尔滨减重@减重个案管理,https://www.douyin.com/video/6917520938951052559,1559,01:00,https://www.douyin.com/user/MS4wLjABAAAAqfHkuBx3PzTA_hVwBg0Gl2t9UHcc4Z0TRttQMMIx_JA,减重专家徐东升医生,10月前
长的胖竟然也是一种病？！#馋嘴后悔药 #减肥 #知识创作人,https://www.douyin.com/video/6891193756129758471,1.9w,00:56,https://www.douyin.com/user/MS4wLjABAAAAVwzq0rupDgARCEALsMeaCK5guRPpIKOsU09SYxkjyYLxFdI12VCl50nkFwXv0UI6,妇产科李主任,1年前
能够带来减肥最有效的方法，低碳饮食也称低碳医学#健康真相官 #医者名片 #减肥,https://www.douyin.com/video/6896063486820994316,3.4w,00:24,https://www.douyin.com/user/MS4wLjABAAAAnvdTSZaBKyYd6JAFxc7m0FrBsxGUZoUMCHTCqtIOjJZHPCU-URJDE1ypr6bZfDKF,神经外科杨波教授,1年前
肥胖 会导致功能下降吗？,https://www.douyin.com/video/6811080310210481421,413,00:18,https://www.douyin.com/user/MS4wLjABAAAA2uxTlj-g1lRtzLL6-mzXMIX5W_HNoSl6LYTwdG4vBvE,男科钟宇医生,1年前
什么是限能量平衡膳食减肥法？#减肥 #天儿冷吃点啥 #ni看起来很好吃,https://www.douyin.com/video/6767909192809417997,1.5w,01:59,https://www.douyin.com/user/MS4wLjABAAAAFGjc-yWHSxgrY900fcAXhFGnPj4OThBhCrv5XNcr_As,医学减重专家陈伟,2年前
运动减肥绝不是光走走就可以，上肢运动也很重要。#健康 #医学科普 #医生 #减肥,https://www.douyin.com/video/6900128268570135811,2.9w,00:51,https://www.douyin.com/user/MS4wLjABAAAAKPaaexAufLUJg8THbc-nEQLLL6T76BC594xcuNsx4oY,孟化医学在线,1年前
#减脂 也得根据自己的情况选对方法，不盲听盲从#诊室日常 只有一个号，请大家睁大你们的卡姿兰大眼睛注意识别,https://www.douyin.com/video/7011695589880630565,4.8w,01:00,https://www.douyin.com/user/MS4wLjABAAAAspZc2xPSB4MKCpCK0DOGDMa3pqVqn0QfixMB6u26uxg,童医生叫你减肥啦！,2月前
器械不够长，根本够不到阿~#肥胖 #减重代谢手术 ,https://www.douyin.com/video/6982927008632245512,1197,00:27,https://www.douyin.com/user/MS4wLjABAAAA2uebU1ZNTDQCJQKB-4_kVNsoYU1HQ_FpRM6totQj6Og,减重代谢手术喜哥,5月前
脂肪肝很常见，你还在大吃大喝吗？ #脂肪肝  #肥胖 ,https://www.douyin.com/video/6976077566046244132,1695,00:41,https://www.douyin.com/user/MS4wLjABAAAA2uebU1ZNTDQCJQKB-4_kVNsoYU1HQ_FpRM6totQj6Og,减重代谢手术喜哥,5月前
肥胖引起的#脂肪肝原来长这样...#减重 #减肥 ,https://www.douyin.com/video/7023307271975259396,9230,00:29,https://www.douyin.com/user/MS4wLjABAAAAPD-34FUKu_zm9BTz92k0i1l7b_7G9IsmuyrGae663w4,张建成,1月前
不吃晚饭为减肥 小心摊上脂肪肝@DOU+小助手 @抖音小助手,https://www.douyin.com/video/6892730287277509901,4613,00:57,https://www.douyin.com/user/MS4wLjABAAAA9BoUj5V8BAnPRzyewUVbTcEA_OIcucBkmfDFNBqKTJY,lntv健康一身轻,1年前
大量吃脂肪也能瘦？带你了解什么是生酮减肥法#减肥 #健康 #科普 #减脂,https://www.douyin.com/video/6931640899030027531,86,00:32,https://www.douyin.com/user/MS4wLjABAAAAouN7YikKm1ugKs3TugNDyqNZmebUSC-CaR0D9JyuBkposXPR9qiWI5OSULIERuhf,暨南减重董志勇,9月前
体重指数43.9，重度肥胖。#肥胖 #减重代谢手术 #健康中国 ，远离肥胖！@抖音小助手,https://www.douyin.com/video/6857448328947354883,176,00:14,https://www.douyin.com/user/MS4wLjABAAAA2uebU1ZNTDQCJQKB-4_kVNsoYU1HQ_FpRM6totQj6Og,减重代谢手术喜哥,1年前
,,52,00:39,https://www.douyin.com/user/MS4wLjABAAAAE6N2Ua7sC3oYFBtJWdnF0hLh5nXhoDGQcIhLCawqKaw-0bxdKrj5zWHkyytAOISu,内分泌科史双伟,11月前
身体#肥胖 ，当心疾病找上门#减肥 #肾病 ,https://www.douyin.com/video/6991591327796350239,140,01:01,https://www.douyin.com/user/MS4wLjABAAAA9YB0cOXBawlN_SN1HBsx7dBjomvz8nX1Se4EwHQ6zkmHGknDJ-XByOsZIFmbyw7J,赵新菊,4月前
大吃大喝后如何防止脂肪堆积呢？  @减重代谢外科罗衡桂教授  @震洋健康,https://www.douyin.com/video/6857415163407011086,291,00:20,https://www.douyin.com/user/MS4wLjABAAAAyzLdFACZ65_5sRAn4UnbbiOMhepE0afa1-7Mb7ZGl4q1SpaGr4Ddy22zpu4MwbOa,普外科张医生,1年前
肥胖症属于什么疾病,https://www.douyin.com/video/6967278633576598798,0,01:13,https://www.douyin.com/user/MS4wLjABAAAAau0ZwINgBOBhiQkH2-b9NnKtRU3xTpDRAfPBWMunVHk,尚医健康,2年前
减肥中早餐应该怎么吃#涨知识 #减肥 #科普 #早餐 @抖音小助手,https://www.douyin.com/video/6967983595143073055,2.7w,01:39,https://www.douyin.com/user/MS4wLjABAAAAFGjc-yWHSxgrY900fcAXhFGnPj4OThBhCrv5XNcr_As,医学减重专家陈伟,6月前
减肉太快，也容易摊上小问题,https://www.douyin.com/video/6973569145585650958,2.2w,00:56,https://www.douyin.com/user/MS4wLjABAAAA9BoUj5V8BAnPRzyewUVbTcEA_OIcucBkmfDFNBqKTJY,lntv健康一身轻,5月前
现在#素食主义 盛行，那么为什么很多食素者同样会得#脂肪肝 呢？#肝病专家 @南方健康,https://www.douyin.com/video/6958767134344236329,177,00:53,https://www.douyin.com/user/MS4wLjABAAAApOJxHWN7BC79Ed9dtkpgHuCiPD7G3cG85Th1pwdDbeLxG7DpZqrmIzPXPGfoPGDn,李蕴铷,7月前
减肥过快，也会诱发脂肪肝 #脂肪肝 #减肥减肥 #涨知识 ,https://www.douyin.com/video/7006330643894291751,1144,00:56,https://www.douyin.com/user/MS4wLjABAAAAoSxHz7HhhQhEQEu3NOycuz6vfG44y0YR2ZBTxx0QT7nStEJgLri2cFFndnmjTb_F,听我说血糖,3月前
为什么中年女性很容易肥胖？#减重 #减脂,https://www.douyin.com/video/6940454840782949645,662,00:54,https://www.douyin.com/user/MS4wLjABAAAAqfHkuBx3PzTA_hVwBg0Gl2t9UHcc4Z0TRttQMMIx_JA,减重专家徐东升医生,8月前
肥胖是一种营养不良性疾病吗？  @震洋健康,https://www.douyin.com/video/6855201355322264846,109,00:44,https://www.douyin.com/user/MS4wLjABAAAAyzLdFACZ65_5sRAn4UnbbiOMhepE0afa1-7Mb7ZGl4q1SpaGr4Ddy22zpu4MwbOa,普外科张医生,1年前
医学营养减重帮您在减肥的道路上少走弯路#涨知识 #减肥 #科普 #dou出新知 @抖音小助手 ,https://www.douyin.com/video/6982110446547471655,9486,00:27,https://www.douyin.com/user/MS4wLjABAAAAFGjc-yWHSxgrY900fcAXhFGnPj4OThBhCrv5XNcr_As,医学减重专家陈伟,5月前
影响脂肪填充成活率的因素有哪些? #脂肪  #医学科普  #健康真相官,https://www.douyin.com/video/6900814407664717064,9,00:40,https://www.douyin.com/user/MS4wLjABAAAARlCB3mC-RTLLTPmMepWXs5hKty47hBkzp-MXi1uKTy75ouMUzRvRFRUVPbVbrEEa,整形医生齐红莉,1年前
"分享一个优秀粉丝的#170斤案例鼓励一下大家,行动的人已经#瘦下来了,你还在等什么?#变美 ",https://www.douyin.com/video/7024455858293624097,1498,00:11,https://www.douyin.com/user/MS4wLjABAAAAtR1VByr38eMGQiWv-7e1tnX5sI9FIXcaMFH8KspuTq5lrTlp9kMpcn4zH9s7N9RS,肥胖与代谢科李辉主任（直播中）,1月前
#轻断食 所具有的好处超过你的想象#减肥 #辟谷#糖尿病,https://www.douyin.com/video/6858162209034390784,6439,00:31,https://www.douyin.com/user/MS4wLjABAAAA-9RDtCKbgT40O0R-oBSbhHvdCKTKcYXNXcr-cYh_4kmwZUZXuU9TWXQrTTrrfyf_,马欣教授,1年前
今天跟大家聊一聊女性30岁后如何燃烧脂肪成功减重？#30岁 #减肥#医学科普 ,https://www.douyin.com/video/6994754323867585799,1651,01:19,https://www.douyin.com/user/MS4wLjABAAAAtR1VByr38eMGQiWv-7e1tnX5sI9FIXcaMFH8KspuTq5lrTlp9kMpcn4zH9s7N9RS,肥胖与代谢科李辉主任（直播中）,4月前
肚子大，四肢瘦的苹果身材看过来，内脏脂肪该清理了 #减肥  #医学科普  #大肚楠  #内脏脂肪,https://www.douyin.com/video/6955737060804136206,5849,00:47,https://www.douyin.com/user/MS4wLjABAAAAtR1VByr38eMGQiWv-7e1tnX5sI9FIXcaMFH8KspuTq5lrTlp9kMpcn4zH9s7N9RS,肥胖与代谢科李辉主任（直播中）,7月前
脂肪肝有什么危害呢？  @震洋健康   #暑期知识大作战,https://www.douyin.com/video/6871957546521939208,68,01:03,https://www.douyin.com/user/MS4wLjABAAAAyzLdFACZ65_5sRAn4UnbbiOMhepE0afa1-7Mb7ZGl4q1SpaGr4Ddy22zpu4MwbOa,普外科张医生,1年前
#3d动画演示你的肚子是怎么#脂肪堆积胖起来的#医学科普 #涨知识 ,https://www.douyin.com/video/7018477925146053896,211,00:14,https://www.douyin.com/user/MS4wLjABAAAAbaSw8FCL74q1KYv1p0JGbHKA3LLTOyNw7l3CgAZjiByBYOTQl9JLKvLoPl5vsxDE,甲状腺医生王占荣,1月前
今天给大家讲讲什么是#红胖子 记得点赞收藏哦！#健康科普 #肥胖原因,https://www.douyin.com/video/7003656787207523591,27,00:46,https://www.douyin.com/user/MS4wLjABAAAANRggRNeQWzsUt8op-I5wuqEfTM3ZeHkCtcC7b91iIVhK5f5APdFgh1e7lqQZU6PB,元宾话健康,3月前
压力月半怎么瘦下来，有两点建议 #压力  #健康科普  #减肥,https://www.douyin.com/video/6965792901724933407,1880,00:38,https://www.douyin.com/user/MS4wLjABAAAAtR1VByr38eMGQiWv-7e1tnX5sI9FIXcaMFH8KspuTq5lrTlp9kMpcn4zH9s7N9RS,肥胖与代谢科李辉主任（直播中）,6月前
血脂高了可以多吃主食吗？#血脂 #血脂高 #主食 #健康dou起来 #健康小知识,https://www.douyin.com/video/6881094214977899791,213,01:05,https://www.douyin.com/user/MS4wLjABAAAAbu6IlXnInbzcMl2efNmegiWUrOXeUQi6vIgh3pXyTa4,凤凰大健康,1年前
体重正常，肚子却很大，那可能是腹型肥胖 #我为医者 #减肥 #袖状胃#健康,https://www.douyin.com/video/6847303053213797645,1620,00:57,https://www.douyin.com/user/MS4wLjABAAAAPjEMcBcE1Tf84nDeaem5ecVuT0vhn4uqj3zBEeHVZl0,减重外科姚琪远主任,1年前
减30回50，减40回60，体重越减越大，你遇到过吗？什么原因知道吗？今天来告诉您。#减重手术 ,https://www.douyin.com/video/7033667572662914316,405,00:46,https://www.douyin.com/user/MS4wLjABAAAAKPaaexAufLUJg8THbc-nEQLLL6T76BC594xcuNsx4oY,孟化医学在线,2周前
痛风患者运动以后饮食更要注意了#健康真相官 #痛风 #运动 @抖音小助手,https://www.douyin.com/video/6908996377821367560,662,00:29,https://www.douyin.com/user/MS4wLjABAAAAlsWHofCvT21jmrMCj9sM06XrNtIBPnjWQUKZ0YMQlCo5j1pVsl_1CXhsiG0Fvve7,于振宣,11月前
谨慎选择脂肪填充，理性看待脂肪填充，降低对脂肪填充的期望值#脂肪填充 #涨知识  @徐扬阳生活号 ,https://www.douyin.com/video/6981724225274957070,92,00:18,https://www.douyin.com/user/MS4wLjABAAAAIyntXQW5prS3875me49fEGWyUNYBCH0YuqOewkGa6u351lVi5VxdRTzTwlsMiOYU,脂肪教授徐扬阳,5月前
低密度脂蛋白胆固醇到底是什么？该怎么降低呢？#低密度脂蛋白 #健康知识 #医学科普 #血管健康 ,https://www.douyin.com/video/7029135471317961992,2.3w,01:09,https://www.douyin.com/user/MS4wLjABAAAAcidAWIRr4S8-Zp9ciCViwv7p9IYrmyMIHHY9xQkMlUD500YbUccWweX6w3UOSE9e,心内科许国磊主任,1月前
减重过程中，饮水很重要#减重手术 #昆明减重代谢手术,https://www.douyin.com/video/7009113384918584579,42,01:03,https://www.douyin.com/user/MS4wLjABAAAAaxsaGq9v8EV2iCc8j9AS5l-DLJHV-OowGk6vUfsGUgLpgpGxosfKuqN2Q1Oay5eY,减重代谢专家 尹剑辉,2月前
#多囊#减肥8公斤，你们觉得难吗？！小小年纪，青春无敌，万事不难！#刘义医生,https://www.douyin.com/video/6906775475734039822,17.9w,00:21,https://www.douyin.com/user/MS4wLjABAAAAetrO0o45zw6xC5TlNDZo_yOaZ5JLfc5Gh_DZTX7nGts,妇产科刘义,11月前
造成发育迟缓、智力低下的48种遗传代谢病是哪些？该怎么治疗？,https://www.douyin.com/video/6967284874935897358,182,03:30,https://www.douyin.com/user/MS4wLjABAAAAau0ZwINgBOBhiQkH2-b9NnKtRU3xTpDRAfPBWMunVHk,尚医健康,3年前
吃的不多，为什么越来越重,https://www.douyin.com/video/6907191493270785283,2616,02:18,https://www.douyin.com/user/MS4wLjABAAAAz3Pfv4BAzJFcKE7y08EIrLPnirQiBZGNr9gp-j226sr0zNxezV5Fq-VA4uqS4IvB,赵彦鹏医生,11月前
10月28日今天晚上8：30#直播，想SO的朋友快来#多囊 #胰岛素抵抗 #180斤 @减肥营养师小君 ,https://www.douyin.com/video/7024055413662436622,3754,00:38,https://www.douyin.com/user/MS4wLjABAAAAtR1VByr38eMGQiWv-7e1tnX5sI9FIXcaMFH8KspuTq5lrTlp9kMpcn4zH9s7N9RS,肥胖与代谢科李辉主任（直播中）,1月前
肥胖的危害，你真的知道吗？#健康  #肥胖 #健康养生 #涨知识 #科普,https://www.douyin.com/video/6932022416134786311,71,02:17,https://www.douyin.com/user/MS4wLjABAAAAZmTvelPbmrr34t12AEi7yFYJT_4uWj8wy8rcoMw7zXw,暨南减重王存川教授,9月前
疫情期间，如何减肥？#减肥小知识 #减重 #每天坚持锻炼身体增强免疫力 #哈尔滨减重 #减肥 #健康 #减脂,https://www.douyin.com/video/6920899137961463055,64,01:27,https://www.douyin.com/user/MS4wLjABAAAAqfHkuBx3PzTA_hVwBg0Gl2t9UHcc4Z0TRttQMMIx_JA,减重专家徐东升医生,10月前
你知道可能与“胖”相关的妇科疾B吗？夏天到了，赶紧甩掉臃肿的肥肉吧！你准备好了吗？#肥胖 #健康,https://www.douyin.com/video/6964566999993224456,292,00:50,https://www.douyin.com/user/MS4wLjABAAAAv1h1Vixtx_H9j_poDGKVl0sId5YYlRGuXGKVnRlVwuEnoSthP1Kr4y_rJ5B7UmF7,王慧鸽医生,6月前
了解什么是反式脂肪酸，让你更健康！,https://www.douyin.com/video/6984993207180430605,9636,03:07,https://www.douyin.com/user/MS4wLjABAAAAg4HiHGVNog9-f0_irormVfHzYVF0_P4IqaVbAJIn83U7XtdqUG1yl7G-Y6x1qAP0,北京妇产医院刘勇,4月前
超级肥胖的麻醉是整个治疗过程的重中之重！#肥胖 #减重代谢手术 健康中国，远离肥胖！,https://www.douyin.com/video/6849564799626480908,264,00:53,https://www.douyin.com/user/MS4wLjABAAAA2uebU1ZNTDQCJQKB-4_kVNsoYU1HQ_FpRM6totQj6Og,减重代谢手术喜哥,1年前
#脂肪肝 可以通过手术处理吗？#减重手术 #医学科普 @DOU+小助手 ,https://www.douyin.com/video/6985011912899693857,2301,00:36,https://www.douyin.com/user/MS4wLjABAAAA4DNLulO6SQlIwEV5TiDaXGBEVKow8n6lUCQmCdyA1LUPpaIxdUROTOmsgfN7ctuf,减重代谢温较瘦,4月前
脂肪肝是怎么形成的#健康科普 #涨知识 @震洋健康 @中医李山山医生 ,https://www.douyin.com/video/7002942508791516453,241,00:44,https://www.douyin.com/user/MS4wLjABAAAArWi_6u4q1mrx7nU_9z_PGOIkYspZFdc8kCxarF03Vj4,中医谢永亮医生,3月前
什么是脂肪G？@震洋健康 #医学科普 ,https://www.douyin.com/video/6988417787056164103,141,00:39,https://www.douyin.com/user/MS4wLjABAAAArSyaArOX77OGs_xlNTDp_0TPGvjsZp6U3zhoPVR_Qis,心血管内科王磊医生,4月前
【康博士健康问答】飞蚊症需要治疗吗？为什么吃素也会得脂肪肝？#医学小知识 #医学科普,https://www.douyin.com/video/6862206900520455439,1,00:51,https://www.douyin.com/user/MS4wLjABAAAAEu0aX8n8fCzi8ac375yBz71RSVCUWYOy0Z8ALL9CfiY,健康咨询报,1年前
什么是高蛋白减肥法  #减肥 #高蛋白 #营养均衡 @抖音小助手,https://www.douyin.com/video/6962350861616024846,26.2w,01:54,https://www.douyin.com/user/MS4wLjABAAAAFGjc-yWHSxgrY900fcAXhFGnPj4OThBhCrv5XNcr_As,医学减重专家陈伟,6月前
"郑州的小孔21岁，身高180，体重116kg，伴随呼吸暂停，黑棘皮'B, 今天蜕变开始，祝福他#健康真相官",https://www.douyin.com/video/6906802639598619916,323,00:15,https://www.douyin.com/user/MS4wLjABAAAA2uebU1ZNTDQCJQKB-4_kVNsoYU1HQ_FpRM6totQj6Og,减重代谢手术喜哥,11月前
300斤胖友的脂肪肝居然长这样！#医学科普 #健康科普  #减重手术   #脂肪肝  #肥胖 ,https://www.douyin.com/video/6979524086217051423,1394,00:20,https://www.douyin.com/user/MS4wLjABAAAAe0QobdTCbDnCnQn3jSOxQZHk_HkTw4yOGdWArfSvqTo,减重降糖专家丁印鲁医生,5月前
减重期间补充蛋白粉会减慢减重速度吗？@南方健康,https://www.douyin.com/video/6797626007336520971,616,00:55,https://www.douyin.com/user/MS4wLjABAAAA2uebU1ZNTDQCJQKB-4_kVNsoYU1HQ_FpRM6totQj6Og,减重代谢手术喜哥,1年前
重度月巴月半评论区集合，马上#减肥 成功#减肥逆袭 ,https://www.douyin.com/video/7030667347673337120,1040,00:57,https://www.douyin.com/user/MS4wLjABAAAAspZc2xPSB4MKCpCK0DOGDMa3pqVqn0QfixMB6u26uxg,童医生叫你减肥啦！,3周前
晚餐怎么吃#科普 #21天减肥计划 #减肥 #医学减重 #目标 #饮食 @抖音小助手,https://www.douyin.com/video/6969494583570992398,1.9w,01:55,https://www.douyin.com/user/MS4wLjABAAAAFGjc-yWHSxgrY900fcAXhFGnPj4OThBhCrv5XNcr_As,医学减重专家陈伟,6月前
这位超级超级肥胖的胖友，过来时已经无法正常行走。#减重手术 #减肥,https://www.douyin.com/video/6970891526893358344,1273,00:34,https://www.douyin.com/user/MS4wLjABAAAAWQD4QrP__13V0bq9C0WqS279DEMPtocBxrFGrptb8mWkAwpiHOdtR8zELxrugPM3,医学减重专家刘雁军,6月前
你对#低密度脂蛋白 了解多少？有关它的知识都在这里了，请查收！#涨知识 #鲁卫星  ,https://www.douyin.com/video/7030668001783434510,1.2w,00:46,https://www.douyin.com/user/MS4wLjABAAAAMh0IAsKTcPFEF8lKOFmKcm6QYAF9pL7hpDOm4PUOyMLtF1a_MfDeIdxYG4WdNK1Y,鲁卫星教授,3周前
#肚子大 #内脏脂肪高 #涨知识了 ,https://www.douyin.com/video/7031452336165866784,1.2w,01:12,https://www.douyin.com/user/MS4wLjABAAAAtR1VByr38eMGQiWv-7e1tnX5sI9FIXcaMFH8KspuTq5lrTlp9kMpcn4zH9s7N9RS,肥胖与代谢科李辉主任（直播中）,3周前